refYear,product,flow,reporterCode,reporter,value_usd
2010,Gaseous NG (271121),Export,12,Algeria,10599424686.935
2010,Gaseous NG (271121),Export,32,Argentina,215825026.64
2010,Gaseous NG (271121),Export,36,Australia,27687.95
2010,Gaseous NG (271121),Export,51,Armenia,14101111.79
2010,Gaseous NG (271121),Export,56,Belgium,6209022539.674
2010,Gaseous NG (271121),Export,68,Bolivia,2797774138.55
2010,Gaseous NG (271121),Export,72,Botswana,13588.713
2010,Gaseous NG (271121),Export,96,Brunei Darussalam,9.999
2010,Gaseous NG (271121),Export,100,Bulgaria,71468.473
2010,Gaseous NG (271121),Export,124,Canada,14837753937.057001
2010,Gaseous NG (271121),Export,156,China,817183422.0
2010,Gaseous NG (271121),Export,170,Colombia,18220524.05
2010,Gaseous NG (271121),Export,191,Croatia,171859353.0
2010,Gaseous NG (271121),Export,203,Czechia,509522163.049
2010,Gaseous NG (271121),Export,214,Dominican Republic,48000.0
2010,Gaseous NG (271121),Export,251,France and Monaco,1527359856.839
2010,Gaseous NG (271121),Export,270,Gambia,22496.509
2010,Gaseous NG (271121),Export,276,Germany,5317505078.068
2010,Gaseous NG (271121),Export,372,Ireland,455.862
2010,Gaseous NG (271121),Export,380,Italy,241800885.879
2010,Gaseous NG (271121),Export,392,Japan,295249.396
2010,Gaseous NG (271121),Export,398,Kazakhstan,850560548.42
2010,Gaseous NG (271121),Export,442,Luxembourg,114.158
2010,Gaseous NG (271121),Export,454,Malawi,723.599
2010,Gaseous NG (271121),Export,484,Mexico,180985990.0
2010,Gaseous NG (271121),Export,554,New Zealand,7365.802
2010,Gaseous NG (271121),Export,579,Norway,25706541882.485
2010,Gaseous NG (271121),Export,604,Peru,1479.9
2010,Gaseous NG (271121),Export,688,Serbia,2635.0
2010,Gaseous NG (271121),Export,710,South Africa,894539.485
2010,Gaseous NG (271121),Export,724,Spain,67339117.02000001
2010,Gaseous NG (271121),Export,748,Eswatini,98.185
2010,Gaseous NG (271121),Export,752,Sweden,1074.902
2010,Gaseous NG (271121),Export,757,Switzerland,2860.993
2010,Gaseous NG (271121),Export,764,Thailand,4700.0
2010,Gaseous NG (271121),Export,792,Turkey,39780951.0
2010,Gaseous NG (271121),Export,804,Ukraine,2023060.0
2010,Gaseous NG (271121),Export,826,United Kingdom,3365556811.755
2010,Gaseous NG (271121),Export,842,United States of America,3848917984.0
2010,Gaseous NG (271121),Export,894,Zambia,20952.618
2010,Gaseous NG (271121),Import,28,Antigua and Barbuda,152.363
2010,Gaseous NG (271121),Import,32,Argentina,297610603.83
2010,Gaseous NG (271121),Import,36,Australia,1597232174.7380002
2010,Gaseous NG (271121),Import,51,Armenia,335263372.79
2010,Gaseous NG (271121),Import,56,Belgium,9810973694.57
2010,Gaseous NG (271121),Import,70,Bosnia and Herzegovina,94037080.452
2010,Gaseous NG (271121),Import,72,Botswana,171239.032
2010,Gaseous NG (271121),Import,76,Brazil,2287441855.0
2010,Gaseous NG (271121),Import,84,Belize,34.85
2010,Gaseous NG (271121),Import,96,Brunei Darussalam,22219.272
2010,Gaseous NG (271121),Import,100,Bulgaria,812144926.376
2010,Gaseous NG (271121),Import,124,Canada,3052694359.423
2010,Gaseous NG (271121),Import,152,Chile,189922582.39000002
2010,Gaseous NG (271121),Import,156,China,993003705.0
2010,Gaseous NG (271121),Import,174,Comoros,935.4749999999999
2010,Gaseous NG (271121),Import,191,Croatia,319156037.0
2010,Gaseous NG (271121),Import,203,Czechia,3338819764.415
2010,Gaseous NG (271121),Import,233,Estonia,208560209.448
2010,Gaseous NG (271121),Import,246,Finland,1322135383.039
2010,Gaseous NG (271121),Import,251,France and Monaco,12157304953.496
2010,Gaseous NG (271121),Import,268,Georgia,149275905.0
2010,Gaseous NG (271121),Import,275,State of Palestine,16185.181
2010,Gaseous NG (271121),Import,276,Germany,31564020242.197998
2010,Gaseous NG (271121),Import,300,Greece,1046779275.308
2010,Gaseous NG (271121),Import,344,China Hong Kong,846866210.379
2010,Gaseous NG (271121),Import,348,Hungary,2843013068.792
2010,Gaseous NG (271121),Import,364,Iran,10005.97
2010,Gaseous NG (271121),Import,372,Ireland,1415591483.013
2010,Gaseous NG (271121),Import,376,Israel,325034000.0
2010,Gaseous NG (271121),Import,380,Italy,22840745155.367
2010,Gaseous NG (271121),Import,392,Japan,2552.914
2010,Gaseous NG (271121),Import,398,Kazakhstan,322131138.56
2010,Gaseous NG (271121),Import,400,Jordan,261650900.017
2010,Gaseous NG (271121),Import,426,Lesotho,21641.064000000002
2010,Gaseous NG (271121),Import,428,Latvia,473144146.64
2010,Gaseous NG (271121),Import,440,Lithuania,981076237.0
2010,Gaseous NG (271121),Import,442,Luxembourg,46729348.697000004
2010,Gaseous NG (271121),Import,454,Malawi,30686.308
2010,Gaseous NG (271121),Import,458,Malaysia,332525164.151
2010,Gaseous NG (271121),Import,484,Mexico,1363689259.0
2010,Gaseous NG (271121),Import,498,Republic of Moldova,297106843.0
2010,Gaseous NG (271121),Import,508,Mozambique,787.692
2010,Gaseous NG (271121),Import,586,Pakistan,1654.063
2010,Gaseous NG (271121),Import,604,Peru,6203.08
2010,Gaseous NG (271121),Import,620,Portugal,765801900.9530001
2010,Gaseous NG (271121),Import,642,Romania,746306368.725
2010,Gaseous NG (271121),Import,646,Rwanda,10156.71
2010,Gaseous NG (271121),Import,678,Sao Tome and Principe,2001.142
2010,Gaseous NG (271121),Import,688,Serbia,744494489.0
2010,Gaseous NG (271121),Import,703,Slovakia,2038383187.957
2010,Gaseous NG (271121),Import,705,Slovenia,440430450.7
2010,Gaseous NG (271121),Import,710,South Africa,4038.3460000000005
2010,Gaseous NG (271121),Import,716,Zimbabwe,153539.8
2010,Gaseous NG (271121),Import,724,Spain,2897592128.472
2010,Gaseous NG (271121),Import,748,Eswatini,629297.019
2010,Gaseous NG (271121),Import,752,Sweden,495907512.005
2010,Gaseous NG (271121),Import,757,Switzerland,1185594107.146
2010,Gaseous NG (271121),Import,764,Thailand,4700.0
2010,Gaseous NG (271121),Import,804,Ukraine,9392939740.0
2010,Gaseous NG (271121),Import,807,North Macedonia,42213301.29
2010,Gaseous NG (271121),Import,826,United Kingdom,6742546780.414
2010,Gaseous NG (271121),Import,842,United States of America,13711939551.0
2010,Gaseous NG (271121),Import,858,Uruguay,13866491.89
2010,Gaseous NG (271121),Import,894,Zambia,5177.9980000000005
2010,LNG (271111),Export,12,Algeria,6827683532.636
2010,LNG (271111),Export,32,Argentina,330.0
2010,LNG (271111),Export,51,Armenia,64.44
2010,LNG (271111),Export,56,Belgium,114845130.941
2010,LNG (271111),Export,72,Botswana,42717.726
2010,LNG (271111),Export,96,Brunei Darussalam,3286942318.501
2010,LNG (271111),Export,191,Croatia,535799.0
2010,LNG (271111),Export,208,Denmark,9256.56
2010,LNG (271111),Export,214,Dominican Republic,13819.69
2010,LNG (271111),Export,246,Finland,7592379.184
2010,LNG (271111),Export,251,France and Monaco,49274.611000000004
2010,LNG (271111),Export,364,Iran,326345.99
2010,LNG (271111),Export,372,Ireland,976.081
2010,LNG (271111),Export,380,Italy,347191985.69
2010,LNG (271111),Export,384,Côte d'Ivoire,4143.829
2010,LNG (271111),Export,398,Kazakhstan,17283677.0
2010,LNG (271111),Export,404,Kenya,12515.148
2010,LNG (271111),Export,442,Luxembourg,887.494
2010,LNG (271111),Export,458,Malaysia,11870309481.601
2010,LNG (271111),Export,470,Malta,7585.515
2010,LNG (271111),Export,480,Mauritius,82.078
2010,LNG (271111),Export,484,Mexico,612.0
2010,LNG (271111),Export,508,Mozambique,133830439.997
2010,LNG (271111),Export,554,New Zealand,177886.487
2010,LNG (271111),Export,579,Norway,797930465.689
2010,LNG (271111),Export,586,Pakistan,599.784
2010,LNG (271111),Export,604,Peru,283536652.18
2010,LNG (271111),Export,620,Portugal,884543.541
2010,LNG (271111),Export,690,Seychelles,1091.869
2010,LNG (271111),Export,703,Slovakia,446293729.971
2010,LNG (271111),Export,705,Slovenia,26.943
2010,LNG (271111),Export,710,South Africa,15658832.969999999
2010,LNG (271111),Export,724,Spain,10640324.434
2010,LNG (271111),Export,748,Eswatini,15031.607
2010,LNG (271111),Export,752,Sweden,32059.800000000003
2010,LNG (271111),Export,757,Switzerland,16071.511999999999
2010,LNG (271111),Export,764,Thailand,2165.0
2010,LNG (271111),Export,780,Trinidad and Tobago,158641214.774
2010,LNG (271111),Export,792,Turkey,9485.0
2010,LNG (271111),Export,804,Ukraine,7344.3099999999995
2010,LNG (271111),Export,818,Egypt,1981707391.459
2010,LNG (271111),Export,826,United Kingdom,1311714.844
2010,LNG (271111),Export,834,Tanzania,298691135.3
2010,LNG (271111),Export,842,United States of America,639275530.0
2010,LNG (271111),Export,854,Burkina Faso,2653.608
2010,LNG (271111),Import,12,Algeria,2558.666
2010,LNG (271111),Import,32,Argentina,499006136.52
2010,LNG (271111),Import,36,Australia,3615.96
2010,LNG (271111),Import,56,Belgium,1628961995.8240001
2010,LNG (271111),Import,70,Bosnia and Herzegovina,1348549.435
2010,LNG (271111),Import,72,Botswana,4316628.103
2010,LNG (271111),Import,76,Brazil,834142930.0
2010,LNG (271111),Import,96,Brunei Darussalam,92772.946
2010,LNG (271111),Import,108,Burundi,15228042.311
2010,LNG (271111),Import,124,Canada,335354256.38600004
2010,LNG (271111),Import,152,Chile,1015182568.0699999
2010,LNG (271111),Import,156,China,3017483278.0
2010,LNG (271111),Import,170,Colombia,733.82
2010,LNG (271111),Import,174,Comoros,455.909
2010,LNG (271111),Import,214,Dominican Republic,126841907.35
2010,LNG (271111),Import,218,Ecuador,952.1
2010,LNG (271111),Import,233,Estonia,394.853
2010,LNG (271111),Import,246,Finland,334199.436
2010,LNG (271111),Import,251,France and Monaco,4338244550.67
2010,LNG (271111),Import,270,Gambia,3255.689
2010,LNG (271111),Import,275,State of Palestine,219823710.57
2010,LNG (271111),Import,300,Greece,124028740.20199999
2010,LNG (271111),Import,348,Hungary,1984.223
2010,LNG (271111),Import,352,Iceland,151.861
2010,LNG (271111),Import,372,Ireland,6472.781
2010,LNG (271111),Import,376,Israel,2000.0
2010,LNG (271111),Import,380,Italy,3006111898.837
2010,LNG (271111),Import,384,Côte d'Ivoire,157492.546
2010,LNG (271111),Import,392,Japan,39337977235.459
2010,LNG (271111),Import,398,Kazakhstan,19237.0
2010,LNG (271111),Import,400,Jordan,179406709.507
2010,LNG (271111),Import,426,Lesotho,11145910.244
2010,LNG (271111),Import,428,Latvia,20608.216
2010,LNG (271111),Import,442,Luxembourg,37381.455
2010,LNG (271111),Import,454,Malawi,109922.69900000001
2010,LNG (271111),Import,458,Malaysia,9584.445
2010,LNG (271111),Import,470,Malta,7055.704
2010,LNG (271111),Import,480,Mauritius,109.103
2010,LNG (271111),Import,484,Mexico,949747636.0
2010,LNG (271111),Import,504,Morocco,12151066.79
2010,LNG (271111),Import,508,Mozambique,82189.325
2010,LNG (271111),Import,533,Aruba,71.508
2010,LNG (271111),Import,540,New Caledonia,579.894
2010,LNG (271111),Import,554,New Zealand,80193.019
2010,LNG (271111),Import,579,Norway,2406824.348
2010,LNG (271111),Import,620,Portugal,747931944.474
2010,LNG (271111),Import,646,Rwanda,420344.469
2010,LNG (271111),Import,688,Serbia,3329.0
2010,LNG (271111),Import,690,Seychelles,29384.174
2010,LNG (271111),Import,703,Slovakia,381009556.155
2010,LNG (271111),Import,705,Slovenia,3116.2070000000003
2010,LNG (271111),Import,710,South Africa,175525124.622
2010,LNG (271111),Import,716,Zimbabwe,120073.93000000001
2010,LNG (271111),Import,724,Spain,7244330253.228
2010,LNG (271111),Import,736,Former Sudan,1115.178
2010,LNG (271111),Import,748,Eswatini,1308144.808
2010,LNG (271111),Import,752,Sweden,13354028.821
2010,LNG (271111),Import,757,Switzerland,1867.975
2010,LNG (271111),Import,764,Thailand,2165.0
2010,LNG (271111),Import,780,Trinidad and Tobago,4608.34
2010,LNG (271111),Import,807,North Macedonia,283.13
2010,LNG (271111),Import,826,United Kingdom,3855142486.238
2010,LNG (271111),Import,834,Tanzania,603970.0
2010,LNG (271111),Import,842,United States of America,2563248318.0
2010,LNG (271111),Import,854,Burkina Faso,92327.713
2010,LNG (271111),Import,894,Zambia,5730.7880000000005
2011,Gaseous NG (271121),Export,12,Algeria,13379984082.821001
2011,Gaseous NG (271121),Export,32,Argentina,130650372.32000001
2011,Gaseous NG (271121),Export,36,Australia,23220.555
2011,Gaseous NG (271121),Export,51,Armenia,13786673.5
2011,Gaseous NG (271121),Export,56,Belgium,8468719076.736
2011,Gaseous NG (271121),Export,68,Bolivia,3884883593.31
2011,Gaseous NG (271121),Export,70,Bosnia and Herzegovina,2112.0
2011,Gaseous NG (271121),Export,72,Botswana,5180.378000000001
2011,Gaseous NG (271121),Export,96,Brunei Darussalam,4630.77
2011,Gaseous NG (271121),Export,104,Myanmar,3514409458.29
2011,Gaseous NG (271121),Export,124,Canada,14663070215.403
2011,Gaseous NG (271121),Export,156,China,726885603.0
2011,Gaseous NG (271121),Export,191,Croatia,115030249.0
2011,Gaseous NG (271121),Export,203,Czechia,639268260.05
2011,Gaseous NG (271121),Export,214,Dominican Republic,199.98
2011,Gaseous NG (271121),Export,251,France and Monaco,2853005265.586
2011,Gaseous NG (271121),Export,276,Germany,9626863932.184
2011,Gaseous NG (271121),Export,344,China Hong Kong,25365.469
2011,Gaseous NG (271121),Export,380,Italy,356890791.644
2011,Gaseous NG (271121),Export,392,Japan,209869.606
2011,Gaseous NG (271121),Export,398,Kazakhstan,2416978014.62
2011,Gaseous NG (271121),Export,442,Luxembourg,2012.812
2011,Gaseous NG (271121),Export,484,Mexico,18372889.0
2011,Gaseous NG (271121),Export,508,Mozambique,14738000.0
2011,Gaseous NG (271121),Export,554,New Zealand,1199.497
2011,Gaseous NG (271121),Export,579,Norway,34309041812.035
2011,Gaseous NG (271121),Export,604,Peru,7322.679999999999
2011,Gaseous NG (271121),Export,688,Serbia,6937.0
2011,Gaseous NG (271121),Export,699,India,123093.918
2011,Gaseous NG (271121),Export,702,Singapore,131919.0
2011,Gaseous NG (271121),Export,710,South Africa,820195.375
2011,Gaseous NG (271121),Export,716,Zimbabwe,14075.8
2011,Gaseous NG (271121),Export,724,Spain,64955292.184
2011,Gaseous NG (271121),Export,748,Eswatini,8038.3009999999995
2011,Gaseous NG (271121),Export,752,Sweden,2650209.97
2011,Gaseous NG (271121),Export,757,Switzerland,7754.3150000000005
2011,Gaseous NG (271121),Export,764,Thailand,3750.0
2011,Gaseous NG (271121),Export,780,Trinidad and Tobago,567.423
2011,Gaseous NG (271121),Export,807,North Macedonia,121.114
2011,Gaseous NG (271121),Export,826,United Kingdom,4985932349.194
2011,Gaseous NG (271121),Export,842,United States of America,5454382538.0
2011,Gaseous NG (271121),Import,12,Algeria,56673.123999999996
2011,Gaseous NG (271121),Import,32,Argentina,564542513.52
2011,Gaseous NG (271121),Import,36,Australia,2048412637.147
2011,Gaseous NG (271121),Import,51,Armenia,407534713.59
2011,Gaseous NG (271121),Import,56,Belgium,12297942119.023
2011,Gaseous NG (271121),Import,70,Bosnia and Herzegovina,132265962.0
2011,Gaseous NG (271121),Import,72,Botswana,327228.429
2011,Gaseous NG (271121),Import,76,Brazil,2882540201.0
2011,Gaseous NG (271121),Import,96,Brunei Darussalam,77156.355
2011,Gaseous NG (271121),Import,100,Bulgaria,1059358346.946
2011,Gaseous NG (271121),Import,108,Burundi,21313.336
2011,Gaseous NG (271121),Import,112,Belarus,5308713100.0
2011,Gaseous NG (271121),Import,124,Canada,3751525716.582
2011,Gaseous NG (271121),Import,132,Cape Verde,1531.074
2011,Gaseous NG (271121),Import,152,Chile,79052303.92
2011,Gaseous NG (271121),Import,156,China,4651657891.0
2011,Gaseous NG (271121),Import,191,Croatia,393839642.0
2011,Gaseous NG (271121),Import,203,Czechia,3965192610.153
2011,Gaseous NG (271121),Import,212,Dominica,11.415
2011,Gaseous NG (271121),Import,233,Estonia,232787804.855
2011,Gaseous NG (271121),Import,246,Finland,1470647905.356
2011,Gaseous NG (271121),Import,251,France and Monaco,15558881106.861
2011,Gaseous NG (271121),Import,268,Georgia,222065181.0
2011,Gaseous NG (271121),Import,275,State of Palestine,63446.631
2011,Gaseous NG (271121),Import,276,Germany,45061614138.211
2011,Gaseous NG (271121),Import,288,Ghana,5196.988
2011,Gaseous NG (271121),Import,300,Greece,1273347862.421
2011,Gaseous NG (271121),Import,344,China Hong Kong,740693749.7739999
2011,Gaseous NG (271121),Import,348,Hungary,3053148977.485
2011,Gaseous NG (271121),Import,352,Iceland,401.392
2011,Gaseous NG (271121),Import,372,Ireland,1779946727.042
2011,Gaseous NG (271121),Import,376,Israel,123224000.0
2011,Gaseous NG (271121),Import,380,Italy,28875396711.377
2011,Gaseous NG (271121),Import,392,Japan,15488.2
2011,Gaseous NG (271121),Import,398,Kazakhstan,301255982.32
2011,Gaseous NG (271121),Import,400,Jordan,88300490.373
2011,Gaseous NG (271121),Import,417,Kyrgyzstan,165122967.0
2011,Gaseous NG (271121),Import,426,Lesotho,209826.041
2011,Gaseous NG (271121),Import,428,Latvia,517347603.596
2011,Gaseous NG (271121),Import,440,Lithuania,1440655753.0
2011,Gaseous NG (271121),Import,442,Luxembourg,54549540.593
2011,Gaseous NG (271121),Import,458,Malaysia,295970109.75
2011,Gaseous NG (271121),Import,484,Mexico,1966983317.0
2011,Gaseous NG (271121),Import,499,Montenegro,790.394
2011,Gaseous NG (271121),Import,508,Mozambique,5000.0
2011,Gaseous NG (271121),Import,528,Netherlands,2011289377.581
2011,Gaseous NG (271121),Import,540,New Caledonia,120.483
2011,Gaseous NG (271121),Import,566,Nigeria,6556.0
2011,Gaseous NG (271121),Import,586,Pakistan,8962.05
2011,Gaseous NG (271121),Import,604,Peru,2349.92
2011,Gaseous NG (271121),Import,620,Portugal,834143694.0040001
2011,Gaseous NG (271121),Import,642,Romania,1368155680.04
2011,Gaseous NG (271121),Import,646,Rwanda,5830.139
2011,Gaseous NG (271121),Import,688,Serbia,906718451.0
2011,Gaseous NG (271121),Import,690,Seychelles,12155.077
2011,Gaseous NG (271121),Import,702,Singapore,6096547930.0
2011,Gaseous NG (271121),Import,703,Slovakia,2250162480.934
2011,Gaseous NG (271121),Import,705,Slovenia,486516598.019
2011,Gaseous NG (271121),Import,710,South Africa,516.386
2011,Gaseous NG (271121),Import,716,Zimbabwe,239274.83000000002
2011,Gaseous NG (271121),Import,724,Spain,4609732439.196
2011,Gaseous NG (271121),Import,748,Eswatini,96447.84
2011,Gaseous NG (271121),Import,752,Sweden,577541290.094
2011,Gaseous NG (271121),Import,757,Switzerland,1517914108.8140001
2011,Gaseous NG (271121),Import,764,Thailand,1098105150.0
2011,Gaseous NG (271121),Import,780,Trinidad and Tobago,29665.018
2011,Gaseous NG (271121),Import,804,Ukraine,14046027610.0
2011,Gaseous NG (271121),Import,807,North Macedonia,62227853.191
2011,Gaseous NG (271121),Import,826,United Kingdom,6372518433.62
2011,Gaseous NG (271121),Import,842,United States of America,12880924778.0
2011,Gaseous NG (271121),Import,858,Uruguay,36659711.9
2011,Gaseous NG (271121),Import,894,Zambia,5522.2970000000005
2011,LNG (271111),Export,12,Algeria,6748110935.203
2011,LNG (271111),Export,36,Australia,10619219228.169
2011,LNG (271111),Export,52,Barbados,12.0
2011,LNG (271111),Export,56,Belgium,204050508.013
2011,LNG (271111),Export,72,Botswana,22543.856
2011,LNG (271111),Export,76,Brazil,29082540.0
2011,LNG (271111),Export,96,Brunei Darussalam,5572434071.583
2011,LNG (271111),Export,120,Cameroon,31625.726
2011,LNG (271111),Export,124,Canada,1086.662
2011,LNG (271111),Export,191,Croatia,509770.0
2011,LNG (271111),Export,204,Benin,71941.812
2011,LNG (271111),Export,214,Dominican Republic,155522.25
2011,LNG (271111),Export,246,Finland,6015542.988
2011,LNG (271111),Export,251,France and Monaco,56932.46599999999
2011,LNG (271111),Export,288,Ghana,76888.872
2011,LNG (271111),Export,300,Greece,1991623.95
2011,LNG (271111),Export,320,Guatemala,75.0
2011,LNG (271111),Export,380,Italy,20784925.78
2011,LNG (271111),Export,398,Kazakhstan,26100.0
2011,LNG (271111),Export,426,Lesotho,56114.135
2011,LNG (271111),Export,442,Luxembourg,689.0799999999999
2011,LNG (271111),Export,458,Malaysia,16294873396.512
2011,LNG (271111),Export,484,Mexico,24388061.0
2011,LNG (271111),Export,508,Mozambique,160874000.0
2011,LNG (271111),Export,554,New Zealand,12023.096
2011,LNG (271111),Export,566,Nigeria,5906837286.782
2011,LNG (271111),Export,579,Norway,1239000139.646
2011,LNG (271111),Export,604,Peru,1283509955.97
2011,LNG (271111),Export,620,Portugal,956803.952
2011,LNG (271111),Export,646,Rwanda,45418.771
2011,LNG (271111),Export,699,India,20486668.520999998
2011,LNG (271111),Export,702,Singapore,182882.0
2011,LNG (271111),Export,703,Slovakia,104603266.457
2011,LNG (271111),Export,710,South Africa,15813538.157
2011,LNG (271111),Export,716,Zimbabwe,408.0
2011,LNG (271111),Export,724,Spain,253993530.754
2011,LNG (271111),Export,748,Eswatini,38628.195
2011,LNG (271111),Export,752,Sweden,1445510.068
2011,LNG (271111),Export,757,Switzerland,17.003
2011,LNG (271111),Export,764,Thailand,21761.0
2011,LNG (271111),Export,780,Trinidad and Tobago,2741609384.865
2011,LNG (271111),Export,804,Ukraine,8787.05
2011,LNG (271111),Export,818,Egypt,1776047795.631
2011,LNG (271111),Export,826,United Kingdom,909504.128
2011,LNG (271111),Export,842,United States of America,853467003.0
2011,LNG (271111),Export,894,Zambia,1437.105
2011,LNG (271111),Import,12,Algeria,135629.804
2011,LNG (271111),Import,20,Andorra,321.977
2011,LNG (271111),Import,32,Argentina,1927429161.86
2011,LNG (271111),Import,36,Australia,44408833.583000004
2011,LNG (271111),Import,51,Armenia,337.23
2011,LNG (271111),Import,56,Belgium,2142730928.0049999
2011,LNG (271111),Import,70,Bosnia and Herzegovina,526583.0
2011,LNG (271111),Import,72,Botswana,4013299.199
2011,LNG (271111),Import,76,Brazil,309969674.0
2011,LNG (271111),Import,84,Belize,5265.455
2011,LNG (271111),Import,96,Brunei Darussalam,103967.403
2011,LNG (271111),Import,104,Myanmar,1371369.7
2011,LNG (271111),Import,108,Burundi,267011.651
2011,LNG (271111),Import,120,Cameroon,1172.118
2011,LNG (271111),Import,124,Canada,537583676.633
2011,LNG (271111),Import,132,Cape Verde,41.866
2011,LNG (271111),Import,152,Chile,1618591901.46
2011,LNG (271111),Import,156,China,5763572286.0
2011,LNG (271111),Import,174,Comoros,360.154
2011,LNG (271111),Import,203,Czechia,8488806.277
2011,LNG (271111),Import,208,Denmark,202940.739
2011,LNG (271111),Import,212,Dominica,55.55500000000001
2011,LNG (271111),Import,214,Dominican Republic,171776753.169
2011,LNG (271111),Import,218,Ecuador,565.31
2011,LNG (271111),Import,231,Ethiopia,889.572
2011,LNG (271111),Import,246,Finland,78510.48700000001
2011,LNG (271111),Import,251,France and Monaco,5944475390.564
2011,LNG (271111),Import,268,Georgia,235.859
2011,LNG (271111),Import,275,State of Palestine,196665567.89
2011,LNG (271111),Import,288,Ghana,31702.670999999995
2011,LNG (271111),Import,300,Greece,532826301.30799997
2011,LNG (271111),Import,352,Iceland,117.662
2011,LNG (271111),Import,372,Ireland,385.601
2011,LNG (271111),Import,376,Israel,4000.0
2011,LNG (271111),Import,380,Italy,3089041758.947
2011,LNG (271111),Import,384,Côte d'Ivoire,59594.581
2011,LNG (271111),Import,392,Japan,60099807655.871
2011,LNG (271111),Import,398,Kazakhstan,29228.370000000003
2011,LNG (271111),Import,400,Jordan,265921119.224
2011,LNG (271111),Import,417,Kyrgyzstan,330208.0
2011,LNG (271111),Import,426,Lesotho,17630622.791
2011,LNG (271111),Import,428,Latvia,47444.588
2011,LNG (271111),Import,442,Luxembourg,3653009.873
2011,LNG (271111),Import,454,Malawi,652.792
2011,LNG (271111),Import,458,Malaysia,3110280.394
2011,LNG (271111),Import,484,Mexico,652831333.0
2011,LNG (271111),Import,498,Republic of Moldova,2002.0
2011,LNG (271111),Import,499,Montenegro,3634.079
2011,LNG (271111),Import,508,Mozambique,72000.0
2011,LNG (271111),Import,533,Aruba,949.721
2011,LNG (271111),Import,540,New Caledonia,384.473
2011,LNG (271111),Import,554,New Zealand,30507.125
2011,LNG (271111),Import,566,Nigeria,204057584.007
2011,LNG (271111),Import,579,Norway,1039947.255
2011,LNG (271111),Import,586,Pakistan,7230.055
2011,LNG (271111),Import,604,Peru,3616.41
2011,LNG (271111),Import,620,Portugal,986553505.048
2011,LNG (271111),Import,646,Rwanda,746015.238
2011,LNG (271111),Import,690,Seychelles,38915.353
2011,LNG (271111),Import,699,India,5992669491.944
2011,LNG (271111),Import,702,Singapore,28993270.0
2011,LNG (271111),Import,703,Slovakia,95718106.094
2011,LNG (271111),Import,705,Slovenia,10.164000000000001
2011,LNG (271111),Import,710,South Africa,212827162.267
2011,LNG (271111),Import,716,Zimbabwe,121603.66
2011,LNG (271111),Import,724,Spain,8369620416.455
2011,LNG (271111),Import,748,Eswatini,2117453.739
2011,LNG (271111),Import,752,Sweden,19611835.57
2011,LNG (271111),Import,757,Switzerland,2035.4160000000002
2011,LNG (271111),Import,764,Thailand,170651412.0
2011,LNG (271111),Import,780,Trinidad and Tobago,26606.212
2011,LNG (271111),Import,807,North Macedonia,820.172
2011,LNG (271111),Import,826,United Kingdom,8134114219.108001
2011,LNG (271111),Import,842,United States of America,2137180461.0
2011,LNG (271111),Import,854,Burkina Faso,18845.006
2011,LNG (271111),Import,894,Zambia,12806.675
2012,Gaseous NG (271121),Export,12,Algeria,15481418624.0
2012,Gaseous NG (271121),Export,28,Antigua and Barbuda,274.074
2012,Gaseous NG (271121),Export,32,Argentina,76492515.17
2012,Gaseous NG (271121),Export,36,Australia,169843.002
2012,Gaseous NG (271121),Export,51,Armenia,12499055.379999999
2012,Gaseous NG (271121),Export,56,Belgium,7036442616.525
2012,Gaseous NG (271121),Export,68,Bolivia,5478522818.26
2012,Gaseous NG (271121),Export,72,Botswana,2887.266
2012,Gaseous NG (271121),Export,96,Brunei Darussalam,4785.237
2012,Gaseous NG (271121),Export,104,Myanmar,3509854558.54
2012,Gaseous NG (271121),Export,124,Canada,8730171118.076
2012,Gaseous NG (271121),Export,156,China,565022604.0
2012,Gaseous NG (271121),Export,191,Croatia,122278928.0
2012,Gaseous NG (271121),Export,203,Czechia,628769762.2590001
2012,Gaseous NG (271121),Export,251,France and Monaco,2685698217.038
2012,Gaseous NG (271121),Export,276,Germany,7288168004.709
2012,Gaseous NG (271121),Export,288,Ghana,71.079
2012,Gaseous NG (271121),Export,348,Hungary,287370974.536
2012,Gaseous NG (271121),Export,360,Indonesia,465233795.0
2012,Gaseous NG (271121),Export,380,Italy,127092440.592
2012,Gaseous NG (271121),Export,392,Japan,179559.36800000002
2012,Gaseous NG (271121),Export,398,Kazakhstan,2193000200.0
2012,Gaseous NG (271121),Export,442,Luxembourg,764.6610000000001
2012,Gaseous NG (271121),Export,484,Mexico,1192039.0
2012,Gaseous NG (271121),Export,508,Mozambique,73100322.0
2012,Gaseous NG (271121),Export,540,New Caledonia,395.591
2012,Gaseous NG (271121),Export,579,Norway,41652240859.31
2012,Gaseous NG (271121),Export,604,Peru,76.5
2012,Gaseous NG (271121),Export,620,Portugal,87.127
2012,Gaseous NG (271121),Export,688,Serbia,1299144.0
2012,Gaseous NG (271121),Export,699,India,19195194.965
2012,Gaseous NG (271121),Export,702,Singapore,277629.0
2012,Gaseous NG (271121),Export,710,South Africa,1032913.884
2012,Gaseous NG (271121),Export,724,Spain,1110110.57
2012,Gaseous NG (271121),Export,748,Eswatini,3578.383
2012,Gaseous NG (271121),Export,757,Switzerland,427.989
2012,Gaseous NG (271121),Export,764,Thailand,5556.0
2012,Gaseous NG (271121),Export,780,Trinidad and Tobago,1000.028
2012,Gaseous NG (271121),Export,826,United Kingdom,2906932961.445
2012,Gaseous NG (271121),Export,842,United States of America,4350067618.0
2012,Gaseous NG (271121),Import,8,Albania,1821.186
2012,Gaseous NG (271121),Import,12,Algeria,137614.0
2012,Gaseous NG (271121),Import,32,Argentina,1104451989.53
2012,Gaseous NG (271121),Import,36,Australia,2266295017.923
2012,Gaseous NG (271121),Import,48,Bahrain,1924.119
2012,Gaseous NG (271121),Import,51,Armenia,516665111.03
2012,Gaseous NG (271121),Import,56,Belgium,12042269641.534
2012,Gaseous NG (271121),Import,70,Bosnia and Herzegovina,146147914.0
2012,Gaseous NG (271121),Import,72,Botswana,342244.826
2012,Gaseous NG (271121),Import,76,Brazil,3587218322.0
2012,Gaseous NG (271121),Import,100,Bulgaria,1164203532.172
2012,Gaseous NG (271121),Import,112,Belarus,3410808400.0
2012,Gaseous NG (271121),Import,120,Cameroon,1999.99
2012,Gaseous NG (271121),Import,124,Canada,3261614904.796
2012,Gaseous NG (271121),Import,152,Chile,32451589.61
2012,Gaseous NG (271121),Import,156,China,5499071384.0
2012,Gaseous NG (271121),Import,191,Croatia,709757636.0
2012,Gaseous NG (271121),Import,203,Czechia,3692462383.276
2012,Gaseous NG (271121),Import,214,Dominican Republic,1611.619
2012,Gaseous NG (271121),Import,218,Ecuador,12423.92
2012,Gaseous NG (271121),Import,233,Estonia,256510419.239
2012,Gaseous NG (271121),Import,246,Finland,1427590535.699
2012,Gaseous NG (271121),Import,251,France and Monaco,17384844939.445
2012,Gaseous NG (271121),Import,268,Georgia,303920482.0
2012,Gaseous NG (271121),Import,276,Germany,40522977378.859
2012,Gaseous NG (271121),Import,288,Ghana,653.526
2012,Gaseous NG (271121),Import,300,Greece,1416476408.504
2012,Gaseous NG (271121),Import,308,Grenada,22.963
2012,Gaseous NG (271121),Import,344,China Hong Kong,834358798.518
2012,Gaseous NG (271121),Import,348,Hungary,3279500081.81
2012,Gaseous NG (271121),Import,360,Indonesia,23395566.0
2012,Gaseous NG (271121),Import,372,Ireland,1778807746.8240001
2012,Gaseous NG (271121),Import,376,Israel,9730000.0
2012,Gaseous NG (271121),Import,380,Italy,27979451598.439
2012,Gaseous NG (271121),Import,392,Japan,15067.945
2012,Gaseous NG (271121),Import,398,Kazakhstan,374850400.0
2012,Gaseous NG (271121),Import,400,Jordan,125666082.729
2012,Gaseous NG (271121),Import,417,Kyrgyzstan,337493854.0
2012,Gaseous NG (271121),Import,426,Lesotho,303513.777
2012,Gaseous NG (271121),Import,428,Latvia,605745023.105
2012,Gaseous NG (271121),Import,440,Lithuania,1542639682.0
2012,Gaseous NG (271121),Import,442,Luxembourg,1261.232
2012,Gaseous NG (271121),Import,454,Malawi,112165.204
2012,Gaseous NG (271121),Import,458,Malaysia,304350120.618
2012,Gaseous NG (271121),Import,466,Mali,741.653
2012,Gaseous NG (271121),Import,480,Mauritius,3884.643
2012,Gaseous NG (271121),Import,484,Mexico,1677274783.0
2012,Gaseous NG (271121),Import,508,Mozambique,5205480.0
2012,Gaseous NG (271121),Import,540,New Caledonia,2781.263
2012,Gaseous NG (271121),Import,604,Peru,11486.07
2012,Gaseous NG (271121),Import,620,Portugal,988831702.435
2012,Gaseous NG (271121),Import,642,Romania,1294565670.43
2012,Gaseous NG (271121),Import,646,Rwanda,2104.773
2012,Gaseous NG (271121),Import,688,Serbia,844039645.0
2012,Gaseous NG (271121),Import,702,Singapore,7613256656.0
2012,Gaseous NG (271121),Import,703,Slovakia,1949185190.286
2012,Gaseous NG (271121),Import,705,Slovenia,476281568.364
2012,Gaseous NG (271121),Import,710,South Africa,418.91
2012,Gaseous NG (271121),Import,716,Zimbabwe,62229.06
2012,Gaseous NG (271121),Import,724,Spain,5701640219.189
2012,Gaseous NG (271121),Import,729,Sudan,242.0
2012,Gaseous NG (271121),Import,748,Eswatini,7342.403
2012,Gaseous NG (271121),Import,752,Sweden,527110874.302
2012,Gaseous NG (271121),Import,757,Switzerland,1845458751.669
2012,Gaseous NG (271121),Import,764,Thailand,3422905755.0
2012,Gaseous NG (271121),Import,768,Togo,2179.487
2012,Gaseous NG (271121),Import,780,Trinidad and Tobago,57418.453
2012,Gaseous NG (271121),Import,804,Ukraine,14037030540.0
2012,Gaseous NG (271121),Import,807,North Macedonia,71870003.22299999
2012,Gaseous NG (271121),Import,826,United Kingdom,5753771677.673
2012,Gaseous NG (271121),Import,842,United States of America,7958856586.0
2012,Gaseous NG (271121),Import,854,Burkina Faso,1004.794
2012,Gaseous NG (271121),Import,858,Uruguay,17507859.51
2012,Gaseous NG (271121),Import,894,Zambia,9471.815999999999
2012,LNG (271111),Export,12,Algeria,6735649885.0
2012,LNG (271111),Export,32,Argentina,87.0
2012,LNG (271111),Export,36,Australia,14666885098.078
2012,LNG (271111),Export,56,Belgium,530333686.134
2012,LNG (271111),Export,72,Botswana,5498.004
2012,LNG (271111),Export,76,Brazil,137031471.0
2012,LNG (271111),Export,96,Brunei Darussalam,6166450798.583
2012,LNG (271111),Export,112,Belarus,500.0
2012,LNG (271111),Export,120,Cameroon,8745.366
2012,LNG (271111),Export,124,Canada,28372870.39
2012,LNG (271111),Export,144,Sri Lanka,456.631
2012,LNG (271111),Export,191,Croatia,468331.0
2012,LNG (271111),Export,214,Dominican Republic,266414.787
2012,LNG (271111),Export,246,Finland,51989.76
2012,LNG (271111),Export,251,France and Monaco,163173798.904
2012,LNG (271111),Export,300,Greece,4373604.677
2012,LNG (271111),Export,360,Indonesia,1043597905.0
2012,LNG (271111),Export,380,Italy,62060.233
2012,LNG (271111),Export,384,Côte d'Ivoire,1503.32
2012,LNG (271111),Export,398,Kazakhstan,1237650.0
2012,LNG (271111),Export,426,Lesotho,67478.817
2012,LNG (271111),Export,442,Luxembourg,1934.636
2012,LNG (271111),Export,458,Malaysia,17989002591.79
2012,LNG (271111),Export,484,Mexico,149.0
2012,LNG (271111),Export,508,Mozambique,175058498.0
2012,LNG (271111),Export,540,New Caledonia,110.447
2012,LNG (271111),Export,554,New Zealand,3775331.683
2012,LNG (271111),Export,579,Norway,1798404546.635
2012,LNG (271111),Export,586,Pakistan,896.538
2012,LNG (271111),Export,604,Peru,1330561014.49
2012,LNG (271111),Export,620,Portugal,48265467.79
2012,LNG (271111),Export,688,Serbia,18292.0
2012,LNG (271111),Export,699,India,29903038.643
2012,LNG (271111),Export,702,Singapore,1740390.0
2012,LNG (271111),Export,710,South Africa,6663000.314
2012,LNG (271111),Export,724,Spain,831054665.3840001
2012,LNG (271111),Export,748,Eswatini,46291.191
2012,LNG (271111),Export,752,Sweden,379388.68
2012,LNG (271111),Export,757,Switzerland,1533127.113
2012,LNG (271111),Export,764,Thailand,5495.0
2012,LNG (271111),Export,780,Trinidad and Tobago,1803238977.205
2012,LNG (271111),Export,804,Ukraine,4890.92
2012,LNG (271111),Export,818,Egypt,1859246167.36
2012,LNG (271111),Export,826,United Kingdom,604774.881
2012,LNG (271111),Export,834,Tanzania,3804833.0
2012,LNG (271111),Export,842,United States of America,482890021.0
2012,LNG (271111),Export,887,Yemen,555401555.415
2012,LNG (271111),Export,894,Zambia,118102.194
2012,LNG (271111),Import,8,Albania,1530.206
2012,LNG (271111),Import,12,Algeria,6464.0
2012,LNG (271111),Import,32,Argentina,2695299748.16
2012,LNG (271111),Import,48,Bahrain,68729.391
2012,LNG (271111),Import,51,Armenia,400.04
2012,LNG (271111),Import,52,Barbados,128.0
2012,LNG (271111),Import,56,Belgium,1361175724.454
2012,LNG (271111),Import,70,Bosnia and Herzegovina,65533.0
2012,LNG (271111),Import,72,Botswana,3491468.443
2012,LNG (271111),Import,76,Brazil,1637159634.0
2012,LNG (271111),Import,84,Belize,41936.845
2012,LNG (271111),Import,96,Brunei Darussalam,37908.73
2012,LNG (271111),Import,104,Myanmar,419357.3
2012,LNG (271111),Import,108,Burundi,116937.14899999999
2012,LNG (271111),Import,120,Cameroon,153371.489
2012,LNG (271111),Import,124,Canada,269821601.423
2012,LNG (271111),Import,132,Cape Verde,20.357
2012,LNG (271111),Import,152,Chile,1623359625.73
2012,LNG (271111),Import,156,China,6001709913.0
2012,LNG (271111),Import,174,Comoros,470.125
2012,LNG (271111),Import,204,Benin,774.876
2012,LNG (271111),Import,208,Denmark,205686.166
2012,LNG (271111),Import,212,Dominica,75.067
2012,LNG (271111),Import,214,Dominican Republic,312253354.85
2012,LNG (271111),Import,218,Ecuador,406.54
2012,LNG (271111),Import,251,France and Monaco,4407208156.706
2012,LNG (271111),Import,268,Georgia,1569.189
2012,LNG (271111),Import,270,Gambia,1238.845
2012,LNG (271111),Import,276,Germany,980590.289
2012,LNG (271111),Import,288,Ghana,26174.664
2012,LNG (271111),Import,300,Greece,629998474.002
2012,LNG (271111),Import,308,Grenada,173.704
2012,LNG (271111),Import,320,Guatemala,733.0
2012,LNG (271111),Import,352,Iceland,1408.056
2012,LNG (271111),Import,372,Ireland,463.837
2012,LNG (271111),Import,376,Israel,16000.0
2012,LNG (271111),Import,380,Italy,2637323714.821
2012,LNG (271111),Import,384,Côte d'Ivoire,3978.555
2012,LNG (271111),Import,392,Japan,75246879729.371
2012,LNG (271111),Import,398,Kazakhstan,90245590.0
2012,LNG (271111),Import,400,Jordan,301120460.419
2012,LNG (271111),Import,417,Kyrgyzstan,300560.0
2012,LNG (271111),Import,426,Lesotho,6608704.82
2012,LNG (271111),Import,442,Luxembourg,1306998.037
2012,LNG (271111),Import,466,Mali,31769.161
2012,LNG (271111),Import,480,Mauritius,59.73
2012,LNG (271111),Import,484,Mexico,477675852.0
2012,LNG (271111),Import,498,Republic of Moldova,2368.0
2012,LNG (271111),Import,499,Montenegro,234.284
2012,LNG (271111),Import,508,Mozambique,5262110.0
2012,LNG (271111),Import,533,Aruba,466.48
2012,LNG (271111),Import,540,New Caledonia,3340.9880000000003
2012,LNG (271111),Import,554,New Zealand,3323.469
2012,LNG (271111),Import,579,Norway,319092.00800000003
2012,LNG (271111),Import,586,Pakistan,32299.128
2012,LNG (271111),Import,620,Portugal,758152235.786
2012,LNG (271111),Import,634,Qatar,91198.51
2012,LNG (271111),Import,642,Romania,14.89
2012,LNG (271111),Import,646,Rwanda,930977.453
2012,LNG (271111),Import,688,Serbia,718.0
2012,LNG (271111),Import,690,Seychelles,43759.031
2012,LNG (271111),Import,699,India,7602950058.523
2012,LNG (271111),Import,702,Singapore,22095457.0
2012,LNG (271111),Import,703,Slovakia,23416.282
2012,LNG (271111),Import,710,South Africa,245558793.585
2012,LNG (271111),Import,716,Zimbabwe,157872.71000000002
2012,LNG (271111),Import,724,Spain,8041066726.346
2012,LNG (271111),Import,729,Sudan,501.0
2012,LNG (271111),Import,748,Eswatini,1925444.239
2012,LNG (271111),Import,752,Sweden,22407478.103
2012,LNG (271111),Import,764,Thailand,786274275.0
2012,LNG (271111),Import,780,Trinidad and Tobago,44133.125
2012,LNG (271111),Import,807,North Macedonia,64620.61
2012,LNG (271111),Import,826,United Kingdom,4462100482.7039995
2012,LNG (271111),Import,842,United States of America,1206688959.0
2012,LNG (271111),Import,854,Burkina Faso,7499.817999999999
2012,LNG (271111),Import,894,Zambia,1291.496
2013,Gaseous NG (271121),Export,12,Algeria,13564056403.891
2013,Gaseous NG (271121),Export,31,Azerbaijan,648646246.43
2013,Gaseous NG (271121),Export,32,Argentina,74631733.36
2013,Gaseous NG (271121),Export,36,Australia,44267.293
2013,Gaseous NG (271121),Export,51,Armenia,10340070.536
2013,Gaseous NG (271121),Export,56,Belgium,8788253092.825
2013,Gaseous NG (271121),Export,68,Bolivia,6113447970.62
2013,Gaseous NG (271121),Export,72,Botswana,1883.883
2013,Gaseous NG (271121),Export,96,Brunei Darussalam,10582.377
2013,Gaseous NG (271121),Export,104,Myanmar,3525745117.99
2013,Gaseous NG (271121),Export,124,Canada,10860236960.985
2013,Gaseous NG (271121),Export,191,Croatia,174622497.0
2013,Gaseous NG (271121),Export,203,Czechia,555831028.0
2013,Gaseous NG (271121),Export,218,Ecuador,283.44
2013,Gaseous NG (271121),Export,251,France and Monaco,2199381727.518
2013,Gaseous NG (271121),Export,276,Germany,7748691463.166
2013,Gaseous NG (271121),Export,288,Ghana,2957.437
2013,Gaseous NG (271121),Export,300,Greece,3256.475
2013,Gaseous NG (271121),Export,348,Hungary,537520474.0
2013,Gaseous NG (271121),Export,360,Indonesia,4983751628.0
2013,Gaseous NG (271121),Export,380,Italy,119718389.552
2013,Gaseous NG (271121),Export,392,Japan,55059.505000000005
2013,Gaseous NG (271121),Export,398,Kazakhstan,1956818171.17
2013,Gaseous NG (271121),Export,400,Jordan,895.774
2013,Gaseous NG (271121),Export,410,Republic of Korea,27245.0
2013,Gaseous NG (271121),Export,442,Luxembourg,146.868
2013,Gaseous NG (271121),Export,484,Mexico,2711884.0
2013,Gaseous NG (271121),Export,508,Mozambique,95640835.0
2013,Gaseous NG (271121),Export,554,New Zealand,1153.724
2013,Gaseous NG (271121),Export,579,Norway,40893989601.487
2013,Gaseous NG (271121),Export,604,Peru,15.0
2013,Gaseous NG (271121),Export,620,Portugal,949155.707
2013,Gaseous NG (271121),Export,688,Serbia,5542115.0
2013,Gaseous NG (271121),Export,690,Seychelles,0.25
2013,Gaseous NG (271121),Export,699,India,11349.972
2013,Gaseous NG (271121),Export,702,Singapore,157996.581
2013,Gaseous NG (271121),Export,705,Slovenia,45138234.049
2013,Gaseous NG (271121),Export,710,South Africa,343101.76399999997
2013,Gaseous NG (271121),Export,724,Spain,50140575.368
2013,Gaseous NG (271121),Export,748,Eswatini,375.841
2013,Gaseous NG (271121),Export,752,Sweden,942.006
2013,Gaseous NG (271121),Export,757,Switzerland,4302.75
2013,Gaseous NG (271121),Export,764,Thailand,46954.0
2013,Gaseous NG (271121),Export,826,United Kingdom,1213674251.95
2013,Gaseous NG (271121),Export,842,United States of America,5826027612.0
2013,Gaseous NG (271121),Export,894,Zambia,151.685
2013,Gaseous NG (271121),Import,12,Algeria,7649.225
2013,Gaseous NG (271121),Import,31,Azerbaijan,1788.0
2013,Gaseous NG (271121),Import,32,Argentina,2531078716.69
2013,Gaseous NG (271121),Import,36,Australia,2322422324.091
2013,Gaseous NG (271121),Import,51,Armenia,571766320.27
2013,Gaseous NG (271121),Import,52,Barbados,559.0
2013,Gaseous NG (271121),Import,56,Belgium,15105866141.114
2013,Gaseous NG (271121),Import,70,Bosnia and Herzegovina,102922808.0
2013,Gaseous NG (271121),Import,72,Botswana,470810.939
2013,Gaseous NG (271121),Import,76,Brazil,4181122894.0
2013,Gaseous NG (271121),Import,84,Belize,16.445
2013,Gaseous NG (271121),Import,96,Brunei Darussalam,304.479
2013,Gaseous NG (271121),Import,100,Bulgaria,1016764883.422
2013,Gaseous NG (271121),Import,104,Myanmar,15249.92
2013,Gaseous NG (271121),Import,112,Belarus,3358058500.0
2013,Gaseous NG (271121),Import,120,Cameroon,3511.5019999999995
2013,Gaseous NG (271121),Import,124,Canada,3663588505.507
2013,Gaseous NG (271121),Import,152,Chile,19716441.79
2013,Gaseous NG (271121),Import,174,Comoros,267.76
2013,Gaseous NG (271121),Import,191,Croatia,726660911.0
2013,Gaseous NG (271121),Import,203,Czechia,4074803608.0
2013,Gaseous NG (271121),Import,214,Dominican Republic,2742.309
2013,Gaseous NG (271121),Import,218,Ecuador,12646.37
2013,Gaseous NG (271121),Import,231,Ethiopia,14029.427
2013,Gaseous NG (271121),Import,233,Estonia,317780216.456
2013,Gaseous NG (271121),Import,246,Finland,726524365.615
2013,Gaseous NG (271121),Import,251,France and Monaco,18353697564.635
2013,Gaseous NG (271121),Import,268,Georgia,304210547.0
2013,Gaseous NG (271121),Import,276,Germany,40969427299.118
2013,Gaseous NG (271121),Import,288,Ghana,216.394
2013,Gaseous NG (271121),Import,300,Greece,1553202090.684
2013,Gaseous NG (271121),Import,344,China Hong Kong,1026241998.01
2013,Gaseous NG (271121),Import,348,Hungary,3687231695.0
2013,Gaseous NG (271121),Import,360,Indonesia,4840.0
2013,Gaseous NG (271121),Import,372,Ireland,2009900769.656
2013,Gaseous NG (271121),Import,376,Israel,251861000.0
2013,Gaseous NG (271121),Import,380,Italy,24827653510.91
2013,Gaseous NG (271121),Import,392,Japan,16449.252
2013,Gaseous NG (271121),Import,398,Kazakhstan,490177998.17
2013,Gaseous NG (271121),Import,400,Jordan,181917722.71
2013,Gaseous NG (271121),Import,410,Republic of Korea,74372.0
2013,Gaseous NG (271121),Import,417,Kyrgyzstan,432738496.0
2013,Gaseous NG (271121),Import,426,Lesotho,120363.874
2013,Gaseous NG (271121),Import,428,Latvia,628502045.9679999
2013,Gaseous NG (271121),Import,440,Lithuania,1321648076.0
2013,Gaseous NG (271121),Import,454,Malawi,2914.7340000000004
2013,Gaseous NG (271121),Import,458,Malaysia,549830611.497
2013,Gaseous NG (271121),Import,480,Mauritius,4824.385
2013,Gaseous NG (271121),Import,484,Mexico,2498864085.0
2013,Gaseous NG (271121),Import,499,Montenegro,3682.266
2013,Gaseous NG (271121),Import,504,Morocco,426878860.369
2013,Gaseous NG (271121),Import,508,Mozambique,3000.0
2013,Gaseous NG (271121),Import,533,Aruba,20653.065
2013,Gaseous NG (271121),Import,540,New Caledonia,3191.482
2013,Gaseous NG (271121),Import,554,New Zealand,6352.286
2013,Gaseous NG (271121),Import,558,Nicaragua,835.03
2013,Gaseous NG (271121),Import,586,Pakistan,14972.643
2013,Gaseous NG (271121),Import,604,Peru,3873.6499999999996
2013,Gaseous NG (271121),Import,620,Portugal,1214306667.309
2013,Gaseous NG (271121),Import,634,Qatar,199617.269
2013,Gaseous NG (271121),Import,642,Romania,590029718.252
2013,Gaseous NG (271121),Import,643,Russian Federation,1143.0
2013,Gaseous NG (271121),Import,646,Rwanda,6596.416
2013,Gaseous NG (271121),Import,678,Sao Tome and Principe,61.414
2013,Gaseous NG (271121),Import,688,Serbia,761104842.0
2013,Gaseous NG (271121),Import,690,Seychelles,14727.251
2013,Gaseous NG (271121),Import,702,Singapore,5759191685.918
2013,Gaseous NG (271121),Import,703,Slovakia,2242891384.593
2013,Gaseous NG (271121),Import,705,Slovenia,452002676.193
2013,Gaseous NG (271121),Import,710,South Africa,1310.8519999999999
2013,Gaseous NG (271121),Import,716,Zimbabwe,92.53
2013,Gaseous NG (271121),Import,724,Spain,6991750192.3220005
2013,Gaseous NG (271121),Import,729,Sudan,500.0
2013,Gaseous NG (271121),Import,748,Eswatini,77054.321
2013,Gaseous NG (271121),Import,752,Sweden,505146751.322
2013,Gaseous NG (271121),Import,757,Switzerland,1818684969.7
2013,Gaseous NG (271121),Import,764,Thailand,3674807925.0
2013,Gaseous NG (271121),Import,780,Trinidad and Tobago,41501.557
2013,Gaseous NG (271121),Import,804,Ukraine,11538192160.0
2013,Gaseous NG (271121),Import,807,North Macedonia,60506407.011
2013,Gaseous NG (271121),Import,826,United Kingdom,6218102268.16
2013,Gaseous NG (271121),Import,842,United States of America,10963557014.0
2013,Gaseous NG (271121),Import,858,Uruguay,11061821.91
2013,Gaseous NG (271121),Import,894,Zambia,5572.201
2013,LNG (271111),Export,12,Algeria,6616695604.504
2013,LNG (271111),Export,36,Australia,14707873701.345
2013,LNG (271111),Export,56,Belgium,783002260.752
2013,LNG (271111),Export,72,Botswana,57087.848
2013,LNG (271111),Export,76,Brazil,23179468.0
2013,LNG (271111),Export,96,Brunei Darussalam,5928737511.214
2013,LNG (271111),Export,120,Cameroon,170.039
2013,LNG (271111),Export,214,Dominican Republic,728248.822
2013,LNG (271111),Export,246,Finland,54050.513999999996
2013,LNG (271111),Export,251,France and Monaco,193833141.283
2013,LNG (271111),Export,276,Germany,18169.428
2013,LNG (271111),Export,300,Greece,2031567.56
2013,LNG (271111),Export,360,Indonesia,12039689189.0
2013,LNG (271111),Export,380,Italy,10483808.412
2013,LNG (271111),Export,384,Côte d'Ivoire,1476.016
2013,LNG (271111),Export,392,Japan,2125.403
2013,LNG (271111),Export,398,Kazakhstan,98379.0
2013,LNG (271111),Export,426,Lesotho,64017.337
2013,LNG (271111),Export,442,Luxembourg,2403.376
2013,LNG (271111),Export,458,Malaysia,18771298718.368
2013,LNG (271111),Export,484,Mexico,61204.0
2013,LNG (271111),Export,508,Mozambique,103634651.331
2013,LNG (271111),Export,554,New Zealand,26067.876
2013,LNG (271111),Export,579,Norway,1487166597.589
2013,LNG (271111),Export,586,Pakistan,406.357
2013,LNG (271111),Export,604,Peru,1371835688.73
2013,LNG (271111),Export,620,Portugal,158102744.078
2013,LNG (271111),Export,643,Russian Federation,5510957607.0
2013,LNG (271111),Export,646,Rwanda,26826.474000000002
2013,LNG (271111),Export,690,Seychelles,4658.317
2013,LNG (271111),Export,699,India,105392834.54200001
2013,LNG (271111),Export,702,Singapore,332881.661
2013,LNG (271111),Export,710,South Africa,7799347.797
2013,LNG (271111),Export,724,Spain,1650370364.352
2013,LNG (271111),Export,729,Sudan,1212571.0
2013,LNG (271111),Export,748,Eswatini,15839.039999999999
2013,LNG (271111),Export,752,Sweden,14525203.751
2013,LNG (271111),Export,757,Switzerland,603.292
2013,LNG (271111),Export,764,Thailand,272926.0
2013,LNG (271111),Export,780,Trinidad and Tobago,3305163024.166
2013,LNG (271111),Export,804,Ukraine,1297.08
2013,LNG (271111),Export,818,Egypt,1277485833.993
2013,LNG (271111),Export,826,United Kingdom,1865864.437
2013,LNG (271111),Export,842,United States of America,202181613.0
2013,LNG (271111),Export,894,Zambia,22991.99
2013,LNG (271111),Import,31,Azerbaijan,3515.0
2013,LNG (271111),Import,32,Argentina,3590317851.0299997
2013,LNG (271111),Import,36,Australia,18401.859
2013,LNG (271111),Import,52,Barbados,60.0
2013,LNG (271111),Import,56,Belgium,1194624960.109
2013,LNG (271111),Import,70,Bosnia and Herzegovina,1.0
2013,LNG (271111),Import,72,Botswana,4321840.339
2013,LNG (271111),Import,76,Brazil,2976983568.0
2013,LNG (271111),Import,96,Brunei Darussalam,6514.5830000000005
2013,LNG (271111),Import,104,Myanmar,448288.05
2013,LNG (271111),Import,112,Belarus,8900.0
2013,LNG (271111),Import,120,Cameroon,4111.651
2013,LNG (271111),Import,124,Canada,320491353.533
2013,LNG (271111),Import,152,Chile,1000452007.8
2013,LNG (271111),Import,174,Comoros,185.34
2013,LNG (271111),Import,191,Croatia,1.0
2013,LNG (271111),Import,208,Denmark,1417524.7670000002
2013,LNG (271111),Import,214,Dominican Republic,246814787.784
2013,LNG (271111),Import,218,Ecuador,330.5
2013,LNG (271111),Import,231,Ethiopia,2928.3230000000003
2013,LNG (271111),Import,251,France and Monaco,3864215788.135
2013,LNG (271111),Import,268,Georgia,36.237
2013,LNG (271111),Import,270,Gambia,1816.483
2013,LNG (271111),Import,276,Germany,1361001.793
2013,LNG (271111),Import,288,Ghana,28183.119
2013,LNG (271111),Import,300,Greece,300164140.817
2013,LNG (271111),Import,352,Iceland,1101.425
2013,LNG (271111),Import,372,Ireland,646.485
2013,LNG (271111),Import,376,Israel,12000.0
2013,LNG (271111),Import,380,Italy,1687867088.539
2013,LNG (271111),Import,384,Côte d'Ivoire,49418.94500000001
2013,LNG (271111),Import,392,Japan,72407953158.038
2013,LNG (271111),Import,398,Kazakhstan,92.65
2013,LNG (271111),Import,400,Jordan,282356631.126
2013,LNG (271111),Import,410,Republic of Korea,30645106471.0
2013,LNG (271111),Import,426,Lesotho,15508364.501
2013,LNG (271111),Import,428,Latvia,142484.242
2013,LNG (271111),Import,440,Lithuania,46873.0
2013,LNG (271111),Import,442,Luxembourg,12750.164
2013,LNG (271111),Import,454,Malawi,41882.653
2013,LNG (271111),Import,458,Malaysia,863536396.669
2013,LNG (271111),Import,480,Mauritius,67.49
2013,LNG (271111),Import,484,Mexico,1525347480.0
2013,LNG (271111),Import,498,Republic of Moldova,12296.0
2013,LNG (271111),Import,504,Morocco,93.14
2013,LNG (271111),Import,528,Netherlands,391849921.194
2013,LNG (271111),Import,554,New Zealand,50904.857
2013,LNG (271111),Import,586,Pakistan,3580.288
2013,LNG (271111),Import,620,Portugal,734847578.957
2013,LNG (271111),Import,634,Qatar,20035.969
2013,LNG (271111),Import,643,Russian Federation,254.0
2013,LNG (271111),Import,646,Rwanda,1125231.7519999999
2013,LNG (271111),Import,678,Sao Tome and Principe,2838.332
2013,LNG (271111),Import,686,Senegal,1082623.044
2013,LNG (271111),Import,690,Seychelles,5941.492
2013,LNG (271111),Import,699,India,8270117880.818
2013,LNG (271111),Import,702,Singapore,92372372.369
2013,LNG (271111),Import,703,Slovakia,302663.66500000004
2013,LNG (271111),Import,710,South Africa,249619211.575
2013,LNG (271111),Import,716,Zimbabwe,49108.869999999995
2013,LNG (271111),Import,724,Spain,6580192608.477
2013,LNG (271111),Import,729,Sudan,1625.0
2013,LNG (271111),Import,748,Eswatini,1308744.811
2013,LNG (271111),Import,752,Sweden,23779450.15
2013,LNG (271111),Import,757,Switzerland,172589.16700000002
2013,LNG (271111),Import,764,Thailand,1231234725.0
2013,LNG (271111),Import,780,Trinidad and Tobago,11501.400000000001
2013,LNG (271111),Import,826,United Kingdom,3685155021.249
2013,LNG (271111),Import,842,United States of America,1207556844.0
2013,LNG (271111),Import,854,Burkina Faso,18596.949
2013,LNG (271111),Import,894,Zambia,93.422
2014,Gaseous NG (271121),Export,12,Algeria,10836137973.434
2014,Gaseous NG (271121),Export,31,Azerbaijan,304683995.01
2014,Gaseous NG (271121),Export,32,Argentina,53112416.46
2014,Gaseous NG (271121),Export,36,Australia,98881.3
2014,Gaseous NG (271121),Export,51,Armenia,8644108.001
2014,Gaseous NG (271121),Export,56,Belgium,6656058175.384
2014,Gaseous NG (271121),Export,68,Bolivia,6011097376.28
2014,Gaseous NG (271121),Export,72,Botswana,5164.245
2014,Gaseous NG (271121),Export,100,Bulgaria,1072883.835
2014,Gaseous NG (271121),Export,104,Myanmar,654875500.13
2014,Gaseous NG (271121),Export,124,Canada,14581097903.02
2014,Gaseous NG (271121),Export,170,Colombia,279443743.3
2014,Gaseous NG (271121),Export,191,Croatia,126030728.0
2014,Gaseous NG (271121),Export,203,Czechia,711234921.0
2014,Gaseous NG (271121),Export,231,Ethiopia,202.097
2014,Gaseous NG (271121),Export,242,Fiji,2574.666
2014,Gaseous NG (271121),Export,251,France and Monaco,2745674151.6219997
2014,Gaseous NG (271121),Export,276,Germany,7128279320.537
2014,Gaseous NG (271121),Export,288,Ghana,1440.317
2014,Gaseous NG (271121),Export,320,Guatemala,1619.0
2014,Gaseous NG (271121),Export,348,Hungary,275617332.0
2014,Gaseous NG (271121),Export,360,Indonesia,4744433138.0
2014,Gaseous NG (271121),Export,372,Ireland,1050.692
2014,Gaseous NG (271121),Export,380,Italy,95691595.247
2014,Gaseous NG (271121),Export,392,Japan,58500.873
2014,Gaseous NG (271121),Export,398,Kazakhstan,1883914788.07
2014,Gaseous NG (271121),Export,440,Lithuania,151560.0
2014,Gaseous NG (271121),Export,442,Luxembourg,142.737
2014,Gaseous NG (271121),Export,508,Mozambique,253456860.0
2014,Gaseous NG (271121),Export,579,Norway,33177860730.429
2014,Gaseous NG (271121),Export,604,Peru,104.0
2014,Gaseous NG (271121),Export,620,Portugal,6229175.871
2014,Gaseous NG (271121),Export,688,Serbia,3208923.0
2014,Gaseous NG (271121),Export,699,India,113910.255
2014,Gaseous NG (271121),Export,702,Singapore,492224.336
2014,Gaseous NG (271121),Export,705,Slovenia,163887021.728
2014,Gaseous NG (271121),Export,710,South Africa,305288.149
2014,Gaseous NG (271121),Export,724,Spain,19014.041
2014,Gaseous NG (271121),Export,748,Eswatini,1021.1750000000001
2014,Gaseous NG (271121),Export,752,Sweden,3762706.965
2014,Gaseous NG (271121),Export,757,Switzerland,6194.272
2014,Gaseous NG (271121),Export,764,Thailand,26709.533
2014,Gaseous NG (271121),Export,826,United Kingdom,3075200282.534
2014,Gaseous NG (271121),Export,842,United States of America,7323486950.0
2014,Gaseous NG (271121),Export,894,Zambia,1659.447
2014,Gaseous NG (271121),Import,32,Argentina,2431131089.95
2014,Gaseous NG (271121),Import,51,Armenia,463737662.9
2014,Gaseous NG (271121),Import,52,Barbados,658.5
2014,Gaseous NG (271121),Import,56,Belgium,10987017816.223
2014,Gaseous NG (271121),Import,70,Bosnia and Herzegovina,88733268.0
2014,Gaseous NG (271121),Import,72,Botswana,142139.562
2014,Gaseous NG (271121),Import,76,Brazil,4027857551.0
2014,Gaseous NG (271121),Import,100,Bulgaria,1000186908.939
2014,Gaseous NG (271121),Import,112,Belarus,3411018400.0
2014,Gaseous NG (271121),Import,124,Canada,4440989564.101
2014,Gaseous NG (271121),Import,152,Chile,5229753.68
2014,Gaseous NG (271121),Import,170,Colombia,72068.66
2014,Gaseous NG (271121),Import,174,Comoros,497.968
2014,Gaseous NG (271121),Import,178,Congo,37.104
2014,Gaseous NG (271121),Import,191,Croatia,401337922.0
2014,Gaseous NG (271121),Import,203,Czechia,2698154468.0
2014,Gaseous NG (271121),Import,218,Ecuador,830.7
2014,Gaseous NG (271121),Import,231,Ethiopia,2674.374
2014,Gaseous NG (271121),Import,233,Estonia,213239106.39499998
2014,Gaseous NG (271121),Import,242,Fiji,909.426
2014,Gaseous NG (271121),Import,246,Finland,1065216993.875
2014,Gaseous NG (271121),Import,251,France and Monaco,15742815537.451
2014,Gaseous NG (271121),Import,268,Georgia,355893253.0
2014,Gaseous NG (271121),Import,276,Germany,35858897913.705
2014,Gaseous NG (271121),Import,288,Ghana,240.656
2014,Gaseous NG (271121),Import,300,Greece,980399284.807
2014,Gaseous NG (271121),Import,344,China Hong Kong,1119285731.137
2014,Gaseous NG (271121),Import,348,Hungary,3829041175.0
2014,Gaseous NG (271121),Import,360,Indonesia,580.0
2014,Gaseous NG (271121),Import,372,Ireland,1628631568.271
2014,Gaseous NG (271121),Import,376,Israel,89470000.0
2014,Gaseous NG (271121),Import,380,Italy,19252456618.264
2014,Gaseous NG (271121),Import,384,Côte d'Ivoire,81.553
2014,Gaseous NG (271121),Import,392,Japan,15752.443
2014,Gaseous NG (271121),Import,398,Kazakhstan,370442055.97
2014,Gaseous NG (271121),Import,410,Republic of Korea,38503.0
2014,Gaseous NG (271121),Import,417,Kyrgyzstan,109829702.0
2014,Gaseous NG (271121),Import,426,Lesotho,31151.417
2014,Gaseous NG (271121),Import,428,Latvia,487946234.474
2014,Gaseous NG (271121),Import,440,Lithuania,1098969420.0
2014,Gaseous NG (271121),Import,454,Malawi,50033.151
2014,Gaseous NG (271121),Import,458,Malaysia,598569301.304
2014,Gaseous NG (271121),Import,480,Mauritius,10834.969000000001
2014,Gaseous NG (271121),Import,499,Montenegro,952329.838
2014,Gaseous NG (271121),Import,500,Montserrat,108.152
2014,Gaseous NG (271121),Import,508,Mozambique,4820.0
2014,Gaseous NG (271121),Import,540,New Caledonia,4244.518
2014,Gaseous NG (271121),Import,554,New Zealand,15948.96
2014,Gaseous NG (271121),Import,562,Niger,3194.0460000000003
2014,Gaseous NG (271121),Import,586,Pakistan,4869.414
2014,Gaseous NG (271121),Import,604,Peru,2115.2
2014,Gaseous NG (271121),Import,620,Portugal,1314600962.043
2014,Gaseous NG (271121),Import,634,Qatar,243205.122
2014,Gaseous NG (271121),Import,642,Romania,221723325.02
2014,Gaseous NG (271121),Import,646,Rwanda,100.892
2014,Gaseous NG (271121),Import,688,Serbia,630852624.0
2014,Gaseous NG (271121),Import,699,India,359.083
2014,Gaseous NG (271121),Import,702,Singapore,5046258197.245
2014,Gaseous NG (271121),Import,703,Slovakia,1665494617.28
2014,Gaseous NG (271121),Import,705,Slovenia,466286272.828
2014,Gaseous NG (271121),Import,710,South Africa,425.40200000000004
2014,Gaseous NG (271121),Import,724,Spain,6608710704.954
2014,Gaseous NG (271121),Import,729,Sudan,688.0
2014,Gaseous NG (271121),Import,748,Eswatini,197.974
2014,Gaseous NG (271121),Import,752,Sweden,323805827.451
2014,Gaseous NG (271121),Import,757,Switzerland,1465080500.467
2014,Gaseous NG (271121),Import,764,Thailand,3539726683.543
2014,Gaseous NG (271121),Import,780,Trinidad and Tobago,60388.609000000004
2014,Gaseous NG (271121),Import,804,Ukraine,5669100800.0
2014,Gaseous NG (271121),Import,807,North Macedonia,63716346.695999995
2014,Gaseous NG (271121),Import,826,United Kingdom,5576397668.93
2014,Gaseous NG (271121),Import,842,United States of America,12630841340.0
2014,Gaseous NG (271121),Import,858,Uruguay,15580116.86
2014,Gaseous NG (271121),Import,882,Samoa,42774.923
2014,Gaseous NG (271121),Import,894,Zambia,4460.025000000001
2014,LNG (271111),Export,12,Algeria,7305211698.028
2014,LNG (271111),Export,32,Argentina,67.5
2014,LNG (271111),Export,36,Australia,16443961638.65
2014,LNG (271111),Export,56,Belgium,605631668.785
2014,LNG (271111),Export,72,Botswana,44791.981
2014,LNG (271111),Export,76,Brazil,51061800.0
2014,LNG (271111),Export,104,Myanmar,3830797371.85
2014,LNG (271111),Export,124,Canada,28673182.185
2014,LNG (271111),Export,214,Dominican Republic,717027.532
2014,LNG (271111),Export,231,Ethiopia,24.525
2014,LNG (271111),Export,251,France and Monaco,236079703.514
2014,LNG (271111),Export,276,Germany,87147.306
2014,LNG (271111),Export,288,Ghana,6384.048
2014,LNG (271111),Export,360,Indonesia,10027828014.0
2014,LNG (271111),Export,380,Italy,45135.523
2014,LNG (271111),Export,384,Côte d'Ivoire,407.989
2014,LNG (271111),Export,392,Japan,2648.3
2014,LNG (271111),Export,410,Republic of Korea,6045.0
2014,LNG (271111),Export,426,Lesotho,71458.431
2014,LNG (271111),Export,442,Luxembourg,3777.54
2014,LNG (271111),Export,458,Malaysia,18347065643.631
2014,LNG (271111),Export,480,Mauritius,214.721
2014,LNG (271111),Export,508,Mozambique,295333240.534
2014,LNG (271111),Export,528,Netherlands,199307431.00599998
2014,LNG (271111),Export,554,New Zealand,67.647
2014,LNG (271111),Export,579,Norway,2265596553.221
2014,LNG (271111),Export,604,Peru,786361997.65
2014,LNG (271111),Export,608,Philippines,52412.0
2014,LNG (271111),Export,643,Russian Federation,5243510940.0
2014,LNG (271111),Export,699,India,8654243.322
2014,LNG (271111),Export,702,Singapore,3220.8360000000002
2014,LNG (271111),Export,710,South Africa,11576550.791
2014,LNG (271111),Export,724,Spain,2597788588.278
2014,LNG (271111),Export,729,Sudan,464507.39999999997
2014,LNG (271111),Export,748,Eswatini,497.114
2014,LNG (271111),Export,752,Sweden,14688566.42
2014,LNG (271111),Export,757,Switzerland,58.128
2014,LNG (271111),Export,764,Thailand,98809.918
2014,LNG (271111),Export,780,Trinidad and Tobago,3110806939.655
2014,LNG (271111),Export,788,Tunisia,24961.244
2014,LNG (271111),Export,804,Ukraine,2877.2200000000003
2014,LNG (271111),Export,818,Egypt,131583752.62300001
2014,LNG (271111),Export,826,United Kingdom,138029.937
2014,LNG (271111),Export,842,United States of America,456425533.0
2014,LNG (271111),Export,894,Zambia,29104.518
2014,LNG (271111),Import,12,Algeria,18805523.625
2014,LNG (271111),Import,32,Argentina,3460365091.45
2014,LNG (271111),Import,36,Australia,86549.13900000001
2014,LNG (271111),Import,52,Barbados,282.0
2014,LNG (271111),Import,56,Belgium,870827337.131
2014,LNG (271111),Import,72,Botswana,4781476.067
2014,LNG (271111),Import,76,Brazil,3259725740.0
2014,LNG (271111),Import,104,Myanmar,346526.56
2014,LNG (271111),Import,112,Belarus,400.0
2014,LNG (271111),Import,124,Canada,463975090.515
2014,LNG (271111),Import,152,Chile,1154048204.84
2014,LNG (271111),Import,174,Comoros,10766.622
2014,LNG (271111),Import,178,Congo,12229.471000000001
2014,LNG (271111),Import,208,Denmark,93840.799
2014,LNG (271111),Import,214,Dominican Republic,321694681.03900003
2014,LNG (271111),Import,218,Ecuador,11118.61
2014,LNG (271111),Import,233,Estonia,159733.732
2014,LNG (271111),Import,251,France and Monaco,2656485905.199
2014,LNG (271111),Import,258,French Polynesia,49.443
2014,LNG (271111),Import,268,Georgia,27.85
2014,LNG (271111),Import,270,Gambia,2621.172
2014,LNG (271111),Import,276,Germany,7163651.389
2014,LNG (271111),Import,288,Ghana,2555.265
2014,LNG (271111),Import,300,Greece,308793013.14199996
2014,LNG (271111),Import,352,Iceland,8913.947
2014,LNG (271111),Import,372,Ireland,30629.131
2014,LNG (271111),Import,380,Italy,1497588137.116
2014,LNG (271111),Import,384,Côte d'Ivoire,7591.585999999999
2014,LNG (271111),Import,392,Japan,74760403486.068
2014,LNG (271111),Import,398,Kazakhstan,5925.0
2014,LNG (271111),Import,410,Republic of Korea,31423901138.0
2014,LNG (271111),Import,426,Lesotho,17994244.601
2014,LNG (271111),Import,440,Lithuania,26744166.0
2014,LNG (271111),Import,442,Luxembourg,686947.468
2014,LNG (271111),Import,454,Malawi,974.251
2014,LNG (271111),Import,458,Malaysia,1288135227.804
2014,LNG (271111),Import,480,Mauritius,325.956
2014,LNG (271111),Import,498,Republic of Moldova,1098.0
2014,LNG (271111),Import,499,Montenegro,22.701
2014,LNG (271111),Import,508,Mozambique,6440.0
2014,LNG (271111),Import,528,Netherlands,412591271.792
2014,LNG (271111),Import,540,New Caledonia,217.699
2014,LNG (271111),Import,554,New Zealand,75403.17
2014,LNG (271111),Import,562,Niger,12241.319
2014,LNG (271111),Import,579,Norway,13207.881
2014,LNG (271111),Import,586,Pakistan,167.226
2014,LNG (271111),Import,620,Portugal,470560649.422
2014,LNG (271111),Import,634,Qatar,49396.477
2014,LNG (271111),Import,643,Russian Federation,253.0
2014,LNG (271111),Import,646,Rwanda,1010697.861
2014,LNG (271111),Import,688,Serbia,7443.0
2014,LNG (271111),Import,690,Seychelles,4492.669
2014,LNG (271111),Import,699,India,9891192134.734
2014,LNG (271111),Import,702,Singapore,1491701243.98
2014,LNG (271111),Import,703,Slovakia,2490166.381
2014,LNG (271111),Import,710,South Africa,384909209.25
2014,LNG (271111),Import,716,Zimbabwe,56634.42
2014,LNG (271111),Import,724,Spain,6441313923.113
2014,LNG (271111),Import,729,Sudan,90.0
2014,LNG (271111),Import,748,Eswatini,2403508.54
2014,LNG (271111),Import,752,Sweden,85031857.687
2014,LNG (271111),Import,757,Switzerland,340614.173
2014,LNG (271111),Import,764,Thailand,1089796508.834
2014,LNG (271111),Import,780,Trinidad and Tobago,11795.917
2014,LNG (271111),Import,818,Egypt,2713.926
2014,LNG (271111),Import,826,United Kingdom,3110301849.014
2014,LNG (271111),Import,842,United States of America,1190631055.0
2014,LNG (271111),Import,854,Burkina Faso,8902.896
2014,LNG (271111),Import,882,Samoa,43959.004
2014,LNG (271111),Import,894,Zambia,2255.016
2015,Gaseous NG (271121),Export,12,Algeria,7187790339.703
2015,Gaseous NG (271121),Export,31,Azerbaijan,200739680.59
2015,Gaseous NG (271121),Export,32,Argentina,44485580.519999996
2015,Gaseous NG (271121),Export,36,Australia,7851.519
2015,Gaseous NG (271121),Export,51,Armenia,14556985.0
2015,Gaseous NG (271121),Export,56,Belgium,5415049312.336
2015,Gaseous NG (271121),Export,68,Bolivia,3770379315.35
2015,Gaseous NG (271121),Export,72,Botswana,748.347
2015,Gaseous NG (271121),Export,100,Bulgaria,967640.0719999999
2015,Gaseous NG (271121),Export,104,Myanmar,133242555.985
2015,Gaseous NG (271121),Export,124,Canada,8427771574.864
2015,Gaseous NG (271121),Export,170,Colombia,8167526.02
2015,Gaseous NG (271121),Export,191,Croatia,80552463.0
2015,Gaseous NG (271121),Export,203,Czechia,1411212050.0
2015,Gaseous NG (271121),Export,214,Dominican Republic,835.899
2015,Gaseous NG (271121),Export,218,Ecuador,7200.0
2015,Gaseous NG (271121),Export,242,Fiji,49508.772
2015,Gaseous NG (271121),Export,251,France and Monaco,1564470128.086
2015,Gaseous NG (271121),Export,268,Georgia,18902079.0
2015,Gaseous NG (271121),Export,276,Germany,9326657707.867
2015,Gaseous NG (271121),Export,320,Guatemala,5.0
2015,Gaseous NG (271121),Export,344,China Hong Kong,11812.301
2015,Gaseous NG (271121),Export,348,Hungary,124293915.0
2015,Gaseous NG (271121),Export,360,Indonesia,2971636977.0
2015,Gaseous NG (271121),Export,380,Italy,65352813.133
2015,Gaseous NG (271121),Export,392,Japan,56133.904
2015,Gaseous NG (271121),Export,398,Kazakhstan,1745528842.66
2015,Gaseous NG (271121),Export,410,Republic of Korea,11630.0
2015,Gaseous NG (271121),Export,414,Kuwait,198.737
2015,Gaseous NG (271121),Export,426,Lesotho,11821.014
2015,Gaseous NG (271121),Export,440,Lithuania,17766256.0
2015,Gaseous NG (271121),Export,528,Netherlands,7049.117
2015,Gaseous NG (271121),Export,579,Norway,26076260119.043
2015,Gaseous NG (271121),Export,604,Peru,4.0
2015,Gaseous NG (271121),Export,642,Romania,240913.97499999998
2015,Gaseous NG (271121),Export,646,Rwanda,3479.924
2015,Gaseous NG (271121),Export,688,Serbia,3337334.0
2015,Gaseous NG (271121),Export,699,India,114983.715
2015,Gaseous NG (271121),Export,702,Singapore,476586.96599999996
2015,Gaseous NG (271121),Export,705,Slovenia,158574198.087
2015,Gaseous NG (271121),Export,710,South Africa,241651.599
2015,Gaseous NG (271121),Export,724,Spain,996106.864
2015,Gaseous NG (271121),Export,752,Sweden,4362551.736
2015,Gaseous NG (271121),Export,757,Switzerland,22712.484
2015,Gaseous NG (271121),Export,764,Thailand,49236.15
2015,Gaseous NG (271121),Export,780,Trinidad and Tobago,50.065
2015,Gaseous NG (271121),Export,800,Uganda,4154.84
2015,Gaseous NG (271121),Export,826,United Kingdom,3374588206.492
2015,Gaseous NG (271121),Export,834,Tanzania,25122.98
2015,Gaseous NG (271121),Export,842,United States of America,4391446682.0
2015,Gaseous NG (271121),Export,894,Zambia,14497.024
2015,Gaseous NG (271121),Import,24,Angola,6777.42
2015,Gaseous NG (271121),Import,31,Azerbaijan,2360166.2
2015,Gaseous NG (271121),Import,32,Argentina,1382860813.05
2015,Gaseous NG (271121),Import,48,Bahrain,3204.41
2015,Gaseous NG (271121),Import,51,Armenia,429468310.81
2015,Gaseous NG (271121),Import,56,Belgium,8613770865.998
2015,Gaseous NG (271121),Import,70,Bosnia and Herzegovina,78877378.0
2015,Gaseous NG (271121),Import,72,Botswana,191244.638
2015,Gaseous NG (271121),Import,76,Brazil,2752505498.0
2015,Gaseous NG (271121),Import,90,Solomon Islands,3899.704
2015,Gaseous NG (271121),Import,96,Brunei Darussalam,100.493
2015,Gaseous NG (271121),Import,100,Bulgaria,783674690.348
2015,Gaseous NG (271121),Import,104,Myanmar,75038.54000000001
2015,Gaseous NG (271121),Import,112,Belarus,2714812000.0
2015,Gaseous NG (271121),Import,116,Cambodia,226242.36
2015,Gaseous NG (271121),Import,124,Canada,2330383350.453
2015,Gaseous NG (271121),Import,152,Chile,1638933.48
2015,Gaseous NG (271121),Import,170,Colombia,3050.37
2015,Gaseous NG (271121),Import,178,Congo,17479.062
2015,Gaseous NG (271121),Import,180,Democratic Republic of the Congo,25442.17
2015,Gaseous NG (271121),Import,191,Croatia,285852406.0
2015,Gaseous NG (271121),Import,203,Czechia,2465690380.0
2015,Gaseous NG (271121),Import,208,Denmark,96535986.235
2015,Gaseous NG (271121),Import,214,Dominican Republic,283.41200000000003
2015,Gaseous NG (271121),Import,218,Ecuador,243.43
2015,Gaseous NG (271121),Import,231,Ethiopia,20274.845999999998
2015,Gaseous NG (271121),Import,233,Estonia,144075055.415
2015,Gaseous NG (271121),Import,246,Finland,593649237.665
2015,Gaseous NG (271121),Import,251,France and Monaco,11024048277.261
2015,Gaseous NG (271121),Import,268,Georgia,409497940.0
2015,Gaseous NG (271121),Import,270,Gambia,441.427
2015,Gaseous NG (271121),Import,276,Germany,31314517882.350998
2015,Gaseous NG (271121),Import,288,Ghana,319423.324
2015,Gaseous NG (271121),Import,300,Greece,655347579.638
2015,Gaseous NG (271121),Import,344,China Hong Kong,1520628271.141
2015,Gaseous NG (271121),Import,348,Hungary,2124753380.0
2015,Gaseous NG (271121),Import,360,Indonesia,3422.0
2015,Gaseous NG (271121),Import,372,Ireland,1233315648.151
2015,Gaseous NG (271121),Import,376,Israel,117002000.0
2015,Gaseous NG (271121),Import,380,Italy,14825099825.522
2015,Gaseous NG (271121),Import,398,Kazakhstan,439016906.40000004
2015,Gaseous NG (271121),Import,410,Republic of Korea,70182.0
2015,Gaseous NG (271121),Import,417,Kyrgyzstan,40245574.0
2015,Gaseous NG (271121),Import,418,Lao People's Democratic Republic,226242.36
2015,Gaseous NG (271121),Import,426,Lesotho,85132.576
2015,Gaseous NG (271121),Import,428,Latvia,345214361.031
2015,Gaseous NG (271121),Import,440,Lithuania,659744852.0
2015,Gaseous NG (271121),Import,454,Malawi,132501.281
2015,Gaseous NG (271121),Import,458,Malaysia,327557859.13199997
2015,Gaseous NG (271121),Import,480,Mauritius,4335.994
2015,Gaseous NG (271121),Import,484,Mexico,2958265496.0
2015,Gaseous NG (271121),Import,499,Montenegro,2403411.569
2015,Gaseous NG (271121),Import,504,Morocco,300727976.203
2015,Gaseous NG (271121),Import,508,Mozambique,1442.2990000000002
2015,Gaseous NG (271121),Import,512,Oman,19890.766
2015,Gaseous NG (271121),Import,528,Netherlands,1646626.794
2015,Gaseous NG (271121),Import,585,Palau,159.47
2015,Gaseous NG (271121),Import,586,Pakistan,2083.109
2015,Gaseous NG (271121),Import,604,Peru,4479.89
2015,Gaseous NG (271121),Import,620,Portugal,931426479.14
2015,Gaseous NG (271121),Import,634,Qatar,603610.362
2015,Gaseous NG (271121),Import,642,Romania,59120640.469000004
2015,Gaseous NG (271121),Import,646,Rwanda,1650.881
2015,Gaseous NG (271121),Import,688,Serbia,979750400.0
2015,Gaseous NG (271121),Import,699,India,5764.957
2015,Gaseous NG (271121),Import,702,Singapore,2597669640.495
2015,Gaseous NG (271121),Import,703,Slovakia,1621899891.125
2015,Gaseous NG (271121),Import,704,Vietnam,52347.193
2015,Gaseous NG (271121),Import,705,Slovenia,389655557.106
2015,Gaseous NG (271121),Import,710,South Africa,5810.909
2015,Gaseous NG (271121),Import,716,Zimbabwe,6192.51
2015,Gaseous NG (271121),Import,724,Spain,4745490883.98
2015,Gaseous NG (271121),Import,729,Sudan,165.0
2015,Gaseous NG (271121),Import,748,Eswatini,857.7350000000001
2015,Gaseous NG (271121),Import,752,Sweden,225947370.265
2015,Gaseous NG (271121),Import,757,Switzerland,1097641148.974
2015,Gaseous NG (271121),Import,764,Thailand,3272545320.31
2015,Gaseous NG (271121),Import,780,Trinidad and Tobago,29853.042
2015,Gaseous NG (271121),Import,804,Ukraine,986989500.0
2015,Gaseous NG (271121),Import,807,North Macedonia,49473731.26
2015,Gaseous NG (271121),Import,826,United Kingdom,7075073280.411
2015,Gaseous NG (271121),Import,842,United States of America,8413730862.0
2015,Gaseous NG (271121),Import,858,Uruguay,1952996.08
2015,Gaseous NG (271121),Import,882,Samoa,9012.072
2015,Gaseous NG (271121),Import,894,Zambia,57.25
2015,LNG (271111),Export,12,Algeria,4682407670.512
2015,LNG (271111),Export,32,Argentina,2409.46
2015,LNG (271111),Export,36,Australia,12553910329.802
2015,LNG (271111),Export,56,Belgium,244818828.568
2015,LNG (271111),Export,72,Botswana,70309.546
2015,LNG (271111),Export,76,Brazil,560459.0
2015,LNG (271111),Export,96,Brunei Darussalam,3538509484.552
2015,LNG (271111),Export,104,Myanmar,4640703331.877
2015,LNG (271111),Export,214,Dominican Republic,508912.82
2015,LNG (271111),Export,233,Estonia,16.169
2015,LNG (271111),Export,251,France and Monaco,116294487.81899999
2015,LNG (271111),Export,268,Georgia,2640.0
2015,LNG (271111),Export,276,Germany,356357.733
2015,LNG (271111),Export,288,Ghana,90080.755
2015,LNG (271111),Export,300,Greece,56.358
2015,LNG (271111),Export,308,Grenada,35498.853
2015,LNG (271111),Export,360,Indonesia,7356929527.86
2015,LNG (271111),Export,380,Italy,3226078.513
2015,LNG (271111),Export,384,Côte d'Ivoire,46.263
2015,LNG (271111),Export,398,Kazakhstan,1223923.17
2015,LNG (271111),Export,410,Republic of Korea,17200.0
2015,LNG (271111),Export,426,Lesotho,36968.641
2015,LNG (271111),Export,442,Luxembourg,1850.358
2015,LNG (271111),Export,454,Malawi,10143.559
2015,LNG (271111),Export,458,Malaysia,12168071052.644001
2015,LNG (271111),Export,508,Mozambique,231051636.55
2015,LNG (271111),Export,512,Oman,210944931.158
2015,LNG (271111),Export,528,Netherlands,273010397.991
2015,LNG (271111),Export,554,New Zealand,511389.977
2015,LNG (271111),Export,579,Norway,1320648168.806
2015,LNG (271111),Export,604,Peru,449075246.97
2015,LNG (271111),Export,608,Philippines,46658.0
2015,LNG (271111),Export,642,Romania,11.15
2015,LNG (271111),Export,643,Russian Federation,4546148086.0
2015,LNG (271111),Export,646,Rwanda,28446.076
2015,LNG (271111),Export,682,Saudi Arabia,1186074907.402
2015,LNG (271111),Export,699,India,125153928.793
2015,LNG (271111),Export,702,Singapore,95198624.244
2015,LNG (271111),Export,704,Vietnam,2445.95
2015,LNG (271111),Export,710,South Africa,8986072.522
2015,LNG (271111),Export,724,Spain,450884977.409
2015,LNG (271111),Export,729,Sudan,1080378.58
2015,LNG (271111),Export,748,Eswatini,540.662
2015,LNG (271111),Export,752,Sweden,13053135.498
2015,LNG (271111),Export,757,Switzerland,545.398
2015,LNG (271111),Export,764,Thailand,144922.47
2015,LNG (271111),Export,780,Trinidad and Tobago,2827598638.805
2015,LNG (271111),Export,800,Uganda,3590.71
2015,LNG (271111),Export,818,Egypt,42723572.54
2015,LNG (271111),Export,826,United Kingdom,72179326.29
2015,LNG (271111),Export,834,Tanzania,33361.084
2015,LNG (271111),Export,842,United States of America,383641929.0
2015,LNG (271111),Export,894,Zambia,2495.195
2015,LNG (271111),Import,12,Algeria,15762.07
2015,LNG (271111),Import,24,Angola,5360.889999999999
2015,LNG (271111),Import,31,Azerbaijan,32.0
2015,LNG (271111),Import,32,Argentina,2169238424.02
2015,LNG (271111),Import,36,Australia,29876282.513
2015,LNG (271111),Import,52,Barbados,41278.0
2015,LNG (271111),Import,56,Belgium,892828581.09
2015,LNG (271111),Import,72,Botswana,3968293.393
2015,LNG (271111),Import,76,Brazil,2891395607.0
2015,LNG (271111),Import,90,Solomon Islands,28172.451
2015,LNG (271111),Import,96,Brunei Darussalam,3171.913
2015,LNG (271111),Import,100,Bulgaria,98355921.051
2015,LNG (271111),Import,104,Myanmar,38629.31
2015,LNG (271111),Import,112,Belarus,1400.0
2015,LNG (271111),Import,116,Cambodia,208288.0
2015,LNG (271111),Import,124,Canada,162239585.844
2015,LNG (271111),Import,132,Cape Verde,126.782
2015,LNG (271111),Import,152,Chile,800992505.82
2015,LNG (271111),Import,174,Comoros,660.191
2015,LNG (271111),Import,178,Congo,8333.529999999999
2015,LNG (271111),Import,180,Democratic Republic of the Congo,29.591
2015,LNG (271111),Import,191,Croatia,12277182.0
2015,LNG (271111),Import,203,Czechia,13773.0
2015,LNG (271111),Import,208,Denmark,338375.779
2015,LNG (271111),Import,214,Dominican Republic,182540800.498
2015,LNG (271111),Import,233,Estonia,271850.0
2015,LNG (271111),Import,251,France and Monaco,1911385271.473
2015,LNG (271111),Import,258,French Polynesia,533.629
2015,LNG (271111),Import,270,Gambia,1921.4850000000001
2015,LNG (271111),Import,276,Germany,13654606.851
2015,LNG (271111),Import,288,Ghana,22211.810999999998
2015,LNG (271111),Import,300,Greece,150441078.68
2015,LNG (271111),Import,308,Grenada,36442.927
2015,LNG (271111),Import,320,Guatemala,83.0
2015,LNG (271111),Import,328,Guyana,9127.116
2015,LNG (271111),Import,344,China Hong Kong,1610.061
2015,LNG (271111),Import,352,Iceland,3095.762
2015,LNG (271111),Import,372,Ireland,3294244.888
2015,LNG (271111),Import,376,Israel,1000.0
2015,LNG (271111),Import,380,Italy,1401165909.6729999
2015,LNG (271111),Import,384,Côte d'Ivoire,18450.666
2015,LNG (271111),Import,392,Japan,45776443089.476
2015,LNG (271111),Import,410,Republic of Korea,18779095362.0
2015,LNG (271111),Import,414,Kuwait,13258.260999999999
2015,LNG (271111),Import,417,Kyrgyzstan,128640.0
2015,LNG (271111),Import,418,Lao People's Democratic Republic,208288.0
2015,LNG (271111),Import,426,Lesotho,4921968.669
2015,LNG (271111),Import,440,Lithuania,182086029.0
2015,LNG (271111),Import,442,Luxembourg,31482.571
2015,LNG (271111),Import,454,Malawi,2585.807
2015,LNG (271111),Import,458,Malaysia,731750346.318
2015,LNG (271111),Import,480,Mauritius,82.217
2015,LNG (271111),Import,484,Mexico,107239685.0
2015,LNG (271111),Import,504,Morocco,223.17
2015,LNG (271111),Import,508,Mozambique,3368491.244
2015,LNG (271111),Import,528,Netherlands,522698307.441
2015,LNG (271111),Import,554,New Zealand,1579.55
2015,LNG (271111),Import,586,Pakistan,355541073.396
2015,LNG (271111),Import,608,Philippines,5960.0
2015,LNG (271111),Import,620,Portugal,341586166.696
2015,LNG (271111),Import,634,Qatar,58747.652
2015,LNG (271111),Import,643,Russian Federation,212.0
2015,LNG (271111),Import,646,Rwanda,1069348.223
2015,LNG (271111),Import,670,Saint Vincent and the Grenadines,97.778
2015,LNG (271111),Import,682,Saudi Arabia,33155.775
2015,LNG (271111),Import,690,Seychelles,3371.372
2015,LNG (271111),Import,699,India,7103335611.41
2015,LNG (271111),Import,702,Singapore,972335642.285
2015,LNG (271111),Import,703,Slovakia,10552004.618999999
2015,LNG (271111),Import,710,South Africa,314345879.838
2015,LNG (271111),Import,716,Zimbabwe,64054.340000000004
2015,LNG (271111),Import,724,Spain,3459428030.3840003
2015,LNG (271111),Import,729,Sudan,1807.0
2015,LNG (271111),Import,748,Eswatini,2585635.47
2015,LNG (271111),Import,752,Sweden,94974144.953
2015,LNG (271111),Import,757,Switzerland,455996.212
2015,LNG (271111),Import,764,Thailand,1399918640.3400002
2015,LNG (271111),Import,780,Trinidad and Tobago,6326.342000000001
2015,LNG (271111),Import,800,Uganda,1355814.45
2015,LNG (271111),Import,807,North Macedonia,22275.9
2015,LNG (271111),Import,818,Egypt,1364461654.04
2015,LNG (271111),Import,826,United Kingdom,2994719500.079
2015,LNG (271111),Import,834,Tanzania,1355019.553
2015,LNG (271111),Import,842,United States of America,1063825926.0
2015,LNG (271111),Import,854,Burkina Faso,16169.669
2015,LNG (271111),Import,882,Samoa,47.748
2015,LNG (271111),Import,894,Zambia,49501.971000000005
2016,Gaseous NG (271121),Export,12,Algeria,6407821756.333
2016,Gaseous NG (271121),Export,31,Azerbaijan,864447796.1600001
2016,Gaseous NG (271121),Export,32,Argentina,39151295.14
2016,Gaseous NG (271121),Export,36,Australia,3835.229
2016,Gaseous NG (271121),Export,51,Armenia,4692420.0
2016,Gaseous NG (271121),Export,56,Belgium,3878819355.19
2016,Gaseous NG (271121),Export,68,Bolivia,2049100009.37
2016,Gaseous NG (271121),Export,76,Brazil,832.0
2016,Gaseous NG (271121),Export,100,Bulgaria,978980.199
2016,Gaseous NG (271121),Export,124,Canada,6511930265.892
2016,Gaseous NG (271121),Export,152,Chile,90565155.0
2016,Gaseous NG (271121),Export,156,China,1011786298.0
2016,Gaseous NG (271121),Export,191,Croatia,54730902.0
2016,Gaseous NG (271121),Export,203,Czechia,466254745.0
2016,Gaseous NG (271121),Export,242,Fiji,9857.347
2016,Gaseous NG (271121),Export,251,France and Monaco,742758504.688
2016,Gaseous NG (271121),Export,276,Germany,5497116665.16
2016,Gaseous NG (271121),Export,300,Greece,2021.524
2016,Gaseous NG (271121),Export,328,Guyana,10.001
2016,Gaseous NG (271121),Export,348,Hungary,74555714.0
2016,Gaseous NG (271121),Export,360,Indonesia,1845914563.84
2016,Gaseous NG (271121),Export,372,Ireland,9318097.924
2016,Gaseous NG (271121),Export,376,Israel,2131000.0
2016,Gaseous NG (271121),Export,380,Italy,32266417.723
2016,Gaseous NG (271121),Export,384,Côte d'Ivoire,397.39099999999996
2016,Gaseous NG (271121),Export,392,Japan,59077.204
2016,Gaseous NG (271121),Export,398,Kazakhstan,1283687049.8
2016,Gaseous NG (271121),Export,410,Republic of Korea,6740.0
2016,Gaseous NG (271121),Export,426,Lesotho,49048.178
2016,Gaseous NG (271121),Export,428,Latvia,3445137.165
2016,Gaseous NG (271121),Export,440,Lithuania,1398202.0
2016,Gaseous NG (271121),Export,442,Luxembourg,15.342
2016,Gaseous NG (271121),Export,508,Mozambique,56952475.0
2016,Gaseous NG (271121),Export,579,Norway,17669267968.918
2016,Gaseous NG (271121),Export,604,Peru,6.0
2016,Gaseous NG (271121),Export,642,Romania,256004.25
2016,Gaseous NG (271121),Export,646,Rwanda,15379.798999999999
2016,Gaseous NG (271121),Export,688,Serbia,1742245.0
2016,Gaseous NG (271121),Export,699,India,1280773.347
2016,Gaseous NG (271121),Export,702,Singapore,144785.742
2016,Gaseous NG (271121),Export,703,Slovakia,27810914.389
2016,Gaseous NG (271121),Export,704,Vietnam,9600.0
2016,Gaseous NG (271121),Export,705,Slovenia,104067165.242
2016,Gaseous NG (271121),Export,710,South Africa,164693.806
2016,Gaseous NG (271121),Export,724,Spain,222788.54499999998
2016,Gaseous NG (271121),Export,752,Sweden,1367611.6409999998
2016,Gaseous NG (271121),Export,757,Switzerland,15752.865
2016,Gaseous NG (271121),Export,764,Thailand,101960.93000000001
2016,Gaseous NG (271121),Export,826,United Kingdom,1655676280.053
2016,Gaseous NG (271121),Export,842,United States of America,3652343397.0
2016,Gaseous NG (271121),Import,24,Angola,22840.44
2016,Gaseous NG (271121),Import,31,Azerbaijan,38257396.519999996
2016,Gaseous NG (271121),Import,32,Argentina,899155163.0
2016,Gaseous NG (271121),Import,51,Armenia,346360586.5
2016,Gaseous NG (271121),Import,56,Belgium,6539339877.424
2016,Gaseous NG (271121),Import,60,Bermuda,98.08
2016,Gaseous NG (271121),Import,68,Bolivia,7571.26
2016,Gaseous NG (271121),Import,70,Bosnia and Herzegovina,45911775.0
2016,Gaseous NG (271121),Import,76,Brazil,1416005190.0
2016,Gaseous NG (271121),Import,96,Brunei Darussalam,512.758
2016,Gaseous NG (271121),Import,100,Bulgaria,479878508.969
2016,Gaseous NG (271121),Import,112,Belarus,2546915000.0
2016,Gaseous NG (271121),Import,116,Cambodia,237354.0
2016,Gaseous NG (271121),Import,124,Canada,1594060810.583
2016,Gaseous NG (271121),Import,156,China,7553915652.0
2016,Gaseous NG (271121),Import,170,Colombia,20614.85
2016,Gaseous NG (271121),Import,178,Congo,1519.673
2016,Gaseous NG (271121),Import,180,Democratic Republic of the Congo,53299.28
2016,Gaseous NG (271121),Import,191,Croatia,250141608.0
2016,Gaseous NG (271121),Import,203,Czechia,1266524056.0
2016,Gaseous NG (271121),Import,204,Benin,507.336
2016,Gaseous NG (271121),Import,208,Denmark,98159509.583
2016,Gaseous NG (271121),Import,218,Ecuador,3.9
2016,Gaseous NG (271121),Import,231,Ethiopia,1990.309
2016,Gaseous NG (271121),Import,233,Estonia,88857326.483
2016,Gaseous NG (271121),Import,242,Fiji,3300.55
2016,Gaseous NG (271121),Import,246,Finland,419676585.406
2016,Gaseous NG (271121),Import,251,France and Monaco,7820846763.719999
2016,Gaseous NG (271121),Import,268,Georgia,310383646.0
2016,Gaseous NG (271121),Import,276,Germany,22610677482.527
2016,Gaseous NG (271121),Import,300,Greece,540706084.563
2016,Gaseous NG (271121),Import,344,China Hong Kong,1096465845.159
2016,Gaseous NG (271121),Import,348,Hungary,1314172658.0
2016,Gaseous NG (271121),Import,352,Iceland,428.523
2016,Gaseous NG (271121),Import,360,Indonesia,230.0
2016,Gaseous NG (271121),Import,372,Ireland,749790562.429
2016,Gaseous NG (271121),Import,376,Israel,129860000.0
2016,Gaseous NG (271121),Import,380,Italy,11030083950.584
2016,Gaseous NG (271121),Import,392,Japan,12624.345000000001
2016,Gaseous NG (271121),Import,398,Kazakhstan,471994137.02
2016,Gaseous NG (271121),Import,410,Republic of Korea,140973.0
2016,Gaseous NG (271121),Import,417,Kyrgyzstan,40285318.0
2016,Gaseous NG (271121),Import,418,Lao People's Democratic Republic,237354.0
2016,Gaseous NG (271121),Import,426,Lesotho,106734.73999999999
2016,Gaseous NG (271121),Import,428,Latvia,261158732.0
2016,Gaseous NG (271121),Import,440,Lithuania,193910461.0
2016,Gaseous NG (271121),Import,454,Malawi,58209.9
2016,Gaseous NG (271121),Import,458,Malaysia,144641809.531
2016,Gaseous NG (271121),Import,480,Mauritius,8919.028
2016,Gaseous NG (271121),Import,484,Mexico,2211882622.0
2016,Gaseous NG (271121),Import,498,Republic of Moldova,200885584.0
2016,Gaseous NG (271121),Import,499,Montenegro,1593787.411
2016,Gaseous NG (271121),Import,508,Mozambique,1424.336
2016,Gaseous NG (271121),Import,586,Pakistan,6240.544
2016,Gaseous NG (271121),Import,620,Portugal,717260250.667
2016,Gaseous NG (271121),Import,634,Qatar,408342.097
2016,Gaseous NG (271121),Import,642,Romania,267307992.819
2016,Gaseous NG (271121),Import,688,Serbia,472582380.0
2016,Gaseous NG (271121),Import,699,India,1427.113
2016,Gaseous NG (271121),Import,702,Singapore,1833618050.14
2016,Gaseous NG (271121),Import,703,Slovakia,1267800866.495
2016,Gaseous NG (271121),Import,704,Vietnam,23089.139
2016,Gaseous NG (271121),Import,705,Slovenia,276660330.415
2016,Gaseous NG (271121),Import,710,South Africa,46994.406
2016,Gaseous NG (271121),Import,716,Zimbabwe,21080.93
2016,Gaseous NG (271121),Import,724,Spain,3352919726.148
2016,Gaseous NG (271121),Import,729,Sudan,38732.0
2016,Gaseous NG (271121),Import,748,Eswatini,1127.779
2016,Gaseous NG (271121),Import,752,Sweden,179766242.586
2016,Gaseous NG (271121),Import,757,Switzerland,828244335.729
2016,Gaseous NG (271121),Import,764,Thailand,1950848204.81
2016,Gaseous NG (271121),Import,780,Trinidad and Tobago,40199.527
2016,Gaseous NG (271121),Import,800,Uganda,290.0
2016,Gaseous NG (271121),Import,804,Ukraine,2166982000.0
2016,Gaseous NG (271121),Import,807,North Macedonia,40261237.44
2016,Gaseous NG (271121),Import,826,United Kingdom,6634382069.254
2016,Gaseous NG (271121),Import,842,United States of America,6528183409.0
2016,Gaseous NG (271121),Import,858,Uruguay,6742684.78
2016,Gaseous NG (271121),Import,894,Zambia,6714.137000000001
2016,LNG (271111),Export,12,Algeria,3047330282.873
2016,LNG (271111),Export,36,Australia,13448654368.892
2016,LNG (271111),Export,56,Belgium,188706759.405
2016,LNG (271111),Export,76,Brazil,94258917.0
2016,LNG (271111),Export,96,Brunei Darussalam,2402836972.291
2016,LNG (271111),Export,104,Myanmar,3170212210.91
2016,LNG (271111),Export,214,Dominican Republic,297951.585
2016,LNG (271111),Export,242,Fiji,29742.206
2016,LNG (271111),Export,246,Finland,272045.157
2016,LNG (271111),Export,251,France and Monaco,258283593.972
2016,LNG (271111),Export,276,Germany,5655.5
2016,LNG (271111),Export,288,Ghana,3683.154
2016,LNG (271111),Export,300,Greece,9.049
2016,LNG (271111),Export,360,Indonesia,5146437139.886
2016,LNG (271111),Export,380,Italy,6354043.244
2016,LNG (271111),Export,426,Lesotho,11927.539
2016,LNG (271111),Export,442,Luxembourg,1355.259
2016,LNG (271111),Export,458,Malaysia,7676808039.017
2016,LNG (271111),Export,499,Montenegro,63.714
2016,LNG (271111),Export,508,Mozambique,221535231.55
2016,LNG (271111),Export,512,Oman,1316644875.0
2016,LNG (271111),Export,554,New Zealand,353432.673
2016,LNG (271111),Export,579,Norway,924965387.169
2016,LNG (271111),Export,604,Peru,523376070.36
2016,LNG (271111),Export,643,Russian Federation,2899797471.08
2016,LNG (271111),Export,646,Rwanda,28087.864
2016,LNG (271111),Export,682,Saudi Arabia,1055467985.988
2016,LNG (271111),Export,690,Seychelles,154.19
2016,LNG (271111),Export,699,India,22076232.37
2016,LNG (271111),Export,702,Singapore,105117828.168
2016,LNG (271111),Export,704,Vietnam,3229.57
2016,LNG (271111),Export,710,South Africa,7413813.235
2016,LNG (271111),Export,724,Spain,21844462.283
2016,LNG (271111),Export,729,Sudan,1597210.0
2016,LNG (271111),Export,752,Sweden,11573625.779000001
2016,LNG (271111),Export,757,Switzerland,362.787
2016,LNG (271111),Export,764,Thailand,2884.42
2016,LNG (271111),Export,780,Trinidad and Tobago,1448611277.725
2016,LNG (271111),Export,800,Uganda,9073.279999999999
2016,LNG (271111),Export,804,Ukraine,948.33
2016,LNG (271111),Export,818,Egypt,127886511.46000001
2016,LNG (271111),Export,826,United Kingdom,93766387.934
2016,LNG (271111),Export,842,United States of America,959073419.0
2016,LNG (271111),Export,894,Zambia,5661.949
2016,LNG (271111),Import,12,Algeria,6869.19
2016,LNG (271111),Import,20,Andorra,163046.207
2016,LNG (271111),Import,24,Angola,1182.73
2016,LNG (271111),Import,32,Argentina,996704920.17
2016,LNG (271111),Import,36,Australia,3449.943
2016,LNG (271111),Import,48,Bahrain,1687.577
2016,LNG (271111),Import,51,Armenia,14780.0
2016,LNG (271111),Import,52,Barbados,1566787.5
2016,LNG (271111),Import,56,Belgium,399840933.285
2016,LNG (271111),Import,60,Bermuda,575.0
2016,LNG (271111),Import,76,Brazil,811124222.0
2016,LNG (271111),Import,96,Brunei Darussalam,1191.792
2016,LNG (271111),Import,108,Burundi,28388.857
2016,LNG (271111),Import,112,Belarus,1200.0
2016,LNG (271111),Import,116,Cambodia,256148.0
2016,LNG (271111),Import,124,Canada,69702639.425
2016,LNG (271111),Import,152,Chile,799326768.4
2016,LNG (271111),Import,156,China,8935078294.0
2016,LNG (271111),Import,170,Colombia,19082797.91
2016,LNG (271111),Import,174,Comoros,234.892
2016,LNG (271111),Import,178,Congo,28812.239999999998
2016,LNG (271111),Import,203,Czechia,59526.0
2016,LNG (271111),Import,208,Denmark,360816.68200000003
2016,LNG (271111),Import,214,Dominican Republic,214199300.077
2016,LNG (271111),Import,231,Ethiopia,4889.556
2016,LNG (271111),Import,233,Estonia,553900.529
2016,LNG (271111),Import,242,Fiji,835.9000000000001
2016,LNG (271111),Import,246,Finland,4980468.519
2016,LNG (271111),Import,251,France and Monaco,1697985829.7910001
2016,LNG (271111),Import,258,French Polynesia,244.465
2016,LNG (271111),Import,270,Gambia,3317.197
2016,LNG (271111),Import,276,Germany,16014147.086
2016,LNG (271111),Import,288,Ghana,29140.896999999997
2016,LNG (271111),Import,300,Greece,155868732.871
2016,LNG (271111),Import,328,Guyana,18123.731
2016,LNG (271111),Import,340,Honduras,4514.0
2016,LNG (271111),Import,344,China Hong Kong,1572.13
2016,LNG (271111),Import,352,Iceland,12129.243999999999
2016,LNG (271111),Import,360,Indonesia,841.0
2016,LNG (271111),Import,372,Ireland,14207.086000000001
2016,LNG (271111),Import,380,Italy,503806014.818
2016,LNG (271111),Import,384,Côte d'Ivoire,2329.1440000000002
2016,LNG (271111),Import,392,Japan,30049308242.802
2016,LNG (271111),Import,398,Kazakhstan,3285.0
2016,LNG (271111),Import,410,Republic of Korea,12169979550.0
2016,LNG (271111),Import,417,Kyrgyzstan,35242.0
2016,LNG (271111),Import,418,Lao People's Democratic Republic,256148.0
2016,LNG (271111),Import,426,Lesotho,3288887.296
2016,LNG (271111),Import,440,Lithuania,248739761.0
2016,LNG (271111),Import,442,Luxembourg,6352.849
2016,LNG (271111),Import,446,China Macau,2202366.503
2016,LNG (271111),Import,454,Malawi,24639.189
2016,LNG (271111),Import,458,Malaysia,378120948.387
2016,LNG (271111),Import,480,Mauritius,110.14
2016,LNG (271111),Import,484,Mexico,155802839.0
2016,LNG (271111),Import,508,Mozambique,1594.653
2016,LNG (271111),Import,528,Netherlands,47246524.916
2016,LNG (271111),Import,540,New Caledonia,228.837
2016,LNG (271111),Import,554,New Zealand,40373.659
2016,LNG (271111),Import,562,Niger,1101.79
2016,LNG (271111),Import,586,Pakistan,849869604.839
2016,LNG (271111),Import,620,Portugal,253072845.284
2016,LNG (271111),Import,634,Qatar,102102.062
2016,LNG (271111),Import,643,Russian Federation,214.51999999999998
2016,LNG (271111),Import,646,Rwanda,1331705.738
2016,LNG (271111),Import,678,Sao Tome and Principe,798.22
2016,LNG (271111),Import,682,Saudi Arabia,35200.044
2016,LNG (271111),Import,690,Seychelles,14567875.424999999
2016,LNG (271111),Import,699,India,5427169453.759
2016,LNG (271111),Import,702,Singapore,782934464.946
2016,LNG (271111),Import,703,Slovakia,217062.71600000001
2016,LNG (271111),Import,704,Vietnam,2575.0
2016,LNG (271111),Import,705,Slovenia,1693932.016
2016,LNG (271111),Import,710,South Africa,211204271.128
2016,LNG (271111),Import,716,Zimbabwe,85708.27
2016,LNG (271111),Import,724,Spain,2836094858.2530003
2016,LNG (271111),Import,729,Sudan,3912.0
2016,LNG (271111),Import,748,Eswatini,1504282.484
2016,LNG (271111),Import,752,Sweden,74994974.169
2016,LNG (271111),Import,757,Switzerland,452429.581
2016,LNG (271111),Import,764,Thailand,951404146.93
2016,LNG (271111),Import,800,Uganda,340766.13
2016,LNG (271111),Import,818,Egypt,2305954235.62
2016,LNG (271111),Import,826,United Kingdom,1428322338.179
2016,LNG (271111),Import,842,United States of America,687800448.0
2016,LNG (271111),Import,854,Burkina Faso,12319.377
2016,LNG (271111),Import,894,Zambia,847.358
2017,Gaseous NG (271121),Export,12,Algeria,2161410926.684
2017,Gaseous NG (271121),Export,31,Azerbaijan,931381917.0699999
2017,Gaseous NG (271121),Export,32,Argentina,27119030.84
2017,Gaseous NG (271121),Export,36,Australia,75623.693
2017,Gaseous NG (271121),Export,48,Bahrain,234.042
2017,Gaseous NG (271121),Export,56,Belgium,5923213876.982
2017,Gaseous NG (271121),Export,68,Bolivia,2581329350.22
2017,Gaseous NG (271121),Export,72,Botswana,5390.109
2017,Gaseous NG (271121),Export,96,Brunei Darussalam,1993.924
2017,Gaseous NG (271121),Export,100,Bulgaria,1841648.919
2017,Gaseous NG (271121),Export,104,Myanmar,286244267.622
2017,Gaseous NG (271121),Export,124,Canada,7927497834.569
2017,Gaseous NG (271121),Export,152,Chile,72392286.0
2017,Gaseous NG (271121),Export,156,China,1073727880.0
2017,Gaseous NG (271121),Export,170,Colombia,678.0
2017,Gaseous NG (271121),Export,191,Croatia,35618302.0
2017,Gaseous NG (271121),Export,203,Czechia,100316825.0
2017,Gaseous NG (271121),Export,251,France and Monaco,1377284650.499
2017,Gaseous NG (271121),Export,276,Germany,7023286784.5
2017,Gaseous NG (271121),Export,300,Greece,104468.544
2017,Gaseous NG (271121),Export,348,Hungary,320836287.0
2017,Gaseous NG (271121),Export,360,Indonesia,2486797246.93
2017,Gaseous NG (271121),Export,372,Ireland,4859033.354
2017,Gaseous NG (271121),Export,376,Israel,16549000.0
2017,Gaseous NG (271121),Export,380,Italy,39039513.234
2017,Gaseous NG (271121),Export,384,Côte d'Ivoire,338.431
2017,Gaseous NG (271121),Export,392,Japan,58090.625
2017,Gaseous NG (271121),Export,398,Kazakhstan,1578463844.8799999
2017,Gaseous NG (271121),Export,410,Republic of Korea,14863.0
2017,Gaseous NG (271121),Export,426,Lesotho,39450.031
2017,Gaseous NG (271121),Export,428,Latvia,8261189.943999999
2017,Gaseous NG (271121),Export,440,Lithuania,43507714.0
2017,Gaseous NG (271121),Export,442,Luxembourg,4.687
2017,Gaseous NG (271121),Export,484,Mexico,205721.0
2017,Gaseous NG (271121),Export,508,Mozambique,125498561.02
2017,Gaseous NG (271121),Export,516,Namibia,39125.019
2017,Gaseous NG (271121),Export,579,Norway,22549868959.213
2017,Gaseous NG (271121),Export,604,Peru,71.0
2017,Gaseous NG (271121),Export,642,Romania,5189773.65
2017,Gaseous NG (271121),Export,686,Senegal,1359.823
2017,Gaseous NG (271121),Export,688,Serbia,1276706.0
2017,Gaseous NG (271121),Export,699,India,5159.342
2017,Gaseous NG (271121),Export,702,Singapore,117256.07
2017,Gaseous NG (271121),Export,703,Slovakia,64899178.19500001
2017,Gaseous NG (271121),Export,705,Slovenia,124157965.28999999
2017,Gaseous NG (271121),Export,710,South Africa,290551.283
2017,Gaseous NG (271121),Export,724,Spain,1968.436
2017,Gaseous NG (271121),Export,752,Sweden,1154918.422
2017,Gaseous NG (271121),Export,757,Switzerland,12432.162
2017,Gaseous NG (271121),Export,764,Thailand,414618.58
2017,Gaseous NG (271121),Export,784,United Arab Emirates,10370.866
2017,Gaseous NG (271121),Export,826,United Kingdom,2188039695.111
2017,Gaseous NG (271121),Export,842,United States of America,4652219384.0
2017,Gaseous NG (271121),Export,894,Zambia,1974.312
2017,Gaseous NG (271121),Import,24,Angola,14891.310000000001
2017,Gaseous NG (271121),Import,31,Azerbaijan,58985346.26
2017,Gaseous NG (271121),Import,32,Argentina,1257723192.72
2017,Gaseous NG (271121),Import,36,Australia,4969.439
2017,Gaseous NG (271121),Import,51,Armenia,355949391.0
2017,Gaseous NG (271121),Import,56,Belgium,9253153299.623
2017,Gaseous NG (271121),Import,60,Bermuda,168.0
2017,Gaseous NG (271121),Import,70,Bosnia and Herzegovina,55261389.26
2017,Gaseous NG (271121),Import,72,Botswana,452655.875
2017,Gaseous NG (271121),Import,76,Brazil,1364647866.0
2017,Gaseous NG (271121),Import,96,Brunei Darussalam,442.06899999999996
2017,Gaseous NG (271121),Import,100,Bulgaria,601097167.686
2017,Gaseous NG (271121),Import,104,Myanmar,503.99
2017,Gaseous NG (271121),Import,108,Burundi,51.617
2017,Gaseous NG (271121),Import,112,Belarus,2779233300.0
2017,Gaseous NG (271121),Import,116,Cambodia,176889.0
2017,Gaseous NG (271121),Import,124,Canada,2619365385.111
2017,Gaseous NG (271121),Import,152,Chile,1548968.65
2017,Gaseous NG (271121),Import,156,China,8523380354.0
2017,Gaseous NG (271121),Import,170,Colombia,78521.09
2017,Gaseous NG (271121),Import,178,Congo,16790.339
2017,Gaseous NG (271121),Import,180,Democratic Republic of the Congo,2734.065
2017,Gaseous NG (271121),Import,191,Croatia,345344499.0
2017,Gaseous NG (271121),Import,203,Czechia,1848213829.0
2017,Gaseous NG (271121),Import,208,Denmark,75352825.391
2017,Gaseous NG (271121),Import,233,Estonia,103326325.228
2017,Gaseous NG (271121),Import,242,Fiji,192.372
2017,Gaseous NG (271121),Import,251,France and Monaco,8985641166.918
2017,Gaseous NG (271121),Import,268,Georgia,300956709.0
2017,Gaseous NG (271121),Import,270,Gambia,10543.553
2017,Gaseous NG (271121),Import,275,State of Palestine,10079.715
2017,Gaseous NG (271121),Import,276,Germany,23060161054.164
2017,Gaseous NG (271121),Import,288,Ghana,9341.067000000001
2017,Gaseous NG (271121),Import,300,Greece,733044683.424
2017,Gaseous NG (271121),Import,328,Guyana,468.089
2017,Gaseous NG (271121),Import,340,Honduras,399.47
2017,Gaseous NG (271121),Import,344,China Hong Kong,1166627595.678
2017,Gaseous NG (271121),Import,348,Hungary,1980188152.0
2017,Gaseous NG (271121),Import,352,Iceland,335.26
2017,Gaseous NG (271121),Import,360,Indonesia,276.0
2017,Gaseous NG (271121),Import,372,Ireland,828782803.807
2017,Gaseous NG (271121),Import,376,Israel,128977000.0
2017,Gaseous NG (271121),Import,380,Italy,13549988570.755
2017,Gaseous NG (271121),Import,392,Japan,16054.017
2017,Gaseous NG (271121),Import,398,Kazakhstan,356197353.99
2017,Gaseous NG (271121),Import,404,Kenya,1718.06
2017,Gaseous NG (271121),Import,410,Republic of Korea,192793.0
2017,Gaseous NG (271121),Import,414,Kuwait,291.274
2017,Gaseous NG (271121),Import,417,Kyrgyzstan,41736931.0
2017,Gaseous NG (271121),Import,418,Lao People's Democratic Republic,176889.0
2017,Gaseous NG (271121),Import,426,Lesotho,16894.012
2017,Gaseous NG (271121),Import,428,Latvia,381918855.279
2017,Gaseous NG (271121),Import,440,Lithuania,288456279.0
2017,Gaseous NG (271121),Import,454,Malawi,48569.21399999999
2017,Gaseous NG (271121),Import,458,Malaysia,187047715.532
2017,Gaseous NG (271121),Import,480,Mauritius,9362.037
2017,Gaseous NG (271121),Import,484,Mexico,2773760533.0
2017,Gaseous NG (271121),Import,499,Montenegro,1710373.39
2017,Gaseous NG (271121),Import,508,Mozambique,873.599
2017,Gaseous NG (271121),Import,516,Namibia,188353.52899999998
2017,Gaseous NG (271121),Import,586,Pakistan,1684.268
2017,Gaseous NG (271121),Import,608,Philippines,1974.0
2017,Gaseous NG (271121),Import,620,Portugal,684474653.844
2017,Gaseous NG (271121),Import,634,Qatar,178730.388
2017,Gaseous NG (271121),Import,642,Romania,253109405.79
2017,Gaseous NG (271121),Import,678,Sao Tome and Principe,316.98
2017,Gaseous NG (271121),Import,686,Senegal,3420.734
2017,Gaseous NG (271121),Import,688,Serbia,443581934.0
2017,Gaseous NG (271121),Import,702,Singapore,2603291039.646
2017,Gaseous NG (271121),Import,703,Slovakia,1536065527.54
2017,Gaseous NG (271121),Import,704,Vietnam,29420.536
2017,Gaseous NG (271121),Import,705,Slovenia,316507209.43
2017,Gaseous NG (271121),Import,710,South Africa,47862.338
2017,Gaseous NG (271121),Import,716,Zimbabwe,72700.51
2017,Gaseous NG (271121),Import,724,Spain,3549117089.292
2017,Gaseous NG (271121),Import,748,Eswatini,10439.901
2017,Gaseous NG (271121),Import,752,Sweden,178556271.473
2017,Gaseous NG (271121),Import,757,Switzerland,933801205.799
2017,Gaseous NG (271121),Import,764,Thailand,1866831501.44
2017,Gaseous NG (271121),Import,780,Trinidad and Tobago,41847.808000000005
2017,Gaseous NG (271121),Import,784,United Arab Emirates,203586.747
2017,Gaseous NG (271121),Import,804,Ukraine,3091533200.0
2017,Gaseous NG (271121),Import,807,North Macedonia,63700803.73
2017,Gaseous NG (271121),Import,826,United Kingdom,9572984498.728
2017,Gaseous NG (271121),Import,842,United States of America,7947322124.0
2017,Gaseous NG (271121),Import,882,Samoa,7457.783
2017,Gaseous NG (271121),Import,894,Zambia,1799.976
2017,LNG (271111),Export,12,Algeria,1072314289.383
2017,LNG (271111),Export,20,Andorra,371.365
2017,LNG (271111),Export,24,Angola,1153762787.52
2017,LNG (271111),Export,56,Belgium,5081676.936
2017,LNG (271111),Export,70,Bosnia and Herzegovina,754088.26
2017,LNG (271111),Export,72,Botswana,37907.049
2017,LNG (271111),Export,76,Brazil,46819717.0
2017,LNG (271111),Export,96,Brunei Darussalam,2777132619.722
2017,LNG (271111),Export,104,Myanmar,2986970164.654
2017,LNG (271111),Export,124,Canada,131728.992
2017,LNG (271111),Export,178,Congo,719.493
2017,LNG (271111),Export,203,Czechia,3.0
2017,LNG (271111),Export,214,Dominican Republic,802421.525
2017,LNG (271111),Export,242,Fiji,35658.628
2017,LNG (271111),Export,246,Finland,8352383.269
2017,LNG (271111),Export,251,France and Monaco,295557343.265
2017,LNG (271111),Export,276,Germany,128810.63
2017,LNG (271111),Export,328,Guyana,10.0
2017,LNG (271111),Export,360,Indonesia,6184090616.57
2017,LNG (271111),Export,372,Ireland,1468.834
2017,LNG (271111),Export,380,Italy,13552129.94
2017,LNG (271111),Export,398,Kazakhstan,78862.2
2017,LNG (271111),Export,404,Kenya,4061.813
2017,LNG (271111),Export,410,Republic of Korea,1385571.0
2017,LNG (271111),Export,417,Kyrgyzstan,4772.0
2017,LNG (271111),Export,426,Lesotho,31595.376
2017,LNG (271111),Export,440,Lithuania,4826281.0
2017,LNG (271111),Export,442,Luxembourg,33.981
2017,LNG (271111),Export,458,Malaysia,9645768285.837
2017,LNG (271111),Export,508,Mozambique,234033719.13
2017,LNG (271111),Export,516,Namibia,4018.901
2017,LNG (271111),Export,528,Netherlands,2244864.8770000003
2017,LNG (271111),Export,554,New Zealand,78458410.207
2017,LNG (271111),Export,579,Norway,925527889.042
2017,LNG (271111),Export,604,Peru,772163506.71
2017,LNG (271111),Export,642,Romania,9.16
2017,LNG (271111),Export,643,Russian Federation,3173801692.63
2017,LNG (271111),Export,646,Rwanda,4363.051
2017,LNG (271111),Export,682,Saudi Arabia,989400412.25
2017,LNG (271111),Export,699,India,25982649.875
2017,LNG (271111),Export,702,Singapore,196300395.405
2017,LNG (271111),Export,710,South Africa,5200566.432
2017,LNG (271111),Export,724,Spain,40602850.373
2017,LNG (271111),Export,729,Sudan,2948907.0
2017,LNG (271111),Export,752,Sweden,13688148.67
2017,LNG (271111),Export,757,Switzerland,28101.803
2017,LNG (271111),Export,764,Thailand,32665.39
2017,LNG (271111),Export,780,Trinidad and Tobago,1307309634.965
2017,LNG (271111),Export,784,United Arab Emirates,8403613202.599
2017,LNG (271111),Export,804,Ukraine,310.52
2017,LNG (271111),Export,818,Egypt,178272562.426
2017,LNG (271111),Export,826,United Kingdom,102852161.181
2017,LNG (271111),Export,842,United States of America,3470036680.0
2017,LNG (271111),Export,894,Zambia,10581.022
2017,LNG (271111),Import,20,Andorra,484471.039
2017,LNG (271111),Import,24,Angola,5991.1900000000005
2017,LNG (271111),Import,32,Argentina,973710207.74
2017,LNG (271111),Import,36,Australia,54026.369
2017,LNG (271111),Import,48,Bahrain,19499.515
2017,LNG (271111),Import,52,Barbados,2797446.5
2017,LNG (271111),Import,56,Belgium,253048609.269
2017,LNG (271111),Import,60,Bermuda,65.96
2017,LNG (271111),Import,70,Bosnia and Herzegovina,82.94
2017,LNG (271111),Import,72,Botswana,4504890.035
2017,LNG (271111),Import,76,Brazil,507083596.0
2017,LNG (271111),Import,96,Brunei Darussalam,36.479
2017,LNG (271111),Import,100,Bulgaria,14277.558
2017,LNG (271111),Import,108,Burundi,45681.581999999995
2017,LNG (271111),Import,112,Belarus,5500.0
2017,LNG (271111),Import,116,Cambodia,382287.0
2017,LNG (271111),Import,124,Canada,86051603.659
2017,LNG (271111),Import,152,Chile,944137292.74
2017,LNG (271111),Import,156,China,14749366854.0
2017,LNG (271111),Import,170,Colombia,11925934.3
2017,LNG (271111),Import,174,Comoros,1398.382
2017,LNG (271111),Import,178,Congo,827.563
2017,LNG (271111),Import,203,Czechia,376724.0
2017,LNG (271111),Import,208,Denmark,458964.089
2017,LNG (271111),Import,214,Dominican Republic,273427489.523
2017,LNG (271111),Import,218,Ecuador,240.57
2017,LNG (271111),Import,231,Ethiopia,195.089
2017,LNG (271111),Import,233,Estonia,3562843.432
2017,LNG (271111),Import,242,Fiji,93.162
2017,LNG (271111),Import,246,Finland,23652288.592
2017,LNG (271111),Import,251,France and Monaco,2255103598.5030003
2017,LNG (271111),Import,258,French Polynesia,119.947
2017,LNG (271111),Import,270,Gambia,12116.125
2017,LNG (271111),Import,275,State of Palestine,113959923.815
2017,LNG (271111),Import,276,Germany,48707183.976
2017,LNG (271111),Import,288,Ghana,9232.639000000001
2017,LNG (271111),Import,300,Greece,403824149.423
2017,LNG (271111),Import,328,Guyana,30749.892
2017,LNG (271111),Import,352,Iceland,709.073
2017,LNG (271111),Import,360,Indonesia,8129004.0
2017,LNG (271111),Import,372,Ireland,13922.481
2017,LNG (271111),Import,376,Israel,24342000.0
2017,LNG (271111),Import,380,Italy,1563380413.685
2017,LNG (271111),Import,384,Côte d'Ivoire,2308.071
2017,LNG (271111),Import,392,Japan,34907155919.051
2017,LNG (271111),Import,398,Kazakhstan,684654.9299999999
2017,LNG (271111),Import,400,Jordan,1155029698.822
2017,LNG (271111),Import,404,Kenya,905.06
2017,LNG (271111),Import,410,Republic of Korea,15615666254.0
2017,LNG (271111),Import,417,Kyrgyzstan,30258.0
2017,LNG (271111),Import,418,Lao People's Democratic Republic,382287.0
2017,LNG (271111),Import,426,Lesotho,2723229.953
2017,LNG (271111),Import,440,Lithuania,252602051.0
2017,LNG (271111),Import,442,Luxembourg,217497.252
2017,LNG (271111),Import,454,Malawi,79803.852
2017,LNG (271111),Import,458,Malaysia,606475899.794
2017,LNG (271111),Import,470,Malta,60946631.063
2017,LNG (271111),Import,480,Mauritius,141.116
2017,LNG (271111),Import,484,Mexico,690154904.0
2017,LNG (271111),Import,508,Mozambique,4209.846
2017,LNG (271111),Import,516,Namibia,3078888.796
2017,LNG (271111),Import,528,Netherlands,52796058.431
2017,LNG (271111),Import,554,New Zealand,135120.044
2017,LNG (271111),Import,586,Pakistan,1651156075.944
2017,LNG (271111),Import,620,Portugal,678175822.026
2017,LNG (271111),Import,634,Qatar,33481.542
2017,LNG (271111),Import,643,Russian Federation,787.96
2017,LNG (271111),Import,646,Rwanda,3515809.491
2017,LNG (271111),Import,659,Saint Kitts and Nevis,113.5
2017,LNG (271111),Import,678,Sao Tome and Principe,141.585
2017,LNG (271111),Import,699,India,7207663104.95
2017,LNG (271111),Import,702,Singapore,1245530519.982
2017,LNG (271111),Import,703,Slovakia,428569.873
2017,LNG (271111),Import,704,Vietnam,1000.0
2017,LNG (271111),Import,710,South Africa,252239166.51
2017,LNG (271111),Import,716,Zimbabwe,1059351.37
2017,LNG (271111),Import,724,Spain,3741963345.314
2017,LNG (271111),Import,729,Sudan,36035.0
2017,LNG (271111),Import,748,Eswatini,884884.277
2017,LNG (271111),Import,752,Sweden,97034881.872
2017,LNG (271111),Import,757,Switzerland,504628.49199999997
2017,LNG (271111),Import,764,Thailand,1545035292.24
2017,LNG (271111),Import,780,Trinidad and Tobago,4194.09
2017,LNG (271111),Import,784,United Arab Emirates,21503856.098
2017,LNG (271111),Import,807,North Macedonia,45255.67
2017,LNG (271111),Import,818,Egypt,2231382145.72
2017,LNG (271111),Import,826,United Kingdom,1121581806.234
2017,LNG (271111),Import,842,United States of America,623949828.0
2017,LNG (271111),Import,854,Burkina Faso,2780.505
2017,LNG (271111),Import,894,Zambia,24379.768
2018,Gaseous NG (271121),Export,31,Azerbaijan,1498698092.55
2018,Gaseous NG (271121),Export,32,Argentina,19693234.17
2018,Gaseous NG (271121),Export,36,Australia,10759.652
2018,Gaseous NG (271121),Export,56,Belgium,6953257302.190001
2018,Gaseous NG (271121),Export,68,Bolivia,2970357791.34
2018,Gaseous NG (271121),Export,70,Bosnia and Herzegovina,164441.03
2018,Gaseous NG (271121),Export,72,Botswana,2693.233
2018,Gaseous NG (271121),Export,76,Brazil,703.0
2018,Gaseous NG (271121),Export,100,Bulgaria,6371307.52
2018,Gaseous NG (271121),Export,104,Myanmar,812517565.719
2018,Gaseous NG (271121),Export,124,Canada,7456616166.690001
2018,Gaseous NG (271121),Export,152,Chile,65327239.0
2018,Gaseous NG (271121),Export,156,China,832900908.0
2018,Gaseous NG (271121),Export,191,Croatia,26050975.0
2018,Gaseous NG (271121),Export,203,Czechia,177196020.0
2018,Gaseous NG (271121),Export,233,Estonia,1726877.405
2018,Gaseous NG (271121),Export,251,France and Monaco,1667642059.978
2018,Gaseous NG (271121),Export,276,Germany,10842084488.036
2018,Gaseous NG (271121),Export,300,Greece,1928239.358
2018,Gaseous NG (271121),Export,344,China Hong Kong,2904.447
2018,Gaseous NG (271121),Export,348,Hungary,485835616.0
2018,Gaseous NG (271121),Export,360,Indonesia,3632906079.93
2018,Gaseous NG (271121),Export,372,Ireland,2883114.05
2018,Gaseous NG (271121),Export,376,Israel,36818000.0
2018,Gaseous NG (271121),Export,380,Italy,44110873.883
2018,Gaseous NG (271121),Export,392,Japan,65718.974
2018,Gaseous NG (271121),Export,398,Kazakhstan,2170951540.89
2018,Gaseous NG (271121),Export,404,Kenya,4320.821
2018,Gaseous NG (271121),Export,410,Republic of Korea,2916.0
2018,Gaseous NG (271121),Export,426,Lesotho,46130.858
2018,Gaseous NG (271121),Export,428,Latvia,19318208.707
2018,Gaseous NG (271121),Export,440,Lithuania,37875592.0
2018,Gaseous NG (271121),Export,442,Luxembourg,64050.618
2018,Gaseous NG (271121),Export,484,Mexico,2412211.0
2018,Gaseous NG (271121),Export,508,Mozambique,211158528.21899998
2018,Gaseous NG (271121),Export,512,Oman,417409.585
2018,Gaseous NG (271121),Export,579,Norway,31097185058.974
2018,Gaseous NG (271121),Export,604,Peru,12.0
2018,Gaseous NG (271121),Export,620,Portugal,7659950.524
2018,Gaseous NG (271121),Export,642,Romania,6829092.26
2018,Gaseous NG (271121),Export,688,Serbia,642235.0
2018,Gaseous NG (271121),Export,702,Singapore,73657.816
2018,Gaseous NG (271121),Export,703,Slovakia,85806779.487
2018,Gaseous NG (271121),Export,705,Slovenia,16294855.64
2018,Gaseous NG (271121),Export,710,South Africa,53592.815
2018,Gaseous NG (271121),Export,752,Sweden,2885556.21
2018,Gaseous NG (271121),Export,757,Switzerland,770.795
2018,Gaseous NG (271121),Export,764,Thailand,87813.26
2018,Gaseous NG (271121),Export,780,Trinidad and Tobago,35084545.016
2018,Gaseous NG (271121),Export,784,United Arab Emirates,120282.284
2018,Gaseous NG (271121),Export,826,United Kingdom,2000109681.354
2018,Gaseous NG (271121),Export,842,United States of America,4550608680.0
2018,Gaseous NG (271121),Import,20,Andorra,491.554
2018,Gaseous NG (271121),Import,24,Angola,4587.514
2018,Gaseous NG (271121),Import,31,Azerbaijan,340274163.34
2018,Gaseous NG (271121),Import,32,Argentina,1408735897.0
2018,Gaseous NG (271121),Import,36,Australia,6086.318
2018,Gaseous NG (271121),Import,48,Bahrain,3312.9199999999996
2018,Gaseous NG (271121),Import,51,Armenia,368335686.15
2018,Gaseous NG (271121),Import,56,Belgium,11375919582.298
2018,Gaseous NG (271121),Import,60,Bermuda,73.56
2018,Gaseous NG (271121),Import,70,Bosnia and Herzegovina,67524353.3
2018,Gaseous NG (271121),Import,72,Botswana,388592.196
2018,Gaseous NG (271121),Import,76,Brazil,1668691948.0
2018,Gaseous NG (271121),Import,96,Brunei Darussalam,6466.304
2018,Gaseous NG (271121),Import,100,Bulgaria,719955469.206
2018,Gaseous NG (271121),Import,112,Belarus,2690760800.0
2018,Gaseous NG (271121),Import,116,Cambodia,136653.0
2018,Gaseous NG (271121),Import,124,Canada,2175216376.673
2018,Gaseous NG (271121),Import,152,Chile,74159952.119
2018,Gaseous NG (271121),Import,156,China,9475028160.0
2018,Gaseous NG (271121),Import,170,Colombia,39623.090000000004
2018,Gaseous NG (271121),Import,174,Comoros,2083.028
2018,Gaseous NG (271121),Import,180,Democratic Republic of the Congo,1460.778
2018,Gaseous NG (271121),Import,188,Costa Rica,4192.54
2018,Gaseous NG (271121),Import,191,Croatia,361425947.0
2018,Gaseous NG (271121),Import,203,Czechia,2241309843.0
2018,Gaseous NG (271121),Import,208,Denmark,69736958.674
2018,Gaseous NG (271121),Import,218,Ecuador,4203.724
2018,Gaseous NG (271121),Import,233,Estonia,133034260.545
2018,Gaseous NG (271121),Import,242,Fiji,873.099
2018,Gaseous NG (271121),Import,251,France and Monaco,11526929347.484
2018,Gaseous NG (271121),Import,268,Georgia,281373462.0
2018,Gaseous NG (271121),Import,275,State of Palestine,44845.820999999996
2018,Gaseous NG (271121),Import,276,Germany,32414761502.211998
2018,Gaseous NG (271121),Import,288,Ghana,1692.996
2018,Gaseous NG (271121),Import,300,Greece,940322722.923
2018,Gaseous NG (271121),Import,328,Guyana,10341.273
2018,Gaseous NG (271121),Import,344,China Hong Kong,1242478480.0440001
2018,Gaseous NG (271121),Import,348,Hungary,2121939944.0
2018,Gaseous NG (271121),Import,360,Indonesia,388.0
2018,Gaseous NG (271121),Import,372,Ireland,1216661146.196
2018,Gaseous NG (271121),Import,376,Israel,211170000.0
2018,Gaseous NG (271121),Import,380,Italy,15947538415.699
2018,Gaseous NG (271121),Import,392,Japan,35550.637
2018,Gaseous NG (271121),Import,398,Kazakhstan,1034499356.38
2018,Gaseous NG (271121),Import,410,Republic of Korea,254155.0
2018,Gaseous NG (271121),Import,417,Kyrgyzstan,46187977.0
2018,Gaseous NG (271121),Import,418,Lao People's Democratic Republic,136653.0
2018,Gaseous NG (271121),Import,426,Lesotho,7232.6539999999995
2018,Gaseous NG (271121),Import,428,Latvia,421914564.496
2018,Gaseous NG (271121),Import,440,Lithuania,383235492.0
2018,Gaseous NG (271121),Import,454,Malawi,5524.753
2018,Gaseous NG (271121),Import,458,Malaysia,159702932.586
2018,Gaseous NG (271121),Import,480,Mauritius,18842.595999999998
2018,Gaseous NG (271121),Import,484,Mexico,5628694240.0
2018,Gaseous NG (271121),Import,499,Montenegro,2195418.651
2018,Gaseous NG (271121),Import,504,Morocco,271263115.48
2018,Gaseous NG (271121),Import,508,Mozambique,13048.233
2018,Gaseous NG (271121),Import,586,Pakistan,8454.534
2018,Gaseous NG (271121),Import,620,Portugal,641158333.821
2018,Gaseous NG (271121),Import,642,Romania,430989953.65999997
2018,Gaseous NG (271121),Import,682,Saudi Arabia,3092.8
2018,Gaseous NG (271121),Import,688,Serbia,558225782.0
2018,Gaseous NG (271121),Import,702,Singapore,3438680780.682
2018,Gaseous NG (271121),Import,703,Slovakia,1754203067.9229999
2018,Gaseous NG (271121),Import,704,Vietnam,18161.84
2018,Gaseous NG (271121),Import,705,Slovenia,257274796.05
2018,Gaseous NG (271121),Import,710,South Africa,49589.254
2018,Gaseous NG (271121),Import,716,Zimbabwe,5935.97
2018,Gaseous NG (271121),Import,724,Spain,3808436684.492
2018,Gaseous NG (271121),Import,729,Sudan,70.0
2018,Gaseous NG (271121),Import,748,Eswatini,12095.739
2018,Gaseous NG (271121),Import,752,Sweden,249865154.441
2018,Gaseous NG (271121),Import,757,Switzerland,1144538202.213
2018,Gaseous NG (271121),Import,764,Thailand,2299357709.61
2018,Gaseous NG (271121),Import,780,Trinidad and Tobago,58858.861000000004
2018,Gaseous NG (271121),Import,784,United Arab Emirates,396231.56
2018,Gaseous NG (271121),Import,800,Uganda,1300.0
2018,Gaseous NG (271121),Import,804,Ukraine,3146768600.0
2018,Gaseous NG (271121),Import,807,North Macedonia,72606598.67
2018,Gaseous NG (271121),Import,826,United Kingdom,12604418664.368
2018,Gaseous NG (271121),Import,834,Tanzania,4422.167
2018,Gaseous NG (271121),Import,842,United States of America,7471829366.0
2018,Gaseous NG (271121),Import,858,Uruguay,1309436.8
2018,Gaseous NG (271121),Import,882,Samoa,7228.237999999999
2018,Gaseous NG (271121),Import,894,Zambia,370.839
2018,LNG (271111),Export,24,Angola,1389521140.062
2018,LNG (271111),Export,56,Belgium,195986962.326
2018,LNG (271111),Export,70,Bosnia and Herzegovina,1279575.78
2018,LNG (271111),Export,72,Botswana,51492.136
2018,LNG (271111),Export,96,Brunei Darussalam,3277275382.222
2018,LNG (271111),Export,104,Myanmar,2431166163.972
2018,LNG (271111),Export,124,Canada,474447.334
2018,LNG (271111),Export,156,China,382906.0
2018,LNG (271111),Export,203,Czechia,28168946.0
2018,LNG (271111),Export,214,Dominican Republic,10883384.616
2018,LNG (271111),Export,233,Estonia,315382.41
2018,LNG (271111),Export,246,Finland,7331507.027
2018,LNG (271111),Export,251,France and Monaco,542670853.441
2018,LNG (271111),Export,276,Germany,22165.377
2018,LNG (271111),Export,288,Ghana,100.168
2018,LNG (271111),Export,360,Indonesia,6959159784.38
2018,LNG (271111),Export,372,Ireland,2621.736
2018,LNG (271111),Export,380,Italy,11022899.365
2018,LNG (271111),Export,398,Kazakhstan,309543.0
2018,LNG (271111),Export,404,Kenya,566420.113
2018,LNG (271111),Export,410,Republic of Korea,2928283.0
2018,LNG (271111),Export,426,Lesotho,21610.358
2018,LNG (271111),Export,440,Lithuania,2805762.0
2018,LNG (271111),Export,442,Luxembourg,808.447
2018,LNG (271111),Export,458,Malaysia,10459260658.482
2018,LNG (271111),Export,508,Mozambique,20746121.158
2018,LNG (271111),Export,512,Oman,4464435946.705
2018,LNG (271111),Export,528,Netherlands,3803219.701
2018,LNG (271111),Export,554,New Zealand,283166235.451
2018,LNG (271111),Export,566,Nigeria,1577964852.459
2018,LNG (271111),Export,579,Norway,1503676674.938
2018,LNG (271111),Export,604,Peru,1041806478.2
2018,LNG (271111),Export,643,Russian Federation,5285983165.81
2018,LNG (271111),Export,682,Saudi Arabia,1499535267.443
2018,LNG (271111),Export,699,India,38858897.47
2018,LNG (271111),Export,702,Singapore,315605628.329
2018,LNG (271111),Export,705,Slovenia,96.22
2018,LNG (271111),Export,710,South Africa,3036675.693
2018,LNG (271111),Export,724,Spain,172933524.434
2018,LNG (271111),Export,729,Sudan,957291.0
2018,LNG (271111),Export,752,Sweden,18189377.452
2018,LNG (271111),Export,757,Switzerland,24178.821
2018,LNG (271111),Export,764,Thailand,1193.1399999999999
2018,LNG (271111),Export,780,Trinidad and Tobago,1618919928.4850001
2018,LNG (271111),Export,784,United Arab Emirates,14330760553.259998
2018,LNG (271111),Export,818,Egypt,496962104.213
2018,LNG (271111),Export,826,United Kingdom,165594483.88
2018,LNG (271111),Export,834,Tanzania,79823.13
2018,LNG (271111),Export,842,United States of America,5845654826.0
2018,LNG (271111),Export,894,Zambia,7466.608
2018,LNG (271111),Import,20,Andorra,644871.605
2018,LNG (271111),Import,24,Angola,8509.869
2018,LNG (271111),Import,28,Antigua and Barbuda,139.485
2018,LNG (271111),Import,31,Azerbaijan,1514.29
2018,LNG (271111),Import,32,Argentina,1037059985.42
2018,LNG (271111),Import,36,Australia,42911121.674
2018,LNG (271111),Import,48,Bahrain,3987.334
2018,LNG (271111),Import,51,Armenia,97928.0
2018,LNG (271111),Import,52,Barbados,2425790.0
2018,LNG (271111),Import,56,Belgium,939242165.393
2018,LNG (271111),Import,70,Bosnia and Herzegovina,2332.97
2018,LNG (271111),Import,72,Botswana,6453735.4520000005
2018,LNG (271111),Import,76,Brazil,958030812.0
2018,LNG (271111),Import,84,Belize,31.495
2018,LNG (271111),Import,96,Brunei Darussalam,40.907
2018,LNG (271111),Import,108,Burundi,92108.791
2018,LNG (271111),Import,112,Belarus,200.0
2018,LNG (271111),Import,116,Cambodia,88608.0
2018,LNG (271111),Import,124,Canada,209500840.225
2018,LNG (271111),Import,152,Chile,1119039383.08
2018,LNG (271111),Import,156,China,26804860257.0
2018,LNG (271111),Import,170,Colombia,123747363.75999999
2018,LNG (271111),Import,174,Comoros,1114.1370000000002
2018,LNG (271111),Import,188,Costa Rica,13017272.84
2018,LNG (271111),Import,191,Croatia,100.0
2018,LNG (271111),Import,203,Czechia,8831.0
2018,LNG (271111),Import,204,Benin,138.822
2018,LNG (271111),Import,208,Denmark,22550122.815
2018,LNG (271111),Import,214,Dominican Republic,286106858.018
2018,LNG (271111),Import,218,Ecuador,384.49
2018,LNG (271111),Import,231,Ethiopia,163.381
2018,LNG (271111),Import,233,Estonia,1955536.308
2018,LNG (271111),Import,246,Finland,26574087.582
2018,LNG (271111),Import,251,France and Monaco,3319333949.557
2018,LNG (271111),Import,258,French Polynesia,41.616
2018,LNG (271111),Import,270,Gambia,10954.582
2018,LNG (271111),Import,275,State of Palestine,115493336.245
2018,LNG (271111),Import,276,Germany,73862850.87900001
2018,LNG (271111),Import,288,Ghana,40050.687
2018,LNG (271111),Import,300,Greece,289721624.047
2018,LNG (271111),Import,304,Greenland,1961.04
2018,LNG (271111),Import,328,Guyana,31335.027000000002
2018,LNG (271111),Import,348,Hungary,3520.0
2018,LNG (271111),Import,380,Italy,2220004707.468
2018,LNG (271111),Import,384,Côte d'Ivoire,10.356
2018,LNG (271111),Import,392,Japan,42895275973.99
2018,LNG (271111),Import,398,Kazakhstan,2127388.0
2018,LNG (271111),Import,410,Republic of Korea,23188916215.0
2018,LNG (271111),Import,418,Lao People's Democratic Republic,88608.0
2018,LNG (271111),Import,426,Lesotho,1958823.479
2018,LNG (271111),Import,428,Latvia,281080.267
2018,LNG (271111),Import,440,Lithuania,268459085.0
2018,LNG (271111),Import,442,Luxembourg,375835.586
2018,LNG (271111),Import,450,Madagascar,69.488
2018,LNG (271111),Import,454,Malawi,129503.842
2018,LNG (271111),Import,458,Malaysia,672265107.363
2018,LNG (271111),Import,480,Mauritius,213.03
2018,LNG (271111),Import,484,Mexico,503023124.0
2018,LNG (271111),Import,496,Mongolia,591384.5700000001
2018,LNG (271111),Import,508,Mozambique,1217.295
2018,LNG (271111),Import,512,Oman,12379086.012
2018,LNG (271111),Import,528,Netherlands,995764370.3
2018,LNG (271111),Import,554,New Zealand,55701.91
2018,LNG (271111),Import,566,Nigeria,220.496
2018,LNG (271111),Import,586,Pakistan,3276691278.795
2018,LNG (271111),Import,591,Panama,24887000.0
2018,LNG (271111),Import,620,Portugal,875961743.762
2018,LNG (271111),Import,643,Russian Federation,49061315.089999996
2018,LNG (271111),Import,646,Rwanda,5218140.639
2018,LNG (271111),Import,682,Saudi Arabia,69204.808
2018,LNG (271111),Import,688,Serbia,2334.0
2018,LNG (271111),Import,690,Seychelles,18242.356
2018,LNG (271111),Import,699,India,10868708694.858
2018,LNG (271111),Import,702,Singapore,1724242359.927
2018,LNG (271111),Import,703,Slovakia,535647.904
2018,LNG (271111),Import,705,Slovenia,93446.8
2018,LNG (271111),Import,710,South Africa,308663834.588
2018,LNG (271111),Import,716,Zimbabwe,173713.1
2018,LNG (271111),Import,724,Spain,4167012713.024
2018,LNG (271111),Import,729,Sudan,800.0
2018,LNG (271111),Import,748,Eswatini,559238.369
2018,LNG (271111),Import,752,Sweden,122462163.403
2018,LNG (271111),Import,757,Switzerland,573036.103
2018,LNG (271111),Import,764,Thailand,2296846564.9900002
2018,LNG (271111),Import,780,Trinidad and Tobago,1042.685
2018,LNG (271111),Import,784,United Arab Emirates,15859999.315
2018,LNG (271111),Import,800,Uganda,384869.77
2018,LNG (271111),Import,818,Egypt,1125260468.573
2018,LNG (271111),Import,826,United Kingdom,1467412667.064
2018,LNG (271111),Import,834,Tanzania,3713.51
2018,LNG (271111),Import,842,United States of America,918228115.0
2018,LNG (271111),Import,854,Burkina Faso,44221.585999999996
2018,LNG (271111),Import,882,Samoa,129445.69499999999
2018,LNG (271111),Import,894,Zambia,8047.115
2019,Gaseous NG (271121),Export,31,Azerbaijan,2366833702.74
2019,Gaseous NG (271121),Export,32,Argentina,326416836.63
2019,Gaseous NG (271121),Export,36,Australia,2515.811
2019,Gaseous NG (271121),Export,56,Belgium,3602957720.166
2019,Gaseous NG (271121),Export,68,Bolivia,2719936375.99
2019,Gaseous NG (271121),Export,70,Bosnia and Herzegovina,1530367.5
2019,Gaseous NG (271121),Export,72,Botswana,3551.55
2019,Gaseous NG (271121),Export,76,Brazil,482.0
2019,Gaseous NG (271121),Export,100,Bulgaria,21485050.895
2019,Gaseous NG (271121),Export,104,Myanmar,2120675888.587
2019,Gaseous NG (271121),Export,116,Cambodia,77020.0
2019,Gaseous NG (271121),Export,124,Canada,6773782535.909
2019,Gaseous NG (271121),Export,156,China,969348924.0
2019,Gaseous NG (271121),Export,191,Croatia,10406457.0
2019,Gaseous NG (271121),Export,203,Czechia,173482733.0
2019,Gaseous NG (271121),Export,233,Estonia,148346.491
2019,Gaseous NG (271121),Export,242,Fiji,9092.567
2019,Gaseous NG (271121),Export,251,France and Monaco,2400865332.6219997
2019,Gaseous NG (271121),Export,276,Germany,13278962932.441
2019,Gaseous NG (271121),Export,300,Greece,97789492.151
2019,Gaseous NG (271121),Export,320,Guatemala,13.0
2019,Gaseous NG (271121),Export,344,China Hong Kong,49526.228
2019,Gaseous NG (271121),Export,348,Hungary,539926013.0
2019,Gaseous NG (271121),Export,360,Indonesia,3040519308.59
2019,Gaseous NG (271121),Export,372,Ireland,1079037.226
2019,Gaseous NG (271121),Export,376,Israel,49252000.0
2019,Gaseous NG (271121),Export,380,Italy,38904394.748
2019,Gaseous NG (271121),Export,384,Côte d'Ivoire,12.775
2019,Gaseous NG (271121),Export,392,Japan,85625.113
2019,Gaseous NG (271121),Export,398,Kazakhstan,2790779761.4900002
2019,Gaseous NG (271121),Export,410,Republic of Korea,2802.0
2019,Gaseous NG (271121),Export,418,Lao People's Democratic Republic,77020.0
2019,Gaseous NG (271121),Export,428,Latvia,28803895.369
2019,Gaseous NG (271121),Export,440,Lithuania,49712617.0
2019,Gaseous NG (271121),Export,442,Luxembourg,50123.063
2019,Gaseous NG (271121),Export,484,Mexico,7173750.0
2019,Gaseous NG (271121),Export,516,Namibia,488.61199999999997
2019,Gaseous NG (271121),Export,579,Norway,19392511411.092
2019,Gaseous NG (271121),Export,620,Portugal,40828944.574
2019,Gaseous NG (271121),Export,642,Romania,3457174.67
2019,Gaseous NG (271121),Export,682,Saudi Arabia,520.0
2019,Gaseous NG (271121),Export,688,Serbia,969073.0
2019,Gaseous NG (271121),Export,699,India,2620.451
2019,Gaseous NG (271121),Export,702,Singapore,28472.252
2019,Gaseous NG (271121),Export,703,Slovakia,88710588.892
2019,Gaseous NG (271121),Export,704,Vietnam,977.215
2019,Gaseous NG (271121),Export,705,Slovenia,81479301.602
2019,Gaseous NG (271121),Export,710,South Africa,290252.64
2019,Gaseous NG (271121),Export,752,Sweden,6024208.329
2019,Gaseous NG (271121),Export,757,Switzerland,2105.023
2019,Gaseous NG (271121),Export,764,Thailand,49761.320999999996
2019,Gaseous NG (271121),Export,780,Trinidad and Tobago,83882528.626
2019,Gaseous NG (271121),Export,784,United Arab Emirates,29663.897999999997
2019,Gaseous NG (271121),Export,807,North Macedonia,382070.25
2019,Gaseous NG (271121),Export,826,United Kingdom,1242936956.956
2019,Gaseous NG (271121),Export,842,United States of America,5909888992.0
2019,Gaseous NG (271121),Export,860,Uzbekistan,2263157049.29
2019,Gaseous NG (271121),Import,24,Angola,647.451
2019,Gaseous NG (271121),Import,31,Azerbaijan,225392531.64
2019,Gaseous NG (271121),Import,32,Argentina,1266024437.0
2019,Gaseous NG (271121),Import,51,Armenia,419048892.76
2019,Gaseous NG (271121),Import,56,Belgium,5219875547.792
2019,Gaseous NG (271121),Import,70,Bosnia and Herzegovina,78488499.44
2019,Gaseous NG (271121),Import,72,Botswana,24944.615
2019,Gaseous NG (271121),Import,76,Brazil,1429399982.0
2019,Gaseous NG (271121),Import,100,Bulgaria,690615655.816
2019,Gaseous NG (271121),Import,108,Burundi,294.378
2019,Gaseous NG (271121),Import,112,Belarus,2637547300.0
2019,Gaseous NG (271121),Import,116,Cambodia,260954.0
2019,Gaseous NG (271121),Import,124,Canada,2263429217.7669997
2019,Gaseous NG (271121),Import,152,Chile,453444276.16
2019,Gaseous NG (271121),Import,156,China,13933175580.0
2019,Gaseous NG (271121),Import,170,Colombia,48176.3
2019,Gaseous NG (271121),Import,178,Congo,25600.332
2019,Gaseous NG (271121),Import,180,Democratic Republic of the Congo,3887.67
2019,Gaseous NG (271121),Import,191,Croatia,309962160.0
2019,Gaseous NG (271121),Import,203,Czechia,1837917678.0
2019,Gaseous NG (271121),Import,208,Denmark,206563371.627
2019,Gaseous NG (271121),Import,218,Ecuador,446.405
2019,Gaseous NG (271121),Import,233,Estonia,78996943.832
2019,Gaseous NG (271121),Import,242,Fiji,4191.756
2019,Gaseous NG (271121),Import,251,France and Monaco,7736202773.911
2019,Gaseous NG (271121),Import,268,Georgia,315108441.0
2019,Gaseous NG (271121),Import,270,Gambia,3989.562
2019,Gaseous NG (271121),Import,275,State of Palestine,32254.66
2019,Gaseous NG (271121),Import,276,Germany,30331684496.165
2019,Gaseous NG (271121),Import,300,Greece,1060772831.444
2019,Gaseous NG (271121),Import,344,China Hong Kong,1336943862.425
2019,Gaseous NG (271121),Import,348,Hungary,2310326068.0
2019,Gaseous NG (271121),Import,372,Ireland,996641155.863
2019,Gaseous NG (271121),Import,376,Israel,232719000.0
2019,Gaseous NG (271121),Import,380,Italy,12688611188.481
2019,Gaseous NG (271121),Import,392,Japan,5674.073
2019,Gaseous NG (271121),Import,398,Kazakhstan,613546351.24
2019,Gaseous NG (271121),Import,410,Republic of Korea,124972.0
2019,Gaseous NG (271121),Import,417,Kyrgyzstan,39016390.0
2019,Gaseous NG (271121),Import,418,Lao People's Democratic Republic,260954.0
2019,Gaseous NG (271121),Import,426,Lesotho,4733.058
2019,Gaseous NG (271121),Import,428,Latvia,241504869.512
2019,Gaseous NG (271121),Import,440,Lithuania,279994877.0
2019,Gaseous NG (271121),Import,454,Malawi,2441.525
2019,Gaseous NG (271121),Import,458,Malaysia,168902946.21400002
2019,Gaseous NG (271121),Import,470,Malta,4127.03
2019,Gaseous NG (271121),Import,480,Mauritius,9555.856
2019,Gaseous NG (271121),Import,484,Mexico,5293629182.0
2019,Gaseous NG (271121),Import,499,Montenegro,2417522.101
2019,Gaseous NG (271121),Import,504,Morocco,255109009.934
2019,Gaseous NG (271121),Import,508,Mozambique,1638.396
2019,Gaseous NG (271121),Import,516,Namibia,7031.327
2019,Gaseous NG (271121),Import,558,Nicaragua,147.08
2019,Gaseous NG (271121),Import,586,Pakistan,7884.728
2019,Gaseous NG (271121),Import,608,Philippines,219358.0
2019,Gaseous NG (271121),Import,620,Portugal,186720559.087
2019,Gaseous NG (271121),Import,634,Qatar,34095.278
2019,Gaseous NG (271121),Import,642,Romania,673857595.71
2019,Gaseous NG (271121),Import,678,Sao Tome and Principe,18.826
2019,Gaseous NG (271121),Import,682,Saudi Arabia,67187.464
2019,Gaseous NG (271121),Import,688,Serbia,631309708.0
2019,Gaseous NG (271121),Import,702,Singapore,2945605128.992
2019,Gaseous NG (271121),Import,703,Slovakia,1948075996.589
2019,Gaseous NG (271121),Import,704,Vietnam,23282.059999999998
2019,Gaseous NG (271121),Import,705,Slovenia,292960332.412
2019,Gaseous NG (271121),Import,710,South Africa,27.707
2019,Gaseous NG (271121),Import,724,Spain,2866068545.601
2019,Gaseous NG (271121),Import,748,Eswatini,115287.0
2019,Gaseous NG (271121),Import,752,Sweden,169783131.326
2019,Gaseous NG (271121),Import,757,Switzerland,1196724030.497
2019,Gaseous NG (271121),Import,764,Thailand,2456351397.106
2019,Gaseous NG (271121),Import,780,Trinidad and Tobago,36516.409999999996
2019,Gaseous NG (271121),Import,784,United Arab Emirates,54863.302
2019,Gaseous NG (271121),Import,804,Ukraine,2314083600.0
2019,Gaseous NG (271121),Import,807,North Macedonia,80453683.41
2019,Gaseous NG (271121),Import,826,United Kingdom,5354967463.664
2019,Gaseous NG (271121),Import,842,United States of America,6955495762.0
2019,Gaseous NG (271121),Import,858,Uruguay,38330121.68
2019,Gaseous NG (271121),Import,894,Zambia,3822.4359999999997
2019,LNG (271111),Export,24,Angola,1298747214.4160001
2019,LNG (271111),Export,56,Belgium,22468723.269
2019,LNG (271111),Export,72,Botswana,22346.253
2019,LNG (271111),Export,76,Brazil,4283.0
2019,LNG (271111),Export,96,Brunei Darussalam,2957293546.323
2019,LNG (271111),Export,104,Myanmar,2135883189.003
2019,LNG (271111),Export,124,Canada,1543530.317
2019,LNG (271111),Export,156,China,21335251.0
2019,LNG (271111),Export,170,Colombia,100.0
2019,LNG (271111),Export,203,Czechia,93.0
2019,LNG (271111),Export,214,Dominican Republic,7850844.25
2019,LNG (271111),Export,233,Estonia,1789074.404
2019,LNG (271111),Export,246,Finland,16242845.206
2019,LNG (271111),Export,251,France and Monaco,123251166.845
2019,LNG (271111),Export,268,Georgia,153.99
2019,LNG (271111),Export,276,Germany,880250.906
2019,LNG (271111),Export,288,Ghana,24.922
2019,LNG (271111),Export,300,Greece,30769360.115
2019,LNG (271111),Export,328,Guyana,680.0
2019,LNG (271111),Export,360,Indonesia,5211229380.4869995
2019,LNG (271111),Export,380,Italy,34927090.642000005
2019,LNG (271111),Export,384,Côte d'Ivoire,1746.356
2019,LNG (271111),Export,404,Kenya,264953.741
2019,LNG (271111),Export,410,Republic of Korea,54602.0
2019,LNG (271111),Export,426,Lesotho,26.414
2019,LNG (271111),Export,428,Latvia,10897137.269
2019,LNG (271111),Export,440,Lithuania,16984177.0
2019,LNG (271111),Export,442,Luxembourg,4294.067
2019,LNG (271111),Export,458,Malaysia,10264019560.495
2019,LNG (271111),Export,504,Morocco,16.057
2019,LNG (271111),Export,508,Mozambique,230807471.607
2019,LNG (271111),Export,516,Namibia,292505.132
2019,LNG (271111),Export,528,Netherlands,5533759.006
2019,LNG (271111),Export,554,New Zealand,29702558.483000003
2019,LNG (271111),Export,579,Norway,766256215.702
2019,LNG (271111),Export,604,Peru,623080500.69
2019,LNG (271111),Export,634,Qatar,45110913664.069
2019,LNG (271111),Export,643,Russian Federation,7920048406.16
2019,LNG (271111),Export,646,Rwanda,10563.93
2019,LNG (271111),Export,682,Saudi Arabia,585166082.971
2019,LNG (271111),Export,699,India,52105399.955
2019,LNG (271111),Export,702,Singapore,141641113.229
2019,LNG (271111),Export,710,South Africa,5500752.461
2019,LNG (271111),Export,724,Spain,43676966.385
2019,LNG (271111),Export,752,Sweden,14555350.788
2019,LNG (271111),Export,757,Switzerland,45601.778
2019,LNG (271111),Export,764,Thailand,175.313
2019,LNG (271111),Export,780,Trinidad and Tobago,1146140720.185
2019,LNG (271111),Export,784,United Arab Emirates,111415.907
2019,LNG (271111),Export,818,Egypt,1235903102.286
2019,LNG (271111),Export,826,United Kingdom,190583861.262
2019,LNG (271111),Export,834,Tanzania,4147312.06
2019,LNG (271111),Export,842,United States of America,9248850344.0
2019,LNG (271111),Import,20,Andorra,977703.123
2019,LNG (271111),Import,24,Angola,66091.554
2019,LNG (271111),Import,31,Azerbaijan,353.32
2019,LNG (271111),Import,32,Argentina,431599983.36
2019,LNG (271111),Import,36,Australia,2874.806
2019,LNG (271111),Import,52,Barbados,2708680.5
2019,LNG (271111),Import,56,Belgium,994640559.605
2019,LNG (271111),Import,70,Bosnia and Herzegovina,683.97
2019,LNG (271111),Import,72,Botswana,1035362.826
2019,LNG (271111),Import,76,Brazil,669596941.0
2019,LNG (271111),Import,84,Belize,190.49
2019,LNG (271111),Import,96,Brunei Darussalam,3691744.151
2019,LNG (271111),Import,100,Bulgaria,883745.201
2019,LNG (271111),Import,108,Burundi,70294.902
2019,LNG (271111),Import,112,Belarus,6100.0
2019,LNG (271111),Import,116,Cambodia,73890.0
2019,LNG (271111),Import,124,Canada,167183165.241
2019,LNG (271111),Import,152,Chile,815200887.02
2019,LNG (271111),Import,156,China,28632979476.0
2019,LNG (271111),Import,170,Colombia,57044057.62
2019,LNG (271111),Import,174,Comoros,137.667
2019,LNG (271111),Import,178,Congo,38824.892
2019,LNG (271111),Import,180,Democratic Republic of the Congo,227.511
2019,LNG (271111),Import,191,Croatia,11226.0
2019,LNG (271111),Import,203,Czechia,116619.0
2019,LNG (271111),Import,204,Benin,144.906
2019,LNG (271111),Import,208,Denmark,19559537.213
2019,LNG (271111),Import,214,Dominican Republic,326777243.051
2019,LNG (271111),Import,218,Ecuador,663.68
2019,LNG (271111),Import,233,Estonia,2944411.05
2019,LNG (271111),Import,246,Finland,56928813.302999996
2019,LNG (271111),Import,251,France and Monaco,4426778301.76
2019,LNG (271111),Import,258,French Polynesia,193.006
2019,LNG (271111),Import,270,Gambia,13543.649
2019,LNG (271111),Import,275,State of Palestine,79335238.93
2019,LNG (271111),Import,276,Germany,7634408.165
2019,LNG (271111),Import,288,Ghana,1592.933
2019,LNG (271111),Import,300,Greece,475795132.385
2019,LNG (271111),Import,328,Guyana,500898.256
2019,LNG (271111),Import,348,Hungary,6127.0
2019,LNG (271111),Import,352,Iceland,9002.236
2019,LNG (271111),Import,372,Ireland,6979.621999999999
2019,LNG (271111),Import,380,Italy,2964461244.589
2019,LNG (271111),Import,384,Côte d'Ivoire,968.244
2019,LNG (271111),Import,392,Japan,39882219224.367
2019,LNG (271111),Import,398,Kazakhstan,2628373.0
2019,LNG (271111),Import,410,Republic of Korea,20566591669.0
2019,LNG (271111),Import,417,Kyrgyzstan,78456.0
2019,LNG (271111),Import,418,Lao People's Democratic Republic,73890.0
2019,LNG (271111),Import,426,Lesotho,3349595.735
2019,LNG (271111),Import,428,Latvia,12815895.160999998
2019,LNG (271111),Import,440,Lithuania,349844101.0
2019,LNG (271111),Import,442,Luxembourg,17648.619
2019,LNG (271111),Import,454,Malawi,39420.375
2019,LNG (271111),Import,458,Malaysia,1320017484.713
2019,LNG (271111),Import,470,Malta,125151854.634
2019,LNG (271111),Import,480,Mauritius,70.622
2019,LNG (271111),Import,484,Mexico,382647860.0
2019,LNG (271111),Import,496,Mongolia,356334.23
2019,LNG (271111),Import,508,Mozambique,8357.166000000001
2019,LNG (271111),Import,516,Namibia,4340639.251
2019,LNG (271111),Import,528,Netherlands,1977797458.0709999
2019,LNG (271111),Import,554,New Zealand,2539.218
2019,LNG (271111),Import,586,Pakistan,3249094008.564
2019,LNG (271111),Import,591,Panama,113757411.0
2019,LNG (271111),Import,600,Paraguay,49389.0
2019,LNG (271111),Import,620,Portugal,1364776566.399
2019,LNG (271111),Import,643,Russian Federation,319339.63
2019,LNG (271111),Import,646,Rwanda,6087722.64
2019,LNG (271111),Import,678,Sao Tome and Principe,195.524
2019,LNG (271111),Import,682,Saudi Arabia,27365.066
2019,LNG (271111),Import,699,India,9547866960.207
2019,LNG (271111),Import,702,Singapore,1593848277.28
2019,LNG (271111),Import,703,Slovakia,67135.329
2019,LNG (271111),Import,704,Vietnam,87891.3
2019,LNG (271111),Import,705,Slovenia,346558.384
2019,LNG (271111),Import,710,South Africa,317608884.588
2019,LNG (271111),Import,716,Zimbabwe,291125.561
2019,LNG (271111),Import,724,Spain,4734960115.375
2019,LNG (271111),Import,748,Eswatini,3757360.56
2019,LNG (271111),Import,752,Sweden,104736383.581
2019,LNG (271111),Import,757,Switzerland,597170.81
2019,LNG (271111),Import,764,Thailand,2622967411.421
2019,LNG (271111),Import,780,Trinidad and Tobago,4691.33
2019,LNG (271111),Import,784,United Arab Emirates,1526560.227
2019,LNG (271111),Import,800,Uganda,284742.87
2019,LNG (271111),Import,807,North Macedonia,32986.9
2019,LNG (271111),Import,826,United Kingdom,2913062092.78
2019,LNG (271111),Import,842,United States of America,967197686.0
2019,LNG (271111),Import,854,Burkina Faso,36640.422
2019,LNG (271111),Import,894,Zambia,1894.7889999999998
2020,Gaseous NG (271121),Export,31,Azerbaijan,2190522129.78
2020,Gaseous NG (271121),Export,32,Argentina,215202829.56
2020,Gaseous NG (271121),Export,36,Australia,1301.914
2020,Gaseous NG (271121),Export,51,Armenia,3178677.155
2020,Gaseous NG (271121),Export,56,Belgium,1897884234.507
2020,Gaseous NG (271121),Export,68,Bolivia,1989292577.84
2020,Gaseous NG (271121),Export,70,Bosnia and Herzegovina,1294106.31
2020,Gaseous NG (271121),Export,72,Botswana,15780.307999999999
2020,Gaseous NG (271121),Export,76,Brazil,1487.0
2020,Gaseous NG (271121),Export,100,Bulgaria,15303275.788999999
2020,Gaseous NG (271121),Export,104,Myanmar,3365871917.762
2020,Gaseous NG (271121),Export,124,Canada,5105939027.101
2020,Gaseous NG (271121),Export,156,China,766888296.0
2020,Gaseous NG (271121),Export,191,Croatia,11616224.0
2020,Gaseous NG (271121),Export,203,Czechia,153943067.0
2020,Gaseous NG (271121),Export,218,Ecuador,7486.04
2020,Gaseous NG (271121),Export,233,Estonia,19787380.4
2020,Gaseous NG (271121),Export,251,France and Monaco,1232286383.517
2020,Gaseous NG (271121),Export,276,Germany,9441980388.024
2020,Gaseous NG (271121),Export,288,Ghana,756.6099999999999
2020,Gaseous NG (271121),Export,300,Greece,109612334.414
2020,Gaseous NG (271121),Export,328,Guyana,14.408
2020,Gaseous NG (271121),Export,344,China Hong Kong,17687.653
2020,Gaseous NG (271121),Export,348,Hungary,545803786.0
2020,Gaseous NG (271121),Export,360,Indonesia,1787943544.8179998
2020,Gaseous NG (271121),Export,372,Ireland,8796240.852
2020,Gaseous NG (271121),Export,380,Italy,37239724.613
2020,Gaseous NG (271121),Export,392,Japan,130394.034
2020,Gaseous NG (271121),Export,398,Kazakhstan,1875560915.64
2020,Gaseous NG (271121),Export,410,Republic of Korea,9225.0
2020,Gaseous NG (271121),Export,418,Lao People's Democratic Republic,27195.0
2020,Gaseous NG (271121),Export,428,Latvia,54017265.677
2020,Gaseous NG (271121),Export,440,Lithuania,30457319.0
2020,Gaseous NG (271121),Export,484,Mexico,3234360.0
2020,Gaseous NG (271121),Export,508,Mozambique,228129613.296
2020,Gaseous NG (271121),Export,516,Namibia,203.859
2020,Gaseous NG (271121),Export,579,Norway,12286959073.816
2020,Gaseous NG (271121),Export,604,Peru,176515.02
2020,Gaseous NG (271121),Export,620,Portugal,29710063.869
2020,Gaseous NG (271121),Export,642,Romania,19000508.15
2020,Gaseous NG (271121),Export,688,Serbia,576319.0
2020,Gaseous NG (271121),Export,699,India,610.952
2020,Gaseous NG (271121),Export,702,Singapore,38489.858
2020,Gaseous NG (271121),Export,703,Slovakia,8194983.847999999
2020,Gaseous NG (271121),Export,704,Vietnam,11660.0
2020,Gaseous NG (271121),Export,705,Slovenia,24046111.092
2020,Gaseous NG (271121),Export,710,South Africa,18635.19
2020,Gaseous NG (271121),Export,724,Spain,185.189
2020,Gaseous NG (271121),Export,752,Sweden,18050775.123999998
2020,Gaseous NG (271121),Export,757,Switzerland,2077.082
2020,Gaseous NG (271121),Export,764,Thailand,38607.826
2020,Gaseous NG (271121),Export,800,Uganda,100.0
2020,Gaseous NG (271121),Export,807,North Macedonia,104073.27
2020,Gaseous NG (271121),Export,826,United Kingdom,883908019.422
2020,Gaseous NG (271121),Export,834,Tanzania,11692.59
2020,Gaseous NG (271121),Export,842,United States of America,5483079781.0
2020,Gaseous NG (271121),Export,860,Uzbekistan,564245936.21
2020,Gaseous NG (271121),Import,20,Andorra,764.332
2020,Gaseous NG (271121),Import,24,Angola,11615.273
2020,Gaseous NG (271121),Import,31,Azerbaijan,5102426.34
2020,Gaseous NG (271121),Import,32,Argentina,968823787.63
2020,Gaseous NG (271121),Import,36,Australia,6789.062
2020,Gaseous NG (271121),Import,51,Armenia,427286388.71
2020,Gaseous NG (271121),Import,56,Belgium,3131922528.812
2020,Gaseous NG (271121),Import,68,Bolivia,3158.62
2020,Gaseous NG (271121),Import,70,Bosnia and Herzegovina,59996133.78
2020,Gaseous NG (271121),Import,72,Botswana,121184.079
2020,Gaseous NG (271121),Import,76,Brazil,1072504572.0
2020,Gaseous NG (271121),Import,100,Bulgaria,421843742.45
2020,Gaseous NG (271121),Import,108,Burundi,472.459
2020,Gaseous NG (271121),Import,112,Belarus,2453261700.0
2020,Gaseous NG (271121),Import,124,Canada,1406802711.71
2020,Gaseous NG (271121),Import,152,Chile,289322634.72
2020,Gaseous NG (271121),Import,156,China,13687443348.0
2020,Gaseous NG (271121),Import,170,Colombia,51715.16
2020,Gaseous NG (271121),Import,180,Democratic Republic of the Congo,683.154
2020,Gaseous NG (271121),Import,191,Croatia,261310284.0
2020,Gaseous NG (271121),Import,203,Czechia,949954967.0
2020,Gaseous NG (271121),Import,204,Benin,14228.11
2020,Gaseous NG (271121),Import,208,Denmark,342830897.928
2020,Gaseous NG (271121),Import,214,Dominican Republic,244.074
2020,Gaseous NG (271121),Import,233,Estonia,71133977.47
2020,Gaseous NG (271121),Import,251,France and Monaco,4411114594.837
2020,Gaseous NG (271121),Import,268,Georgia,302404382.0
2020,Gaseous NG (271121),Import,270,Gambia,9.992
2020,Gaseous NG (271121),Import,275,State of Palestine,10610.779999999999
2020,Gaseous NG (271121),Import,276,Germany,22696168514.335
2020,Gaseous NG (271121),Import,288,Ghana,20615.764
2020,Gaseous NG (271121),Import,300,Greece,461285637.604
2020,Gaseous NG (271121),Import,344,China Hong Kong,1805785618.806
2020,Gaseous NG (271121),Import,348,Hungary,1485966567.0
2020,Gaseous NG (271121),Import,360,Indonesia,13630.0
2020,Gaseous NG (271121),Import,372,Ireland,742950787.503
2020,Gaseous NG (271121),Import,376,Israel,120550000.0
2020,Gaseous NG (271121),Import,380,Italy,8067429313.8
2020,Gaseous NG (271121),Import,392,Japan,6129.675
2020,Gaseous NG (271121),Import,398,Kazakhstan,498353402.2
2020,Gaseous NG (271121),Import,404,Kenya,1127.56
2020,Gaseous NG (271121),Import,410,Republic of Korea,111622.0
2020,Gaseous NG (271121),Import,417,Kyrgyzstan,47678569.0
2020,Gaseous NG (271121),Import,418,Lao People's Democratic Republic,152579.4
2020,Gaseous NG (271121),Import,426,Lesotho,488.36699999999996
2020,Gaseous NG (271121),Import,428,Latvia,146175256.381
2020,Gaseous NG (271121),Import,440,Lithuania,91796355.0
2020,Gaseous NG (271121),Import,454,Malawi,2024.6860000000001
2020,Gaseous NG (271121),Import,458,Malaysia,115843267.595
2020,Gaseous NG (271121),Import,480,Mauritius,9189.347
2020,Gaseous NG (271121),Import,484,Mexico,4447905123.0
2020,Gaseous NG (271121),Import,496,Mongolia,1084.13
2020,Gaseous NG (271121),Import,499,Montenegro,2270768.089
2020,Gaseous NG (271121),Import,504,Morocco,139544044.387
2020,Gaseous NG (271121),Import,508,Mozambique,158.408
2020,Gaseous NG (271121),Import,516,Namibia,5722.8
2020,Gaseous NG (271121),Import,566,Nigeria,1819.495
2020,Gaseous NG (271121),Import,586,Pakistan,56038.116
2020,Gaseous NG (271121),Import,620,Portugal,113901032.102
2020,Gaseous NG (271121),Import,642,Romania,353723988.4
2020,Gaseous NG (271121),Import,682,Saudi Arabia,45063.733
2020,Gaseous NG (271121),Import,688,Serbia,462524221.0
2020,Gaseous NG (271121),Import,702,Singapore,1964854952.725
2020,Gaseous NG (271121),Import,703,Slovakia,1518711716.826
2020,Gaseous NG (271121),Import,704,Vietnam,5808.42
2020,Gaseous NG (271121),Import,705,Slovenia,183821433.144
2020,Gaseous NG (271121),Import,716,Zimbabwe,620.965
2020,Gaseous NG (271121),Import,724,Spain,1664803634.5149999
2020,Gaseous NG (271121),Import,752,Sweden,135375060.511
2020,Gaseous NG (271121),Import,757,Switzerland,774999374.501
2020,Gaseous NG (271121),Import,764,Thailand,1829578133.642
2020,Gaseous NG (271121),Import,780,Trinidad and Tobago,62184.644
2020,Gaseous NG (271121),Import,800,Uganda,1664.0
2020,Gaseous NG (271121),Import,804,Ukraine,837038000.0
2020,Gaseous NG (271121),Import,807,North Macedonia,71251815.57
2020,Gaseous NG (271121),Import,826,United Kingdom,3670154691.643
2020,Gaseous NG (271121),Import,834,Tanzania,15249.720000000001
2020,Gaseous NG (271121),Import,842,United States of America,5023775276.0
2020,Gaseous NG (271121),Import,858,Uruguay,27293088.19
2020,Gaseous NG (271121),Import,860,Uzbekistan,47811426.0
2020,Gaseous NG (271121),Import,894,Zambia,26.269
2020,LNG (271111),Export,24,Angola,905519584.585
2020,LNG (271111),Export,56,Belgium,5908143.603
2020,LNG (271111),Export,72,Botswana,68107.866
2020,LNG (271111),Export,76,Brazil,25515038.0
2020,LNG (271111),Export,96,Brunei Darussalam,2160650382.207
2020,LNG (271111),Export,100,Bulgaria,179461.52000000002
2020,LNG (271111),Export,124,Canada,2595251.466
2020,LNG (271111),Export,156,China,22164662.0
2020,LNG (271111),Export,203,Czechia,28.0
2020,LNG (271111),Export,214,Dominican Republic,8670668.994
2020,LNG (271111),Export,233,Estonia,1825210.27
2020,LNG (271111),Export,246,Finland,39804601.412
2020,LNG (271111),Export,251,France and Monaco,81873938.033
2020,LNG (271111),Export,275,State of Palestine,6313.2
2020,LNG (271111),Export,276,Germany,729461.232
2020,LNG (271111),Export,288,Ghana,9.017
2020,LNG (271111),Export,300,Greece,565213.749
2020,LNG (271111),Export,328,Guyana,5199.996
2020,LNG (271111),Export,360,Indonesia,3609530721.199
2020,LNG (271111),Export,380,Italy,32276843.763
2020,LNG (271111),Export,398,Kazakhstan,2069558.7
2020,LNG (271111),Export,410,Republic of Korea,7910724.0
2020,LNG (271111),Export,428,Latvia,429055.894
2020,LNG (271111),Export,440,Lithuania,1345687.0
2020,LNG (271111),Export,442,Luxembourg,1846.537
2020,LNG (271111),Export,458,Malaysia,7115150622.689
2020,LNG (271111),Export,504,Morocco,79.391
2020,LNG (271111),Export,508,Mozambique,3757004.36
2020,LNG (271111),Export,516,Namibia,154028.77
2020,LNG (271111),Export,528,Netherlands,4337361.054
2020,LNG (271111),Export,554,New Zealand,1548850.236
2020,LNG (271111),Export,566,Nigeria,4007612127.508
2020,LNG (271111),Export,579,Norway,463653933.504
2020,LNG (271111),Export,604,Peru,133990885.92
2020,LNG (271111),Export,643,Russian Federation,6745828109.64
2020,LNG (271111),Export,646,Rwanda,38899.03
2020,LNG (271111),Export,682,Saudi Arabia,248831387.912
2020,LNG (271111),Export,699,India,12568140.234000001
2020,LNG (271111),Export,702,Singapore,241390214.681
2020,LNG (271111),Export,710,South Africa,5082598.258
2020,LNG (271111),Export,724,Spain,41747394.604
2020,LNG (271111),Export,752,Sweden,15105684.618
2020,LNG (271111),Export,757,Switzerland,96.68
2020,LNG (271111),Export,764,Thailand,12361.845
2020,LNG (271111),Export,780,Trinidad and Tobago,486769043.519
2020,LNG (271111),Export,818,Egypt,438787670.527
2020,LNG (271111),Export,826,United Kingdom,4411037.073
2020,LNG (271111),Export,834,Tanzania,2857751.9
2020,LNG (271111),Export,842,United States of America,13188562015.0
2020,LNG (271111),Import,20,Andorra,804040.155
2020,LNG (271111),Import,24,Angola,47325.188
2020,LNG (271111),Import,31,Azerbaijan,15625.0
2020,LNG (271111),Import,32,Argentina,226516103.46
2020,LNG (271111),Import,36,Australia,22567711.886
2020,LNG (271111),Import,52,Barbados,2946217.0
2020,LNG (271111),Import,56,Belgium,604936059.345
2020,LNG (271111),Import,60,Bermuda,141.3
2020,LNG (271111),Import,72,Botswana,1597392.763
2020,LNG (271111),Import,76,Brazil,202761498.0
2020,LNG (271111),Import,84,Belize,2157.335
2020,LNG (271111),Import,96,Brunei Darussalam,33707.802
2020,LNG (271111),Import,100,Bulgaria,1910100.101
2020,LNG (271111),Import,104,Myanmar,94239464.0
2020,LNG (271111),Import,108,Burundi,76655.91
2020,LNG (271111),Import,112,Belarus,2200.0
2020,LNG (271111),Import,116,Cambodia,128927051.03
2020,LNG (271111),Import,124,Canada,148979707.096
2020,LNG (271111),Import,152,Chile,693426784.3199999
2020,LNG (271111),Import,156,China,23241951422.0
2020,LNG (271111),Import,170,Colombia,59910328.1
2020,LNG (271111),Import,188,Costa Rica,26977092.92
2020,LNG (271111),Import,191,Croatia,359638.0
2020,LNG (271111),Import,203,Czechia,27238.0
2020,LNG (271111),Import,204,Benin,33913.956999999995
2020,LNG (271111),Import,208,Denmark,303225079.301
2020,LNG (271111),Import,214,Dominican Republic,296151200.843
2020,LNG (271111),Import,218,Ecuador,504.18
2020,LNG (271111),Import,233,Estonia,2488142.37
2020,LNG (271111),Import,246,Finland,54042203.978
2020,LNG (271111),Import,251,France and Monaco,2716482842.485
2020,LNG (271111),Import,270,Gambia,27976.87
2020,LNG (271111),Import,275,State of Palestine,75383484.17
2020,LNG (271111),Import,276,Germany,10550160.207
2020,LNG (271111),Import,288,Ghana,1522103.505
2020,LNG (271111),Import,300,Greece,274331962.45
2020,LNG (271111),Import,328,Guyana,1224421.964
2020,LNG (271111),Import,348,Hungary,6435.0
2020,LNG (271111),Import,352,Iceland,19974.77
2020,LNG (271111),Import,372,Ireland,18547.896
2020,LNG (271111),Import,380,Italy,2104877290.536
2020,LNG (271111),Import,392,Japan,29982113217.24
2020,LNG (271111),Import,398,Kazakhstan,1107477.9100000001
2020,LNG (271111),Import,404,Kenya,803.735
2020,LNG (271111),Import,410,Republic of Korea,15716276195.0
2020,LNG (271111),Import,417,Kyrgyzstan,52399.0
2020,LNG (271111),Import,418,Lao People's Democratic Republic,11204.51
2020,LNG (271111),Import,426,Lesotho,5109674.312
2020,LNG (271111),Import,428,Latvia,1865980.33
2020,LNG (271111),Import,440,Lithuania,249543767.0
2020,LNG (271111),Import,442,Luxembourg,30695.009
2020,LNG (271111),Import,454,Malawi,112282.473
2020,LNG (271111),Import,458,Malaysia,1159596699.417
2020,LNG (271111),Import,470,Malta,167653366.098
2020,LNG (271111),Import,480,Mauritius,69.894
2020,LNG (271111),Import,484,Mexico,170135628.0
2020,LNG (271111),Import,496,Mongolia,504631.2
2020,LNG (271111),Import,508,Mozambique,2808.368
2020,LNG (271111),Import,516,Namibia,3949347.41
2020,LNG (271111),Import,528,Netherlands,256752996.753
2020,LNG (271111),Import,554,New Zealand,1059.761
2020,LNG (271111),Import,579,Norway,8526556.344
2020,LNG (271111),Import,586,Pakistan,2084741477.534
2020,LNG (271111),Import,620,Portugal,1074904016.729
2020,LNG (271111),Import,643,Russian Federation,27183.75
2020,LNG (271111),Import,646,Rwanda,3534964.22
2020,LNG (271111),Import,682,Saudi Arabia,20896.267
2020,LNG (271111),Import,688,Serbia,50157.0
2020,LNG (271111),Import,690,Seychelles,2381.667
2020,LNG (271111),Import,699,India,7906273515.82
2020,LNG (271111),Import,702,Singapore,1142105173.811
2020,LNG (271111),Import,703,Slovakia,11555.097
2020,LNG (271111),Import,705,Slovenia,262922.24199999997
2020,LNG (271111),Import,710,South Africa,221154020.002
2020,LNG (271111),Import,716,Zimbabwe,138292.0
2020,LNG (271111),Import,724,Spain,3450122383.66
2020,LNG (271111),Import,752,Sweden,152013146.637
2020,LNG (271111),Import,757,Switzerland,681131.321
2020,LNG (271111),Import,764,Thailand,1985913792.423
2020,LNG (271111),Import,800,Uganda,239680.0
2020,LNG (271111),Import,807,North Macedonia,216744.84
2020,LNG (271111),Import,818,Egypt,388677982.633
2020,LNG (271111),Import,826,United Kingdom,2255013287.428
2020,LNG (271111),Import,842,United States of America,614369796.0
2020,LNG (271111),Import,894,Zambia,2402.838
2021,Gaseous NG (271121),Export,31,Azerbaijan,5534398337.06
2021,Gaseous NG (271121),Export,32,Argentina,123358869.07
2021,Gaseous NG (271121),Export,36,Australia,17421.895
2021,Gaseous NG (271121),Export,56,Belgium,10666950994.458
2021,Gaseous NG (271121),Export,68,Bolivia,2249077092.76
2021,Gaseous NG (271121),Export,70,Bosnia and Herzegovina,366759.52
2021,Gaseous NG (271121),Export,72,Botswana,129.485
2021,Gaseous NG (271121),Export,76,Brazil,304.0
2021,Gaseous NG (271121),Export,100,Bulgaria,286872775.449
2021,Gaseous NG (271121),Export,104,Myanmar,3150702807.493
2021,Gaseous NG (271121),Export,108,Burundi,129.029
2021,Gaseous NG (271121),Export,124,Canada,10597746168.492
2021,Gaseous NG (271121),Export,152,Chile,1361767.0
2021,Gaseous NG (271121),Export,156,China,1706157634.0
2021,Gaseous NG (271121),Export,191,Croatia,40679814.0
2021,Gaseous NG (271121),Export,203,Czechia,19493548.0
2021,Gaseous NG (271121),Export,233,Estonia,161328000.47
2021,Gaseous NG (271121),Export,251,France and Monaco,1858878555.823
2021,Gaseous NG (271121),Export,276,Germany,13863690517.96
2021,Gaseous NG (271121),Export,288,Ghana,2124.707
2021,Gaseous NG (271121),Export,300,Greece,218579940.715
2021,Gaseous NG (271121),Export,328,Guyana,72.0
2021,Gaseous NG (271121),Export,344,China Hong Kong,32481.843
2021,Gaseous NG (271121),Export,348,Hungary,1124741593.0
2021,Gaseous NG (271121),Export,360,Indonesia,2869386909.73
2021,Gaseous NG (271121),Export,372,Ireland,13341666.973
2021,Gaseous NG (271121),Export,380,Italy,214206835.268
2021,Gaseous NG (271121),Export,392,Japan,166986.126
2021,Gaseous NG (271121),Export,398,Kazakhstan,1287441306.6299999
2021,Gaseous NG (271121),Export,404,Kenya,1906.804
2021,Gaseous NG (271121),Export,410,Republic of Korea,29041.0
2021,Gaseous NG (271121),Export,428,Latvia,261513633.153
2021,Gaseous NG (271121),Export,440,Lithuania,18599456.0
2021,Gaseous NG (271121),Export,442,Luxembourg,21.688
2021,Gaseous NG (271121),Export,450,Madagascar,72.954
2021,Gaseous NG (271121),Export,484,Mexico,1313088.0
2021,Gaseous NG (271121),Export,508,Mozambique,258156567.468
2021,Gaseous NG (271121),Export,579,Norway,65802523173.728
2021,Gaseous NG (271121),Export,620,Portugal,164125733.122
2021,Gaseous NG (271121),Export,642,Romania,292057864.17
2021,Gaseous NG (271121),Export,688,Serbia,1175154.0
2021,Gaseous NG (271121),Export,699,India,303.879
2021,Gaseous NG (271121),Export,702,Singapore,150422.825
2021,Gaseous NG (271121),Export,703,Slovakia,4875147.5819999995
2021,Gaseous NG (271121),Export,704,Vietnam,17600.0
2021,Gaseous NG (271121),Export,705,Slovenia,4020089.4089999995
2021,Gaseous NG (271121),Export,710,South Africa,15473.013
2021,Gaseous NG (271121),Export,724,Spain,29226501.572
2021,Gaseous NG (271121),Export,752,Sweden,58433183.015
2021,Gaseous NG (271121),Export,757,Switzerland,496.751
2021,Gaseous NG (271121),Export,764,Thailand,574510.8740000001
2021,Gaseous NG (271121),Export,780,Trinidad and Tobago,25799.088
2021,Gaseous NG (271121),Export,804,Ukraine,38165022.72
2021,Gaseous NG (271121),Export,807,North Macedonia,20079.73
2021,Gaseous NG (271121),Export,826,United Kingdom,4762356735.9279995
2021,Gaseous NG (271121),Export,842,United States of America,12828101921.0
2021,Gaseous NG (271121),Export,860,Uzbekistan,692355139.22
2021,Gaseous NG (271121),Import,24,Angola,3526.4669999999996
2021,Gaseous NG (271121),Import,31,Azerbaijan,19385420.509999998
2021,Gaseous NG (271121),Import,32,Argentina,964805867.0
2021,Gaseous NG (271121),Import,48,Bahrain,478.963
2021,Gaseous NG (271121),Import,51,Armenia,460787447.355
2021,Gaseous NG (271121),Import,56,Belgium,16080371942.693
2021,Gaseous NG (271121),Import,68,Bolivia,8212.06
2021,Gaseous NG (271121),Import,70,Bosnia and Herzegovina,66927777.72
2021,Gaseous NG (271121),Import,72,Botswana,146089.394
2021,Gaseous NG (271121),Import,76,Brazil,1278230066.0
2021,Gaseous NG (271121),Import,100,Bulgaria,1555608127.427
2021,Gaseous NG (271121),Import,108,Burundi,2725.085
2021,Gaseous NG (271121),Import,112,Belarus,1004335300.0
2021,Gaseous NG (271121),Import,124,Canada,2328000920.7660003
2021,Gaseous NG (271121),Import,152,Chile,253813159.99
2021,Gaseous NG (271121),Import,156,China,11645997931.0
2021,Gaseous NG (271121),Import,170,Colombia,43158.26
2021,Gaseous NG (271121),Import,180,Democratic Republic of the Congo,2274.594
2021,Gaseous NG (271121),Import,191,Croatia,186187221.0
2021,Gaseous NG (271121),Import,203,Czechia,3479734706.0
2021,Gaseous NG (271121),Import,204,Benin,24469.458
2021,Gaseous NG (271121),Import,208,Denmark,1015454347.743
2021,Gaseous NG (271121),Import,218,Ecuador,423.165
2021,Gaseous NG (271121),Import,233,Estonia,152122854.6
2021,Gaseous NG (271121),Import,251,France and Monaco,11969523692.344
2021,Gaseous NG (271121),Import,268,Georgia,320845064.0
2021,Gaseous NG (271121),Import,275,State of Palestine,51144.79
2021,Gaseous NG (271121),Import,276,Germany,45709565285.951
2021,Gaseous NG (271121),Import,288,Ghana,3890.1009999999997
2021,Gaseous NG (271121),Import,300,Greece,2015419926.348
2021,Gaseous NG (271121),Import,344,China Hong Kong,1879923865.735
2021,Gaseous NG (271121),Import,348,Hungary,3241535710.0
2021,Gaseous NG (271121),Import,360,Indonesia,17427.0
2021,Gaseous NG (271121),Import,372,Ireland,1685999945.343
2021,Gaseous NG (271121),Import,376,Israel,85050000.0
2021,Gaseous NG (271121),Import,380,Italy,23529089158.496
2021,Gaseous NG (271121),Import,398,Kazakhstan,272649427.14
2021,Gaseous NG (271121),Import,404,Kenya,4230.148
2021,Gaseous NG (271121),Import,410,Republic of Korea,67048.0
2021,Gaseous NG (271121),Import,414,Kuwait,5855.0
2021,Gaseous NG (271121),Import,417,Kyrgyzstan,56752779.0
2021,Gaseous NG (271121),Import,426,Lesotho,163.162
2021,Gaseous NG (271121),Import,428,Latvia,510352717.965
2021,Gaseous NG (271121),Import,440,Lithuania,265654953.0
2021,Gaseous NG (271121),Import,454,Malawi,299.491
2021,Gaseous NG (271121),Import,458,Malaysia,106879384.31400001
2021,Gaseous NG (271121),Import,480,Mauritius,10531.074
2021,Gaseous NG (271121),Import,484,Mexico,11917398193.0
2021,Gaseous NG (271121),Import,498,Republic of Moldova,376585759.0
2021,Gaseous NG (271121),Import,499,Montenegro,2850398.938
2021,Gaseous NG (271121),Import,504,Morocco,159087161.571
2021,Gaseous NG (271121),Import,508,Mozambique,128.626
2021,Gaseous NG (271121),Import,516,Namibia,21556.857
2021,Gaseous NG (271121),Import,566,Nigeria,57246.486000000004
2021,Gaseous NG (271121),Import,586,Pakistan,1556.946
2021,Gaseous NG (271121),Import,608,Philippines,89247.0
2021,Gaseous NG (271121),Import,620,Portugal,165698368.249
2021,Gaseous NG (271121),Import,634,Qatar,94274.763
2021,Gaseous NG (271121),Import,642,Romania,971949367.79
2021,Gaseous NG (271121),Import,688,Serbia,505042514.0
2021,Gaseous NG (271121),Import,702,Singapore,3333029103.483
2021,Gaseous NG (271121),Import,703,Slovakia,3026609498.808
2021,Gaseous NG (271121),Import,704,Vietnam,969.23
2021,Gaseous NG (271121),Import,705,Slovenia,271071701.753
2021,Gaseous NG (271121),Import,724,Spain,2290885044.175
2021,Gaseous NG (271121),Import,752,Sweden,457362282.207
2021,Gaseous NG (271121),Import,757,Switzerland,1409543161.889
2021,Gaseous NG (271121),Import,764,Thailand,1715683180.9129999
2021,Gaseous NG (271121),Import,768,Togo,97.29
2021,Gaseous NG (271121),Import,780,Trinidad and Tobago,78436.712
2021,Gaseous NG (271121),Import,804,Ukraine,2028458731.02
2021,Gaseous NG (271121),Import,807,North Macedonia,115183123.19
2021,Gaseous NG (271121),Import,826,United Kingdom,20941596171.078
2021,Gaseous NG (271121),Import,834,Tanzania,1309.0
2021,Gaseous NG (271121),Import,842,United States of America,10064738270.0
2021,Gaseous NG (271121),Import,858,Uruguay,43001612.25
2021,Gaseous NG (271121),Import,860,Uzbekistan,154153276.0
2021,Gaseous NG (271121),Import,882,Samoa,81829.989
2021,LNG (271111),Export,24,Angola,3121265740.542
2021,LNG (271111),Export,36,Australia,37108596564.056
2021,LNG (271111),Export,56,Belgium,27419984.076
2021,LNG (271111),Export,70,Bosnia and Herzegovina,27160.620000000003
2021,LNG (271111),Export,72,Botswana,65878.462
2021,LNG (271111),Export,76,Brazil,35648962.0
2021,LNG (271111),Export,100,Bulgaria,157923.184
2021,LNG (271111),Export,124,Canada,595588.585
2021,LNG (271111),Export,156,China,7338435.0
2021,LNG (271111),Export,191,Croatia,1684282.0
2021,LNG (271111),Export,214,Dominican Republic,22122357.316999998
2021,LNG (271111),Export,233,Estonia,14129901.540000001
2021,LNG (271111),Export,246,Finland,97687755.488
2021,LNG (271111),Export,251,France and Monaco,496752938.162
2021,LNG (271111),Export,275,State of Palestine,10670.48
2021,LNG (271111),Export,276,Germany,3769248.705
2021,LNG (271111),Export,360,Indonesia,4609725391.29
2021,LNG (271111),Export,380,Italy,148338521.63300002
2021,LNG (271111),Export,398,Kazakhstan,394545.62
2021,LNG (271111),Export,410,Republic of Korea,143792947.0
2021,LNG (271111),Export,428,Latvia,9543490.609
2021,LNG (271111),Export,440,Lithuania,7963186.0
2021,LNG (271111),Export,442,Luxembourg,210.86
2021,LNG (271111),Export,458,Malaysia,8816254065.853
2021,LNG (271111),Export,508,Mozambique,13278692.29
2021,LNG (271111),Export,516,Namibia,121992.446
2021,LNG (271111),Export,528,Netherlands,459932907.304
2021,LNG (271111),Export,554,New Zealand,382386.945
2021,LNG (271111),Export,566,Nigeria,4925595895.393
2021,LNG (271111),Export,579,Norway,75918436.788
2021,LNG (271111),Export,608,Philippines,227.0
2021,LNG (271111),Export,642,Romania,203.39
2021,LNG (271111),Export,643,Russian Federation,7320220574.85
2021,LNG (271111),Export,646,Rwanda,44969.39
2021,LNG (271111),Export,682,Saudi Arabia,456747554.715
2021,LNG (271111),Export,688,Serbia,188289.0
2021,LNG (271111),Export,699,India,553449.094
2021,LNG (271111),Export,702,Singapore,677341902.089
2021,LNG (271111),Export,704,Vietnam,3481.977
2021,LNG (271111),Export,710,South Africa,6101611.751
2021,LNG (271111),Export,724,Spain,693256571.314
2021,LNG (271111),Export,752,Sweden,28043378.976
2021,LNG (271111),Export,757,Switzerland,19664.75
2021,LNG (271111),Export,764,Thailand,47432556.742000006
2021,LNG (271111),Export,780,Trinidad and Tobago,492224350.199
2021,LNG (271111),Export,818,Egypt,3903182259.946
2021,LNG (271111),Export,826,United Kingdom,35075.568
2021,LNG (271111),Export,834,Tanzania,1631236.06
2021,LNG (271111),Export,842,United States of America,26937758201.0
2021,LNG (271111),Import,20,Andorra,1174197.223
2021,LNG (271111),Import,24,Angola,71590.079
2021,LNG (271111),Import,28,Antigua and Barbuda,84478.451
2021,LNG (271111),Import,31,Azerbaijan,11001.96
2021,LNG (271111),Import,32,Argentina,1178102237.91
2021,LNG (271111),Import,36,Australia,80925.922
2021,LNG (271111),Import,48,Bahrain,161.809
2021,LNG (271111),Import,51,Armenia,164.89
2021,LNG (271111),Import,52,Barbados,4347294.5
2021,LNG (271111),Import,56,Belgium,1560016782.13
2021,LNG (271111),Import,70,Bosnia and Herzegovina,107.89
2021,LNG (271111),Import,72,Botswana,1056214.56
2021,LNG (271111),Import,76,Brazil,3682105841.0
2021,LNG (271111),Import,100,Bulgaria,284076.395
2021,LNG (271111),Import,104,Myanmar,112970293.0
2021,LNG (271111),Import,108,Burundi,208108.845
2021,LNG (271111),Import,116,Cambodia,168222667.92
2021,LNG (271111),Import,124,Canada,162071506.072
2021,LNG (271111),Import,152,Chile,1490386505.3600001
2021,LNG (271111),Import,156,China,44075336854.0
2021,LNG (271111),Import,170,Colombia,27941492.37
2021,LNG (271111),Import,180,Democratic Republic of the Congo,146773.094
2021,LNG (271111),Import,191,Croatia,892055754.0
2021,LNG (271111),Import,203,Czechia,2354600.0
2021,LNG (271111),Import,208,Denmark,8677398.568
2021,LNG (271111),Import,214,Dominican Republic,507978778.58100003
2021,LNG (271111),Import,218,Ecuador,5.17
2021,LNG (271111),Import,222,El Salvador,10983812.13
2021,LNG (271111),Import,233,Estonia,24047577.36
2021,LNG (271111),Import,246,Finland,103014440.507
2021,LNG (271111),Import,251,France and Monaco,6395497894.141
2021,LNG (271111),Import,258,French Polynesia,457.209
2021,LNG (271111),Import,268,Georgia,30056.23
2021,LNG (271111),Import,275,State of Palestine,97184614.82
2021,LNG (271111),Import,276,Germany,98328026.421
2021,LNG (271111),Import,288,Ghana,2620213.573
2021,LNG (271111),Import,300,Greece,1031710209.333
2021,LNG (271111),Import,328,Guyana,1172057.28
2021,LNG (271111),Import,348,Hungary,7249.0
2021,LNG (271111),Import,352,Iceland,187.35500000000002
2021,LNG (271111),Import,360,Indonesia,49.0
2021,LNG (271111),Import,372,Ireland,247662392.84600002
2021,LNG (271111),Import,380,Italy,3184012361.389
2021,LNG (271111),Import,392,Japan,38903437658.028
2021,LNG (271111),Import,398,Kazakhstan,3042864.93
2021,LNG (271111),Import,410,Republic of Korea,25452783227.0
2021,LNG (271111),Import,417,Kyrgyzstan,1011023.0
2021,LNG (271111),Import,426,Lesotho,9451642.336
2021,LNG (271111),Import,428,Latvia,12878860.622
2021,LNG (271111),Import,440,Lithuania,643898411.0
2021,LNG (271111),Import,442,Luxembourg,25164.517
2021,LNG (271111),Import,454,Malawi,396655.322
2021,LNG (271111),Import,458,Malaysia,354562047.224
2021,LNG (271111),Import,470,Malta,161275679.022
2021,LNG (271111),Import,480,Mauritius,1652.405
2021,LNG (271111),Import,484,Mexico,116833977.0
2021,LNG (271111),Import,496,Mongolia,642901.06
2021,LNG (271111),Import,499,Montenegro,240099.10400000002
2021,LNG (271111),Import,504,Morocco,191.954
2021,LNG (271111),Import,508,Mozambique,1472299.266
2021,LNG (271111),Import,516,Namibia,4421575.427
2021,LNG (271111),Import,528,Netherlands,4146239218.447
2021,LNG (271111),Import,554,New Zealand,64562.96599999999
2021,LNG (271111),Import,558,Nicaragua,14715.01
2021,LNG (271111),Import,579,Norway,57895061.264
2021,LNG (271111),Import,586,Pakistan,3956543820.425
2021,LNG (271111),Import,620,Portugal,1675485125.427
2021,LNG (271111),Import,642,Romania,195666.64
2021,LNG (271111),Import,643,Russian Federation,24909238.25
2021,LNG (271111),Import,646,Rwanda,2886984.77
2021,LNG (271111),Import,682,Saudi Arabia,88072.264
2021,LNG (271111),Import,688,Serbia,1183307.0
2021,LNG (271111),Import,699,India,12057317946.647
2021,LNG (271111),Import,702,Singapore,2239218683.652
2021,LNG (271111),Import,703,Slovakia,252762.08599999998
2021,LNG (271111),Import,705,Slovenia,389628.681
2021,LNG (271111),Import,710,South Africa,259952780.135
2021,LNG (271111),Import,716,Zimbabwe,155592.16
2021,LNG (271111),Import,724,Spain,8175758777.281
2021,LNG (271111),Import,752,Sweden,306789703.171
2021,LNG (271111),Import,757,Switzerland,1875945.343
2021,LNG (271111),Import,764,Thailand,3768561648.192
2021,LNG (271111),Import,780,Trinidad and Tobago,18333.352
2021,LNG (271111),Import,788,Tunisia,37494.827
2021,LNG (271111),Import,807,North Macedonia,1621821.25
2021,LNG (271111),Import,818,Egypt,994143004.5699999
2021,LNG (271111),Import,826,United Kingdom,5474500073.488
2021,LNG (271111),Import,842,United States of America,949462314.0
2021,LNG (271111),Import,854,Burkina Faso,692.882
2021,LNG (271111),Import,882,Samoa,278409.962
2021,LNG (271111),Import,894,Zambia,1845.02
2022,Gaseous NG (271121),Export,31,Azerbaijan,14989675865.359999
2022,Gaseous NG (271121),Export,32,Argentina,688819871.56
2022,Gaseous NG (271121),Export,36,Australia,2515.8089999999997
2022,Gaseous NG (271121),Export,56,Belgium,48709727559.118004
2022,Gaseous NG (271121),Export,68,Bolivia,2972550763.97
2022,Gaseous NG (271121),Export,70,Bosnia and Herzegovina,181816.82
2022,Gaseous NG (271121),Export,72,Botswana,3407.998
2022,Gaseous NG (271121),Export,100,Bulgaria,803761051.125
2022,Gaseous NG (271121),Export,104,Myanmar,3932005424.46
2022,Gaseous NG (271121),Export,124,Canada,18904668455.311
2022,Gaseous NG (271121),Export,156,China,2090900144.0
2022,Gaseous NG (271121),Export,191,Croatia,1328821425.0
2022,Gaseous NG (271121),Export,203,Czechia,564521968.0
2022,Gaseous NG (271121),Export,214,Dominican Republic,427.24
2022,Gaseous NG (271121),Export,222,El Salvador,60.0
2022,Gaseous NG (271121),Export,233,Estonia,367850134.63
2022,Gaseous NG (271121),Export,246,Finland,99403228.629
2022,Gaseous NG (271121),Export,251,France and Monaco,10376608381.989
2022,Gaseous NG (271121),Export,258,French Polynesia,303.849
2022,Gaseous NG (271121),Export,276,Germany,9466891904.65
2022,Gaseous NG (271121),Export,300,Greece,2484742503.869
2022,Gaseous NG (271121),Export,344,China Hong Kong,17919.446
2022,Gaseous NG (271121),Export,348,Hungary,988573677.0
2022,Gaseous NG (271121),Export,360,Indonesia,3043691378.314
2022,Gaseous NG (271121),Export,372,Ireland,888970.206
2022,Gaseous NG (271121),Export,380,Italy,892597769.288
2022,Gaseous NG (271121),Export,392,Japan,209162.507
2022,Gaseous NG (271121),Export,398,Kazakhstan,1404857462.05
2022,Gaseous NG (271121),Export,410,Republic of Korea,67.0
2022,Gaseous NG (271121),Export,428,Latvia,1159080793.822
2022,Gaseous NG (271121),Export,440,Lithuania,1307080857.0
2022,Gaseous NG (271121),Export,458,Malaysia,11946.594
2022,Gaseous NG (271121),Export,484,Mexico,561648.0
2022,Gaseous NG (271121),Export,508,Mozambique,295345848.51100004
2022,Gaseous NG (271121),Export,516,Namibia,9199.056999999999
2022,Gaseous NG (271121),Export,528,Netherlands,2089414.302
2022,Gaseous NG (271121),Export,566,Nigeria,122554.214
2022,Gaseous NG (271121),Export,579,Norway,143261709155.839
2022,Gaseous NG (271121),Export,620,Portugal,449699570.056
2022,Gaseous NG (271121),Export,642,Romania,1430206702.65
2022,Gaseous NG (271121),Export,688,Serbia,8243559.0
2022,Gaseous NG (271121),Export,702,Singapore,40754.034999999996
2022,Gaseous NG (271121),Export,704,Vietnam,16600.0
2022,Gaseous NG (271121),Export,705,Slovenia,158924288.45000002
2022,Gaseous NG (271121),Export,710,South Africa,27285.031
2022,Gaseous NG (271121),Export,724,Spain,42037966.357999995
2022,Gaseous NG (271121),Export,752,Sweden,3235.849
2022,Gaseous NG (271121),Export,757,Switzerland,977.415
2022,Gaseous NG (271121),Export,764,Thailand,5541509.522
2022,Gaseous NG (271121),Export,804,Ukraine,44726787.94
2022,Gaseous NG (271121),Export,826,United Kingdom,22003093875.675
2022,Gaseous NG (271121),Export,842,United States of America,15656728245.0
2022,Gaseous NG (271121),Export,860,Uzbekistan,892345721.02
2022,Gaseous NG (271121),Import,24,Angola,14999.69
2022,Gaseous NG (271121),Import,31,Azerbaijan,130634118.12
2022,Gaseous NG (271121),Import,32,Argentina,1692138781.0
2022,Gaseous NG (271121),Import,48,Bahrain,5230.38
2022,Gaseous NG (271121),Import,51,Armenia,504095224.839
2022,Gaseous NG (271121),Import,56,Belgium,50816085196.822
2022,Gaseous NG (271121),Import,70,Bosnia and Herzegovina,93225054.31
2022,Gaseous NG (271121),Import,72,Botswana,180167.503
2022,Gaseous NG (271121),Import,76,Brazil,1723941582.0
2022,Gaseous NG (271121),Import,96,Brunei Darussalam,1472.198
2022,Gaseous NG (271121),Import,100,Bulgaria,3142529348.561
2022,Gaseous NG (271121),Import,104,Myanmar,28512.86
2022,Gaseous NG (271121),Import,108,Burundi,1791.908
2022,Gaseous NG (271121),Import,124,Canada,4231583135.7469997
2022,Gaseous NG (271121),Import,152,Chile,997727865.33
2022,Gaseous NG (271121),Import,156,China,17852782414.0
2022,Gaseous NG (271121),Import,170,Colombia,84119.65
2022,Gaseous NG (271121),Import,180,Democratic Republic of the Congo,11544.546
2022,Gaseous NG (271121),Import,191,Croatia,318037461.0
2022,Gaseous NG (271121),Import,203,Czechia,9711376906.0
2022,Gaseous NG (271121),Import,204,Benin,27099.0
2022,Gaseous NG (271121),Import,208,Denmark,1845019592.864
2022,Gaseous NG (271121),Import,233,Estonia,581691416.76
2022,Gaseous NG (271121),Import,242,Fiji,583.863
2022,Gaseous NG (271121),Import,251,France and Monaco,24842465483.789
2022,Gaseous NG (271121),Import,268,Georgia,438344672.0
2022,Gaseous NG (271121),Import,275,State of Palestine,2094.818
2022,Gaseous NG (271121),Import,276,Germany,71275554645.905
2022,Gaseous NG (271121),Import,300,Greece,6488070627.489
2022,Gaseous NG (271121),Import,344,China Hong Kong,2229428632.134
2022,Gaseous NG (271121),Import,348,Hungary,9567683562.0
2022,Gaseous NG (271121),Import,352,Iceland,963.506
2022,Gaseous NG (271121),Import,372,Ireland,3890350856.749
2022,Gaseous NG (271121),Import,376,Israel,52228000.0
2022,Gaseous NG (271121),Import,380,Italy,52551485306.514
2022,Gaseous NG (271121),Import,398,Kazakhstan,233437749.14
2022,Gaseous NG (271121),Import,404,Kenya,8512.629
2022,Gaseous NG (271121),Import,410,Republic of Korea,72175.0
2022,Gaseous NG (271121),Import,414,Kuwait,59384.43
2022,Gaseous NG (271121),Import,417,Kyrgyzstan,70193467.0
2022,Gaseous NG (271121),Import,418,Lao People's Democratic Republic,5896657.6
2022,Gaseous NG (271121),Import,428,Latvia,2488898704.58
2022,Gaseous NG (271121),Import,440,Lithuania,722161054.0
2022,Gaseous NG (271121),Import,442,Luxembourg,824848531.4350001
2022,Gaseous NG (271121),Import,450,Madagascar,1582.404
2022,Gaseous NG (271121),Import,458,Malaysia,73843842.448
2022,Gaseous NG (271121),Import,480,Mauritius,10753.84
2022,Gaseous NG (271121),Import,484,Mexico,13559492332.0
2022,Gaseous NG (271121),Import,498,Republic of Moldova,798013990.0
2022,Gaseous NG (271121),Import,499,Montenegro,3301015.593
2022,Gaseous NG (271121),Import,504,Morocco,237423502.79299998
2022,Gaseous NG (271121),Import,508,Mozambique,451.213
2022,Gaseous NG (271121),Import,516,Namibia,30341.212
2022,Gaseous NG (271121),Import,528,Netherlands,6675908361.595
2022,Gaseous NG (271121),Import,586,Pakistan,85802.451
2022,Gaseous NG (271121),Import,608,Philippines,850.0
2022,Gaseous NG (271121),Import,620,Portugal,541114067.526
2022,Gaseous NG (271121),Import,634,Qatar,20645.885
2022,Gaseous NG (271121),Import,642,Romania,3501466886.12
2022,Gaseous NG (271121),Import,678,Sao Tome and Principe,334.745
2022,Gaseous NG (271121),Import,682,Saudi Arabia,2525.6
2022,Gaseous NG (271121),Import,688,Serbia,1772395006.0
2022,Gaseous NG (271121),Import,702,Singapore,4028646719.083
2022,Gaseous NG (271121),Import,703,Slovakia,6482159188.741
2022,Gaseous NG (271121),Import,705,Slovenia,906883576.718
2022,Gaseous NG (271121),Import,710,South Africa,712138.149
2022,Gaseous NG (271121),Import,724,Spain,3606596450.751
2022,Gaseous NG (271121),Import,752,Sweden,709136261.839
2022,Gaseous NG (271121),Import,757,Switzerland,5681477004.7560005
2022,Gaseous NG (271121),Import,764,Thailand,2412186511.587
2022,Gaseous NG (271121),Import,804,Ukraine,1314465516.3
2022,Gaseous NG (271121),Import,807,North Macedonia,342360917.85
2022,Gaseous NG (271121),Import,826,United Kingdom,30446478696.937
2022,Gaseous NG (271121),Import,842,United States of America,19121244295.0
2022,Gaseous NG (271121),Import,858,Uruguay,70369394.36
2022,Gaseous NG (271121),Import,860,Uzbekistan,281092856.0
2022,LNG (271111),Export,24,Angola,6060348483.991
2022,LNG (271111),Export,36,Australia,62309993168.101
2022,LNG (271111),Export,56,Belgium,84752470.958
2022,LNG (271111),Export,70,Bosnia and Herzegovina,702386.54
2022,LNG (271111),Export,72,Botswana,41174.111
2022,LNG (271111),Export,76,Brazil,3584398.0
2022,LNG (271111),Export,96,Brunei Darussalam,3487418840.781
2022,LNG (271111),Export,100,Bulgaria,20055814.005
2022,LNG (271111),Export,120,Cameroon,1008480131.191
2022,LNG (271111),Export,124,Canada,115012.774
2022,LNG (271111),Export,152,Chile,194232818.26
2022,LNG (271111),Export,156,China,1114669661.0
2022,LNG (271111),Export,191,Croatia,5204040.0
2022,LNG (271111),Export,203,Czechia,65.0
2022,LNG (271111),Export,214,Dominican Republic,78768642.899
2022,LNG (271111),Export,233,Estonia,15698041.75
2022,LNG (271111),Export,242,Fiji,1484.927
2022,LNG (271111),Export,246,Finland,38650334.199
2022,LNG (271111),Export,251,France and Monaco,47552958.782
2022,LNG (271111),Export,276,Germany,6858514.653
2022,LNG (271111),Export,360,Indonesia,6668199254.941
2022,LNG (271111),Export,372,Ireland,811886.903
2022,LNG (271111),Export,380,Italy,779512360.624
2022,LNG (271111),Export,404,Kenya,11484.600999999999
2022,LNG (271111),Export,410,Republic of Korea,13227663.0
2022,LNG (271111),Export,428,Latvia,4224019.39
2022,LNG (271111),Export,440,Lithuania,25223761.0
2022,LNG (271111),Export,458,Malaysia,15376956056.161001
2022,LNG (271111),Export,504,Morocco,19.808
2022,LNG (271111),Export,508,Mozambique,246231194.977
2022,LNG (271111),Export,516,Namibia,57670.017
2022,LNG (271111),Export,528,Netherlands,216675474.104
2022,LNG (271111),Export,554,New Zealand,24691.35
2022,LNG (271111),Export,566,Nigeria,3348704255.802
2022,LNG (271111),Export,579,Norway,3213783531.12
2022,LNG (271111),Export,646,Rwanda,49988.41
2022,LNG (271111),Export,682,Saudi Arabia,1071496362.8130001
2022,LNG (271111),Export,688,Serbia,55407.0
2022,LNG (271111),Export,699,India,1651255.0189999999
2022,LNG (271111),Export,702,Singapore,227021314.034
2022,LNG (271111),Export,710,South Africa,7299274.977
2022,LNG (271111),Export,724,Spain,1301580043.533
2022,LNG (271111),Export,752,Sweden,43110388.736999996
2022,LNG (271111),Export,764,Thailand,998138.817
2022,LNG (271111),Export,818,Egypt,9861231000.0
2022,LNG (271111),Export,826,United Kingdom,21218.029
2022,LNG (271111),Export,834,Tanzania,1113867.09
2022,LNG (271111),Export,842,United States of America,47331668727.0
2022,LNG (271111),Import,20,Andorra,4079295.889
2022,LNG (271111),Import,24,Angola,50114.012
2022,LNG (271111),Import,28,Antigua and Barbuda,290132.006
2022,LNG (271111),Import,32,Argentina,2566884644.99
2022,LNG (271111),Import,36,Australia,40170.248
2022,LNG (271111),Import,48,Bahrain,188.098
2022,LNG (271111),Import,52,Barbados,7957358.0
2022,LNG (271111),Import,56,Belgium,10960565317.67
2022,LNG (271111),Import,70,Bosnia and Herzegovina,307.15
2022,LNG (271111),Import,72,Botswana,2421277.989
2022,LNG (271111),Import,76,Brazil,3572716205.0
2022,LNG (271111),Import,96,Brunei Darussalam,1680.0749999999998
2022,LNG (271111),Import,100,Bulgaria,797817.196
2022,LNG (271111),Import,108,Burundi,500067.261
2022,LNG (271111),Import,116,Cambodia,232586945.32
2022,LNG (271111),Import,124,Canada,211693752.194
2022,LNG (271111),Import,152,Chile,1340564350.35
2022,LNG (271111),Import,156,China,52182776220.0
2022,LNG (271111),Import,170,Colombia,87550636.74
2022,LNG (271111),Import,180,Democratic Republic of the Congo,172909.215
2022,LNG (271111),Import,191,Croatia,3719886259.0
2022,LNG (271111),Import,203,Czechia,5298599.0
2022,LNG (271111),Import,204,Benin,306.218
2022,LNG (271111),Import,208,Denmark,857500.167
2022,LNG (271111),Import,214,Dominican Republic,834483359.813
2022,LNG (271111),Import,218,Ecuador,24683.26
2022,LNG (271111),Import,222,El Salvador,93403109.2
2022,LNG (271111),Import,233,Estonia,27528540.75
2022,LNG (271111),Import,246,Finland,187374944.823
2022,LNG (271111),Import,251,France and Monaco,33598467468.331
2022,LNG (271111),Import,268,Georgia,9874.177
2022,LNG (271111),Import,275,State of Palestine,180175756.603
2022,LNG (271111),Import,276,Germany,231318076.585
2022,LNG (271111),Import,288,Ghana,258.13
2022,LNG (271111),Import,300,Greece,3682182814.296
2022,LNG (271111),Import,328,Guyana,2005569.899
2022,LNG (271111),Import,348,Hungary,192.0
2022,LNG (271111),Import,352,Iceland,325.66999999999996
2022,LNG (271111),Import,372,Ireland,1145987250.636
2022,LNG (271111),Import,380,Italy,14081870410.525
2022,LNG (271111),Import,392,Japan,64028795564.03
2022,LNG (271111),Import,398,Kazakhstan,3127196.36
2022,LNG (271111),Import,400,Jordan,345765067.975
2022,LNG (271111),Import,404,Kenya,141.482
2022,LNG (271111),Import,410,Republic of Korea,50022187600.0
2022,LNG (271111),Import,414,Kuwait,46673.695999999996
2022,LNG (271111),Import,417,Kyrgyzstan,4079.0
2022,LNG (271111),Import,418,Lao People's Democratic Republic,80.64
2022,LNG (271111),Import,428,Latvia,1947682.6339999998
2022,LNG (271111),Import,440,Lithuania,4441532071.0
2022,LNG (271111),Import,442,Luxembourg,2722.506
2022,LNG (271111),Import,458,Malaysia,2159628019.051
2022,LNG (271111),Import,470,Malta,162453673.693
2022,LNG (271111),Import,484,Mexico,100725669.0
2022,LNG (271111),Import,499,Montenegro,1040185.5449999999
2022,LNG (271111),Import,504,Morocco,194.966
2022,LNG (271111),Import,512,Oman,43602764.561000004
2022,LNG (271111),Import,516,Namibia,4566718.197
2022,LNG (271111),Import,528,Netherlands,18649743414.016
2022,LNG (271111),Import,554,New Zealand,83244.55900000001
2022,LNG (271111),Import,566,Nigeria,562090.162
2022,LNG (271111),Import,579,Norway,52257067.442999996
2022,LNG (271111),Import,586,Pakistan,4532778216.509
2022,LNG (271111),Import,591,Panama,136819892.0
2022,LNG (271111),Import,620,Portugal,3949366829.15
2022,LNG (271111),Import,646,Rwanda,530.62
2022,LNG (271111),Import,678,Sao Tome and Principe,2924.5020000000004
2022,LNG (271111),Import,682,Saudi Arabia,62399.998
2022,LNG (271111),Import,688,Serbia,263751.0
2022,LNG (271111),Import,690,Seychelles,179.558
2022,LNG (271111),Import,699,India,17752370850.29
2022,LNG (271111),Import,702,Singapore,3541853365.864
2022,LNG (271111),Import,703,Slovakia,1961149.667
2022,LNG (271111),Import,704,Vietnam,13800.085
2022,LNG (271111),Import,705,Slovenia,554484.326
2022,LNG (271111),Import,710,South Africa,404861852.554
2022,LNG (271111),Import,716,Zimbabwe,772656.8
2022,LNG (271111),Import,724,Spain,22537409015.002
2022,LNG (271111),Import,752,Sweden,317624209.967
2022,LNG (271111),Import,757,Switzerland,6799837.8549999995
2022,LNG (271111),Import,764,Thailand,9070960745.654
2022,LNG (271111),Import,768,Togo,43890158.181
2022,LNG (271111),Import,788,Tunisia,9561.504
2022,LNG (271111),Import,807,North Macedonia,180615.41999999998
2022,LNG (271111),Import,818,Egypt,1886660000.0
2022,LNG (271111),Import,826,United Kingdom,29047059956.082
2022,LNG (271111),Import,842,United States of America,1210796376.0
2022,LNG (271111),Import,882,Samoa,52457.413
2022,LNG (271111),Import,894,Zambia,67237.077
2023,Gaseous NG (271121),Export,31,Azerbaijan,13678344144.41
2023,Gaseous NG (271121),Export,32,Argentina,790045649.54
2023,Gaseous NG (271121),Export,36,Australia,42524.027
2023,Gaseous NG (271121),Export,48,Bahrain,50.011
2023,Gaseous NG (271121),Export,56,Belgium,15664761463.445
2023,Gaseous NG (271121),Export,68,Bolivia,2049682698.73
2023,Gaseous NG (271121),Export,70,Bosnia and Herzegovina,1297478.916
2023,Gaseous NG (271121),Export,72,Botswana,8198.87
2023,Gaseous NG (271121),Export,100,Bulgaria,233499112.227
2023,Gaseous NG (271121),Export,104,Myanmar,3437929666.481
2023,Gaseous NG (271121),Export,124,Canada,9658115526.798
2023,Gaseous NG (271121),Export,156,China,2042482526.0
2023,Gaseous NG (271121),Export,191,Croatia,518373394.0
2023,Gaseous NG (271121),Export,203,Czechia,9025119.0
2023,Gaseous NG (271121),Export,233,Estonia,231454223.33
2023,Gaseous NG (271121),Export,246,Finland,240426115.41
2023,Gaseous NG (271121),Export,251,France and Monaco,10873282465.869
2023,Gaseous NG (271121),Export,276,Germany,3133298000.326
2023,Gaseous NG (271121),Export,288,Ghana,5.002
2023,Gaseous NG (271121),Export,300,Greece,1506762380.257
2023,Gaseous NG (271121),Export,344,China Hong Kong,52308.689
2023,Gaseous NG (271121),Export,348,Hungary,765147612.0
2023,Gaseous NG (271121),Export,360,Indonesia,2167706604.45
2023,Gaseous NG (271121),Export,372,Ireland,1099334.237
2023,Gaseous NG (271121),Export,380,Italy,1029416058.972
2023,Gaseous NG (271121),Export,392,Japan,203444.683
2023,Gaseous NG (271121),Export,398,Kazakhstan,1625262983.35
2023,Gaseous NG (271121),Export,410,Republic of Korea,65.0
2023,Gaseous NG (271121),Export,428,Latvia,451142974.092
2023,Gaseous NG (271121),Export,440,Lithuania,249930940.0
2023,Gaseous NG (271121),Export,442,Luxembourg,613556.481
2023,Gaseous NG (271121),Export,458,Malaysia,83426751.234
2023,Gaseous NG (271121),Export,508,Mozambique,68178000.0
2023,Gaseous NG (271121),Export,512,Oman,80.624
2023,Gaseous NG (271121),Export,516,Namibia,92.053
2023,Gaseous NG (271121),Export,528,Netherlands,44692799.46
2023,Gaseous NG (271121),Export,579,Norway,56996600618.528
2023,Gaseous NG (271121),Export,620,Portugal,402282432.52
2023,Gaseous NG (271121),Export,642,Romania,1064205082.55
2023,Gaseous NG (271121),Export,688,Serbia,1823083.0
2023,Gaseous NG (271121),Export,699,India,1002.305
2023,Gaseous NG (271121),Export,702,Singapore,137722.728
2023,Gaseous NG (271121),Export,703,Slovakia,239654.86700000003
2023,Gaseous NG (271121),Export,704,Vietnam,12000.0
2023,Gaseous NG (271121),Export,705,Slovenia,68511246.326
2023,Gaseous NG (271121),Export,710,South Africa,47424.627
2023,Gaseous NG (271121),Export,716,Zimbabwe,49.22
2023,Gaseous NG (271121),Export,724,Spain,81925689.43800001
2023,Gaseous NG (271121),Export,752,Sweden,288.291
2023,Gaseous NG (271121),Export,757,Switzerland,23877.513000000003
2023,Gaseous NG (271121),Export,764,Thailand,3708164.378
2023,Gaseous NG (271121),Export,768,Togo,6755.128
2023,Gaseous NG (271121),Export,826,United Kingdom,7529948315.074
2023,Gaseous NG (271121),Export,834,Tanzania,15044.4
2023,Gaseous NG (271121),Export,842,United States of America,7701647248.0
2023,Gaseous NG (271121),Export,860,Uzbekistan,525416939.942
2023,Gaseous NG (271121),Import,24,Angola,10691.953
2023,Gaseous NG (271121),Import,31,Azerbaijan,361997488.32
2023,Gaseous NG (271121),Import,32,Argentina,876415707.3
2023,Gaseous NG (271121),Import,36,Australia,4207.476
2023,Gaseous NG (271121),Import,48,Bahrain,80.41
2023,Gaseous NG (271121),Import,51,Armenia,470131214.577
2023,Gaseous NG (271121),Import,56,Belgium,18306856125.697998
2023,Gaseous NG (271121),Import,68,Bolivia,1350.0
2023,Gaseous NG (271121),Import,70,Bosnia and Herzegovina,91977779.272
2023,Gaseous NG (271121),Import,72,Botswana,252873.162
2023,Gaseous NG (271121),Import,76,Brazil,1376287639.0
2023,Gaseous NG (271121),Import,84,Belize,724.76
2023,Gaseous NG (271121),Import,96,Brunei Darussalam,24775.984000000004
2023,Gaseous NG (271121),Import,100,Bulgaria,787859775.596
2023,Gaseous NG (271121),Import,104,Myanmar,9475.88
2023,Gaseous NG (271121),Import,116,Cambodia,202.73
2023,Gaseous NG (271121),Import,120,Cameroon,4223793.643999999
2023,Gaseous NG (271121),Import,124,Canada,2197557682.343
2023,Gaseous NG (271121),Import,152,Chile,978294645.96
2023,Gaseous NG (271121),Import,156,China,19401850087.0
2023,Gaseous NG (271121),Import,170,Colombia,4927.969999999999
2023,Gaseous NG (271121),Import,191,Croatia,132472220.0
2023,Gaseous NG (271121),Import,203,Czechia,3866773207.0
2023,Gaseous NG (271121),Import,204,Benin,41207.619
2023,Gaseous NG (271121),Import,208,Denmark,8141777862.787
2023,Gaseous NG (271121),Import,233,Estonia,451361686.39
2023,Gaseous NG (271121),Import,251,France and Monaco,22882341607.77
2023,Gaseous NG (271121),Import,268,Georgia,423717848.0
2023,Gaseous NG (271121),Import,275,State of Palestine,141017.959
2023,Gaseous NG (271121),Import,276,Germany,26363357295.245
2023,Gaseous NG (271121),Import,288,Ghana,18827.376
2023,Gaseous NG (271121),Import,300,Greece,3129605176.755
2023,Gaseous NG (271121),Import,344,China Hong Kong,2104042485.843
2023,Gaseous NG (271121),Import,348,Hungary,4486323218.0
2023,Gaseous NG (271121),Import,352,Iceland,71.928
2023,Gaseous NG (271121),Import,372,Ireland,2665189981.822
2023,Gaseous NG (271121),Import,376,Israel,45419000.0
2023,Gaseous NG (271121),Import,380,Italy,23773438873.545002
2023,Gaseous NG (271121),Import,392,Japan,13263.796999999999
2023,Gaseous NG (271121),Import,398,Kazakhstan,255477135.25
2023,Gaseous NG (271121),Import,404,Kenya,1459.415
2023,Gaseous NG (271121),Import,410,Republic of Korea,77934.0
2023,Gaseous NG (271121),Import,414,Kuwait,34133.693
2023,Gaseous NG (271121),Import,417,Kyrgyzstan,65812182.0
2023,Gaseous NG (271121),Import,418,Lao People's Democratic Republic,3865379.0
2023,Gaseous NG (271121),Import,428,Latvia,954500950.531
2023,Gaseous NG (271121),Import,440,Lithuania,193144482.0
2023,Gaseous NG (271121),Import,454,Malawi,11118.39
2023,Gaseous NG (271121),Import,458,Malaysia,724013.76
2023,Gaseous NG (271121),Import,480,Mauritius,11380.270999999999
2023,Gaseous NG (271121),Import,484,Mexico,6609973358.0
2023,Gaseous NG (271121),Import,498,Republic of Moldova,532063503.0
2023,Gaseous NG (271121),Import,499,Montenegro,1550656.173
2023,Gaseous NG (271121),Import,504,Morocco,591916043.832
2023,Gaseous NG (271121),Import,508,Mozambique,3000.0
2023,Gaseous NG (271121),Import,512,Oman,163.849
2023,Gaseous NG (271121),Import,516,Namibia,26002.960000000003
2023,Gaseous NG (271121),Import,528,Netherlands,4769699863.776
2023,Gaseous NG (271121),Import,566,Nigeria,28757.139
2023,Gaseous NG (271121),Import,586,Pakistan,17060.18
2023,Gaseous NG (271121),Import,620,Portugal,445141070.268
2023,Gaseous NG (271121),Import,642,Romania,1212165871.49
2023,Gaseous NG (271121),Import,682,Saudi Arabia,72570.665
2023,Gaseous NG (271121),Import,688,Serbia,1361597057.0
2023,Gaseous NG (271121),Import,699,India,9248.2
2023,Gaseous NG (271121),Import,702,Singapore,2710735815.802
2023,Gaseous NG (271121),Import,703,Slovakia,3253743985.38
2023,Gaseous NG (271121),Import,705,Slovenia,660331833.282
2023,Gaseous NG (271121),Import,710,South Africa,1892253.323
2023,Gaseous NG (271121),Import,724,Spain,3225734644.55
2023,Gaseous NG (271121),Import,752,Sweden,263853913.231
2023,Gaseous NG (271121),Import,757,Switzerland,2141118529.063
2023,Gaseous NG (271121),Import,764,Thailand,2041610746.83
2023,Gaseous NG (271121),Import,780,Trinidad and Tobago,94461.255
2023,Gaseous NG (271121),Import,804,Ukraine,1221459657.5
2023,Gaseous NG (271121),Import,807,North Macedonia,267286126.03
2023,Gaseous NG (271121),Import,826,United Kingdom,12904019405.639
2023,Gaseous NG (271121),Import,834,Tanzania,4022.04
2023,Gaseous NG (271121),Import,842,United States of America,12202989577.0
2023,Gaseous NG (271121),Import,854,Burkina Faso,1683.5240000000001
2023,Gaseous NG (271121),Import,858,Uruguay,79854241.62
2023,Gaseous NG (271121),Import,860,Uzbekistan,683246407.0
2023,Gaseous NG (271121),Import,894,Zambia,996.985
2023,LNG (271111),Export,24,Angola,2587010895.52
2023,LNG (271111),Export,36,Australia,49580491409.468
2023,LNG (271111),Export,56,Belgium,45091802.987
2023,LNG (271111),Export,70,Bosnia and Herzegovina,907622.165
2023,LNG (271111),Export,72,Botswana,42982.817
2023,LNG (271111),Export,76,Brazil,45697221.0
2023,LNG (271111),Export,96,Brunei Darussalam,2618728801.334
2023,LNG (271111),Export,120,Cameroon,693692884.839
2023,LNG (271111),Export,124,Canada,848206.6460000001
2023,LNG (271111),Export,152,Chile,13314860.4
2023,LNG (271111),Export,156,China,1014406284.0
2023,LNG (271111),Export,191,Croatia,2464117.0
2023,LNG (271111),Export,203,Czechia,62.0
2023,LNG (271111),Export,214,Dominican Republic,786148.3400000001
2023,LNG (271111),Export,233,Estonia,5695067.7
2023,LNG (271111),Export,242,Fiji,193.479
2023,LNG (271111),Export,246,Finland,9687298.07
2023,LNG (271111),Export,251,France and Monaco,21911756.562
2023,LNG (271111),Export,276,Germany,3866807.505
2023,LNG (271111),Export,300,Greece,514517.80700000003
2023,LNG (271111),Export,360,Indonesia,6605445374.207
2023,LNG (271111),Export,372,Ireland,4731968.249
2023,LNG (271111),Export,380,Italy,137827591.019
2023,LNG (271111),Export,404,Kenya,59.897
2023,LNG (271111),Export,410,Republic of Korea,8971203.0
2023,LNG (271111),Export,428,Latvia,81756.54
2023,LNG (271111),Export,440,Lithuania,32342050.0
2023,LNG (271111),Export,450,Madagascar,108.776
2023,LNG (271111),Export,458,Malaysia,13103763551.92
2023,LNG (271111),Export,504,Morocco,39.238
2023,LNG (271111),Export,508,Mozambique,1657942000.0
2023,LNG (271111),Export,512,Oman,6701524595.495999
2023,LNG (271111),Export,516,Namibia,127053.794
2023,LNG (271111),Export,528,Netherlands,502056611.733
2023,LNG (271111),Export,554,New Zealand,5422.793
2023,LNG (271111),Export,566,Nigeria,5670690418.59
2023,LNG (271111),Export,579,Norway,2766645110.086
2023,LNG (271111),Export,682,Saudi Arabia,1031046838.49
2023,LNG (271111),Export,688,Serbia,92086.0
2023,LNG (271111),Export,699,India,2206151.421
2023,LNG (271111),Export,702,Singapore,148107558.907
2023,LNG (271111),Export,705,Slovenia,4.425
2023,LNG (271111),Export,710,South Africa,5556994.312
2023,LNG (271111),Export,724,Spain,1123529019.335
2023,LNG (271111),Export,752,Sweden,49279789.497
2023,LNG (271111),Export,757,Switzerland,7571.331
2023,LNG (271111),Export,764,Thailand,1015908.132
2023,LNG (271111),Export,780,Trinidad and Tobago,608621563.447
2023,LNG (271111),Export,818,Egypt,2573878000.0
2023,LNG (271111),Export,826,United Kingdom,3737.1189999999997
2023,LNG (271111),Export,834,Tanzania,1155420.28
2023,LNG (271111),Export,842,United States of America,34267727567.0
2023,LNG (271111),Export,894,Zambia,33243.995
2023,LNG (271111),Import,20,Andorra,2760494.601
2023,LNG (271111),Import,24,Angola,44143.97
2023,LNG (271111),Import,28,Antigua and Barbuda,551124.027
2023,LNG (271111),Import,31,Azerbaijan,1757.47
2023,LNG (271111),Import,32,Argentina,1799875976.05
2023,LNG (271111),Import,36,Australia,14165.475
2023,LNG (271111),Import,51,Armenia,126.0
2023,LNG (271111),Import,52,Barbados,10322334.0
2023,LNG (271111),Import,56,Belgium,6001397632.362
2023,LNG (271111),Import,70,Bosnia and Herzegovina,19590.497
2023,LNG (271111),Import,72,Botswana,2590972.325
2023,LNG (271111),Import,76,Brazil,375181335.0
2023,LNG (271111),Import,96,Brunei Darussalam,22694.36
2023,LNG (271111),Import,100,Bulgaria,124019.111
2023,LNG (271111),Import,116,Cambodia,235709114.35
2023,LNG (271111),Import,120,Cameroon,4994307.857000001
2023,LNG (271111),Import,124,Canada,49073281.947000004
2023,LNG (271111),Import,152,Chile,1041471624.9
2023,LNG (271111),Import,156,China,44866988952.0
2023,LNG (271111),Import,170,Colombia,441455965.74
2023,LNG (271111),Import,191,Croatia,1981645496.0
2023,LNG (271111),Import,203,Czechia,4107152.0
2023,LNG (271111),Import,208,Denmark,754753.54
2023,LNG (271111),Import,214,Dominican Republic,734878394.505
2023,LNG (271111),Import,222,El Salvador,190789337.45
2023,LNG (271111),Import,233,Estonia,18401033.25
2023,LNG (271111),Import,246,Finland,755412415.242
2023,LNG (271111),Import,251,France and Monaco,16380004391.368
2023,LNG (271111),Import,268,Georgia,3157.961
2023,LNG (271111),Import,275,State of Palestine,111317756.237
2023,LNG (271111),Import,276,Germany,3377305641.546
2023,LNG (271111),Import,300,Greece,1574165217.339
2023,LNG (271111),Import,328,Guyana,1195097.307
2023,LNG (271111),Import,344,China Hong Kong,186755154.076
2023,LNG (271111),Import,348,Hungary,1647229.0
2023,LNG (271111),Import,352,Iceland,965.237
2023,LNG (271111),Import,372,Ireland,1117303673.1060002
2023,LNG (271111),Import,380,Italy,7929133686.148
2023,LNG (271111),Import,392,Japan,46983030882.242
2023,LNG (271111),Import,398,Kazakhstan,2498450.53
2023,LNG (271111),Import,404,Kenya,1140.355
2023,LNG (271111),Import,410,Republic of Korea,36048868662.0
2023,LNG (271111),Import,414,Kuwait,19340.711
2023,LNG (271111),Import,418,Lao People's Democratic Republic,27444.5
2023,LNG (271111),Import,428,Latvia,1707880.158
2023,LNG (271111),Import,440,Lithuania,1708277322.0
2023,LNG (271111),Import,442,Luxembourg,155638.081
2023,LNG (271111),Import,454,Malawi,940849.96
2023,LNG (271111),Import,458,Malaysia,1534471225.6
2023,LNG (271111),Import,470,Malta,162234505.65399998
2023,LNG (271111),Import,484,Mexico,116170736.0
2023,LNG (271111),Import,499,Montenegro,1081790.452
2023,LNG (271111),Import,508,Mozambique,3000.0
2023,LNG (271111),Import,512,Oman,7045.514
2023,LNG (271111),Import,516,Namibia,2940450.739
2023,LNG (271111),Import,528,Netherlands,18467914265.074
2023,LNG (271111),Import,554,New Zealand,17359.964
2023,LNG (271111),Import,579,Norway,43040606.149000004
2023,LNG (271111),Import,586,Pakistan,3661873228.1940002
2023,LNG (271111),Import,608,Philippines,439614806.0
2023,LNG (271111),Import,620,Portugal,1660074098.156
2023,LNG (271111),Import,682,Saudi Arabia,96257.864
2023,LNG (271111),Import,688,Serbia,224326.0
2023,LNG (271111),Import,699,India,13260506520.007
2023,LNG (271111),Import,702,Singapore,2961010529.454
2023,LNG (271111),Import,703,Slovakia,1442899.865
2023,LNG (271111),Import,704,Vietnam,30767234.8
2023,LNG (271111),Import,705,Slovenia,456107.497
2023,LNG (271111),Import,710,South Africa,410339615.523
2023,LNG (271111),Import,724,Spain,10761161045.049
2023,LNG (271111),Import,752,Sweden,233464903.099
2023,LNG (271111),Import,757,Switzerland,3628863.8619999997
2023,LNG (271111),Import,764,Thailand,8396171042.191
2023,LNG (271111),Import,768,Togo,48028894.778
2023,LNG (271111),Import,780,Trinidad and Tobago,36185.863
2023,LNG (271111),Import,807,North Macedonia,549184.075
2023,LNG (271111),Import,818,Egypt,2341370000.0
2023,LNG (271111),Import,826,United Kingdom,12117902633.856
2023,LNG (271111),Import,842,United States of America,1004379476.0
2023,LNG (271111),Import,860,Uzbekistan,2545.0
2023,LNG (271111),Import,894,Zambia,1011.856
2024,Gaseous NG (271121),Export,28,Antigua and Barbuda,1148.148
2024,Gaseous NG (271121),Export,31,Azerbaijan,8406728723.48
2024,Gaseous NG (271121),Export,32,Argentina,667061988.51
2024,Gaseous NG (271121),Export,36,Australia,8903.032
2024,Gaseous NG (271121),Export,56,Belgium,9443338659.21
2024,Gaseous NG (271121),Export,68,Bolivia,1600099096.1399999
2024,Gaseous NG (271121),Export,70,Bosnia and Herzegovina,3920099.455
2024,Gaseous NG (271121),Export,76,Brazil,2588.0
2024,Gaseous NG (271121),Export,100,Bulgaria,123208050.22
2024,Gaseous NG (271121),Export,104,Myanmar,3205842160.637
2024,Gaseous NG (271121),Export,124,Canada,6064392307.440001
2024,Gaseous NG (271121),Export,152,Chile,36353392.77
2024,Gaseous NG (271121),Export,156,China,2023630043.0
2024,Gaseous NG (271121),Export,191,Croatia,397171812.0
2024,Gaseous NG (271121),Export,203,Czechia,38516424.0
2024,Gaseous NG (271121),Export,233,Estonia,258416441.2
2024,Gaseous NG (271121),Export,246,Finland,291935930.902
2024,Gaseous NG (271121),Export,251,France and Monaco,6690021975.769
2024,Gaseous NG (271121),Export,276,Germany,2713288705.542
2024,Gaseous NG (271121),Export,300,Greece,371988774.462
2024,Gaseous NG (271121),Export,348,Hungary,788846641.0
2024,Gaseous NG (271121),Export,360,Indonesia,2166542460.3
2024,Gaseous NG (271121),Export,372,Ireland,845758.046
2024,Gaseous NG (271121),Export,376,Israel,463214000.0
2024,Gaseous NG (271121),Export,380,Italy,156502761.33
2024,Gaseous NG (271121),Export,392,Japan,244905.595
2024,Gaseous NG (271121),Export,410,Republic of Korea,648.0
2024,Gaseous NG (271121),Export,428,Latvia,200008028.996
2024,Gaseous NG (271121),Export,440,Lithuania,312409536.0
2024,Gaseous NG (271121),Export,442,Luxembourg,50989.391
2024,Gaseous NG (271121),Export,458,Malaysia,72487.838
2024,Gaseous NG (271121),Export,528,Netherlands,24228646.887000002
2024,Gaseous NG (271121),Export,579,Norway,49294453823.464
2024,Gaseous NG (271121),Export,604,Peru,1166432.087
2024,Gaseous NG (271121),Export,620,Portugal,456104289.394
2024,Gaseous NG (271121),Export,642,Romania,885104697.48
2024,Gaseous NG (271121),Export,682,Saudi Arabia,311825320.471
2024,Gaseous NG (271121),Export,688,Serbia,45308.0
2024,Gaseous NG (271121),Export,702,Singapore,46894.879
2024,Gaseous NG (271121),Export,705,Slovenia,17843172.955
2024,Gaseous NG (271121),Export,710,South Africa,32237.559
2024,Gaseous NG (271121),Export,724,Spain,76937503.679
2024,Gaseous NG (271121),Export,752,Sweden,3826562.302
2024,Gaseous NG (271121),Export,757,Switzerland,4063.241
2024,Gaseous NG (271121),Export,764,Thailand,6784980.337
2024,Gaseous NG (271121),Export,826,United Kingdom,4159135913.64
2024,Gaseous NG (271121),Export,842,United States of America,5314549641.0
2024,Gaseous NG (271121),Export,860,Uzbekistan,630928053.0
2024,Gaseous NG (271121),Import,24,Angola,192.838
2024,Gaseous NG (271121),Import,31,Azerbaijan,86988382.27
2024,Gaseous NG (271121),Import,32,Argentina,586038871.79
2024,Gaseous NG (271121),Import,36,Australia,17667.708
2024,Gaseous NG (271121),Import,51,Armenia,472292328.0
2024,Gaseous NG (271121),Import,56,Belgium,11705283571.174
2024,Gaseous NG (271121),Import,68,Bolivia,4604.0
2024,Gaseous NG (271121),Import,70,Bosnia and Herzegovina,84453040.69
2024,Gaseous NG (271121),Import,76,Brazil,1286962034.0
2024,Gaseous NG (271121),Import,100,Bulgaria,750781074.725
2024,Gaseous NG (271121),Import,124,Canada,1424885865.238
2024,Gaseous NG (271121),Import,152,Chile,846252213.35
2024,Gaseous NG (271121),Import,156,China,21160543901.0
2024,Gaseous NG (271121),Import,170,Colombia,3607.11
2024,Gaseous NG (271121),Import,191,Croatia,30533818.0
2024,Gaseous NG (271121),Import,203,Czechia,2793014523.0
2024,Gaseous NG (271121),Import,208,Denmark,508306113.897
2024,Gaseous NG (271121),Import,233,Estonia,393722617.96999997
2024,Gaseous NG (271121),Import,251,France and Monaco,14581836958.75
2024,Gaseous NG (271121),Import,268,Georgia,399803675.0
2024,Gaseous NG (271121),Import,276,Germany,18824370019.724
2024,Gaseous NG (271121),Import,300,Greece,2519597980.065
2024,Gaseous NG (271121),Import,328,Guyana,11831.117
2024,Gaseous NG (271121),Import,344,China Hong Kong,2031309222.613
2024,Gaseous NG (271121),Import,348,Hungary,3382970331.0
2024,Gaseous NG (271121),Import,352,Iceland,196.987
2024,Gaseous NG (271121),Import,372,Ireland,1582006719.417
2024,Gaseous NG (271121),Import,376,Israel,8000.0
2024,Gaseous NG (271121),Import,380,Italy,18536243853.278
2024,Gaseous NG (271121),Import,392,Japan,3220.436
2024,Gaseous NG (271121),Import,398,Kazakhstan,93582340.73
2024,Gaseous NG (271121),Import,410,Republic of Korea,427.0
2024,Gaseous NG (271121),Import,414,Kuwait,47018.0
2024,Gaseous NG (271121),Import,417,Kyrgyzstan,88324247.0
2024,Gaseous NG (271121),Import,428,Latvia,443410237.175
2024,Gaseous NG (271121),Import,440,Lithuania,114149976.0
2024,Gaseous NG (271121),Import,458,Malaysia,87360.131
2024,Gaseous NG (271121),Import,470,Malta,22193.334
2024,Gaseous NG (271121),Import,480,Mauritius,7459.97
2024,Gaseous NG (271121),Import,484,Mexico,4705397166.0
2024,Gaseous NG (271121),Import,498,Republic of Moldova,418926220.0
2024,Gaseous NG (271121),Import,499,Montenegro,774431.446
2024,Gaseous NG (271121),Import,504,Morocco,71448409.09
2024,Gaseous NG (271121),Import,516,Namibia,25637.843000000004
2024,Gaseous NG (271121),Import,528,Netherlands,1664514131.939
2024,Gaseous NG (271121),Import,566,Nigeria,6381.672
2024,Gaseous NG (271121),Import,586,Pakistan,1109.737
2024,Gaseous NG (271121),Import,604,Peru,2212.77
2024,Gaseous NG (271121),Import,608,Philippines,1041.0
2024,Gaseous NG (271121),Import,620,Portugal,136938038.255
2024,Gaseous NG (271121),Import,642,Romania,840179901.44
2024,Gaseous NG (271121),Import,682,Saudi Arabia,72144.532
2024,Gaseous NG (271121),Import,688,Serbia,1089108725.0
2024,Gaseous NG (271121),Import,702,Singapore,2470424941.356
2024,Gaseous NG (271121),Import,703,Slovakia,2716634413.804
2024,Gaseous NG (271121),Import,705,Slovenia,301256990.299
2024,Gaseous NG (271121),Import,710,South Africa,1708437.077
2024,Gaseous NG (271121),Import,724,Spain,2866276105.361
2024,Gaseous NG (271121),Import,752,Sweden,176025268.443
2024,Gaseous NG (271121),Import,757,Switzerland,1489753868.164
2024,Gaseous NG (271121),Import,764,Thailand,1835509867.774
2024,Gaseous NG (271121),Import,768,Togo,342.295
2024,Gaseous NG (271121),Import,780,Trinidad and Tobago,80744.223
2024,Gaseous NG (271121),Import,804,Ukraine,36893604.48
2024,Gaseous NG (271121),Import,807,North Macedonia,151189077.723
2024,Gaseous NG (271121),Import,826,United Kingdom,12473731107.388
2024,Gaseous NG (271121),Import,842,United States of America,6199296140.0
2024,Gaseous NG (271121),Import,854,Burkina Faso,13382.538
2024,Gaseous NG (271121),Import,860,Uzbekistan,1604028336.96
2024,LNG (271111),Export,24,Angola,870080193.627
2024,LNG (271111),Export,36,Australia,44485060540.376
2024,LNG (271111),Export,56,Belgium,17490786.408
2024,LNG (271111),Export,70,Bosnia and Herzegovina,667087.395
2024,LNG (271111),Export,76,Brazil,5139.0
2024,LNG (271111),Export,152,Chile,20717832.48
2024,LNG (271111),Export,156,China,482123906.0
2024,LNG (271111),Export,191,Croatia,2338217.0
2024,LNG (271111),Export,203,Czechia,19.0
2024,LNG (271111),Export,214,Dominican Republic,204781.054
2024,LNG (271111),Export,233,Estonia,7353360.4799999995
2024,LNG (271111),Export,242,Fiji,529.614
2024,LNG (271111),Export,246,Finland,36221190.147
2024,LNG (271111),Export,251,France and Monaco,38151156.42
2024,LNG (271111),Export,276,Germany,12013683.101
2024,LNG (271111),Export,300,Greece,2921730.665
2024,LNG (271111),Export,328,Guyana,163963.717
2024,LNG (271111),Export,360,Indonesia,6741188252.91
2024,LNG (271111),Export,372,Ireland,181211.549
2024,LNG (271111),Export,380,Italy,33145951.394
2024,LNG (271111),Export,410,Republic of Korea,10478352.0
2024,LNG (271111),Export,440,Lithuania,98857477.0
2024,LNG (271111),Export,442,Luxembourg,161.651
2024,LNG (271111),Export,458,Malaysia,13300935928.21
2024,LNG (271111),Export,516,Namibia,84668.022
2024,LNG (271111),Export,528,Netherlands,250626917.012
2024,LNG (271111),Export,554,New Zealand,3164.044
2024,LNG (271111),Export,566,Nigeria,4870646722.6779995
2024,LNG (271111),Export,579,Norway,2220054524.216
2024,LNG (271111),Export,604,Peru,1324813259.15
2024,LNG (271111),Export,682,Saudi Arabia,1711038550.5570002
2024,LNG (271111),Export,699,India,4451823.871
2024,LNG (271111),Export,702,Singapore,180290024.901
2024,LNG (271111),Export,703,Slovakia,3205000.28
2024,LNG (271111),Export,710,South Africa,13836652.621
2024,LNG (271111),Export,724,Spain,499101500.277
2024,LNG (271111),Export,752,Sweden,31064667.415
2024,LNG (271111),Export,757,Switzerland,14245.877
2024,LNG (271111),Export,764,Thailand,1373981.884
2024,LNG (271111),Export,780,Trinidad and Tobago,368390693.82
2024,LNG (271111),Export,818,Egypt,313820000.0
2024,LNG (271111),Export,826,United Kingdom,108533.314
2024,LNG (271111),Export,842,United States of America,28900889054.0
2024,LNG (271111),Import,20,Andorra,345367.717
2024,LNG (271111),Import,24,Angola,14380.644
2024,LNG (271111),Import,28,Antigua and Barbuda,619191.636
2024,LNG (271111),Import,32,Argentina,675501161.77
2024,LNG (271111),Import,36,Australia,18406.811999999998
2024,LNG (271111),Import,52,Barbados,11148062.5
2024,LNG (271111),Import,56,Belgium,2851422324.83
2024,LNG (271111),Import,70,Bosnia and Herzegovina,134026.764
2024,LNG (271111),Import,76,Brazil,2213190106.0
2024,LNG (271111),Import,100,Bulgaria,179715.95799999998
2024,LNG (271111),Import,124,Canada,243524377.39699998
2024,LNG (271111),Import,152,Chile,733080540.11
2024,LNG (271111),Import,156,China,44057222716.0
2024,LNG (271111),Import,170,Colombia,121338776.64
2024,LNG (271111),Import,191,Croatia,974224425.0
2024,LNG (271111),Import,203,Czechia,15079259.0
2024,LNG (271111),Import,208,Denmark,721717.331
2024,LNG (271111),Import,214,Dominican Republic,790127278.6800001
2024,LNG (271111),Import,218,Ecuador,48478.420000000006
2024,LNG (271111),Import,222,El Salvador,181482442.9
2024,LNG (271111),Import,233,Estonia,15129478.73
2024,LNG (271111),Import,246,Finland,895733656.117
2024,LNG (271111),Import,251,France and Monaco,10895224345.623
2024,LNG (271111),Import,268,Georgia,86446.895
2024,LNG (271111),Import,276,Germany,2936565951.548
2024,LNG (271111),Import,300,Greece,1243986467.8
2024,LNG (271111),Import,308,Grenada,340.833
2024,LNG (271111),Import,328,Guyana,674549.895
2024,LNG (271111),Import,344,China Hong Kong,344641810.399
2024,LNG (271111),Import,348,Hungary,266701.0
2024,LNG (271111),Import,352,Iceland,855.4
2024,LNG (271111),Import,372,Ireland,205380959.48099998
2024,LNG (271111),Import,380,Italy,5454503368.905
2024,LNG (271111),Import,392,Japan,41276614138.137
2024,LNG (271111),Import,398,Kazakhstan,66724.84
2024,LNG (271111),Import,410,Republic of Korea,29272042859.0
2024,LNG (271111),Import,428,Latvia,1832647.3
2024,LNG (271111),Import,440,Lithuania,1015736718.0
2024,LNG (271111),Import,442,Luxembourg,561849.084
2024,LNG (271111),Import,454,Malawi,147179.95
2024,LNG (271111),Import,458,Malaysia,2190672504.426
2024,LNG (271111),Import,470,Malta,133776658.846
2024,LNG (271111),Import,484,Mexico,929549.0
2024,LNG (271111),Import,499,Montenegro,1141146.534
2024,LNG (271111),Import,516,Namibia,3356166.637
2024,LNG (271111),Import,528,Netherlands,8818516671.835
2024,LNG (271111),Import,554,New Zealand,22877.129999999997
2024,LNG (271111),Import,566,Nigeria,12950.306
2024,LNG (271111),Import,579,Norway,33384478.482
2024,LNG (271111),Import,586,Pakistan,3980411809.755
2024,LNG (271111),Import,591,Panama,23420.0
2024,LNG (271111),Import,600,Paraguay,25.302
2024,LNG (271111),Import,604,Peru,4077.85
2024,LNG (271111),Import,608,Philippines,767725715.0
2024,LNG (271111),Import,620,Portugal,1334787724.418
2024,LNG (271111),Import,682,Saudi Arabia,207270.128
2024,LNG (271111),Import,688,Serbia,486850.0
2024,LNG (271111),Import,699,India,15219213493.629
2024,LNG (271111),Import,702,Singapore,3483098811.814
2024,LNG (271111),Import,703,Slovakia,20181565.564
2024,LNG (271111),Import,705,Slovenia,308074.618
2024,LNG (271111),Import,710,South Africa,413642261.075
2024,LNG (271111),Import,716,Zimbabwe,43215.799999999996
2024,LNG (271111),Import,724,Spain,6154948006.018
2024,LNG (271111),Import,752,Sweden,217940282.076
2024,LNG (271111),Import,757,Switzerland,3382375.985
2024,LNG (271111),Import,764,Thailand,6682339507.743
2024,LNG (271111),Import,768,Togo,53128196.025
2024,LNG (271111),Import,780,Trinidad and Tobago,36156.407
2024,LNG (271111),Import,807,North Macedonia,3486463.068
2024,LNG (271111),Import,818,Egypt,4900650000.0
2024,LNG (271111),Import,826,United Kingdom,4366109307.924
2024,LNG (271111),Import,842,United States of America,988426376.0
2024,LNG (271111),Import,854,Burkina Faso,164.8
