refYear,product,flow,reporterCode,reporter,value_usd,regime
2010,Gaseous NG (271121),Export,12,Algeria,10599424686.935,Pre-COVID
2010,Gaseous NG (271121),Export,32,Argentina,215825026.64,Pre-COVID
2010,Gaseous NG (271121),Export,36,Australia,27687.95,Pre-COVID
2010,Gaseous NG (271121),Export,51,Armenia,14101111.79,Pre-COVID
2010,Gaseous NG (271121),Export,56,Belgium,6209022539.674,Pre-COVID
2010,Gaseous NG (271121),Export,68,Bolivia,2797774138.55,Pre-COVID
2010,Gaseous NG (271121),Export,72,Botswana,13588.713,Pre-COVID
2010,Gaseous NG (271121),Export,96,Brunei Darussalam,9.999,Pre-COVID
2010,Gaseous NG (271121),Export,100,Bulgaria,71468.473,Pre-COVID
2010,Gaseous NG (271121),Export,124,Canada,14837753937.057001,Pre-COVID
2010,Gaseous NG (271121),Export,156,China,817183422.0,Pre-COVID
2010,Gaseous NG (271121),Export,170,Colombia,18220524.05,Pre-COVID
2010,Gaseous NG (271121),Export,191,Croatia,171859353.0,Pre-COVID
2010,Gaseous NG (271121),Export,203,Czechia,509522163.049,Pre-COVID
2010,Gaseous NG (271121),Export,214,Dominican Republic,48000.0,Pre-COVID
2010,Gaseous NG (271121),Export,251,France and Monaco,1527359856.839,Pre-COVID
2010,Gaseous NG (271121),Export,270,Gambia,22496.509,Pre-COVID
2010,Gaseous NG (271121),Export,276,Germany,5317505078.068,Pre-COVID
2010,Gaseous NG (271121),Export,372,Ireland,455.862,Pre-COVID
2010,Gaseous NG (271121),Export,380,Italy,241800885.879,Pre-COVID
2010,Gaseous NG (271121),Export,392,Japan,295249.396,Pre-COVID
2010,Gaseous NG (271121),Export,398,Kazakhstan,850560548.42,Pre-COVID
2010,Gaseous NG (271121),Export,442,Luxembourg,114.158,Pre-COVID
2010,Gaseous NG (271121),Export,454,Malawi,723.599,Pre-COVID
2010,Gaseous NG (271121),Export,484,Mexico,180985990.0,Pre-COVID
2010,Gaseous NG (271121),Export,554,New Zealand,7365.802,Pre-COVID
2010,Gaseous NG (271121),Export,579,Norway,25706541882.485,Pre-COVID
2010,Gaseous NG (271121),Export,604,Peru,1479.9,Pre-COVID
2010,Gaseous NG (271121),Export,688,Serbia,2635.0,Pre-COVID
2010,Gaseous NG (271121),Export,710,South Africa,894539.485,Pre-COVID
2010,Gaseous NG (271121),Export,724,Spain,67339117.02000001,Pre-COVID
2010,Gaseous NG (271121),Export,748,Eswatini,98.185,Pre-COVID
2010,Gaseous NG (271121),Export,752,Sweden,1074.902,Pre-COVID
2010,Gaseous NG (271121),Export,757,Switzerland,2860.993,Pre-COVID
2010,Gaseous NG (271121),Export,764,Thailand,4700.0,Pre-COVID
2010,Gaseous NG (271121),Export,792,Turkey,39780951.0,Pre-COVID
2010,Gaseous NG (271121),Export,804,Ukraine,2023060.0,Pre-COVID
2010,Gaseous NG (271121),Export,826,United Kingdom,3365556811.755,Pre-COVID
2010,Gaseous NG (271121),Export,842,United States of America,3848917984.0,Pre-COVID
2010,Gaseous NG (271121),Export,894,Zambia,20952.618,Pre-COVID
2010,Gaseous NG (271121),Import,28,Antigua and Barbuda,152.363,Pre-COVID
2010,Gaseous NG (271121),Import,32,Argentina,297610603.83,Pre-COVID
2010,Gaseous NG (271121),Import,36,Australia,1597232174.7380002,Pre-COVID
2010,Gaseous NG (271121),Import,51,Armenia,335263372.79,Pre-COVID
2010,Gaseous NG (271121),Import,56,Belgium,9810973694.57,Pre-COVID
2010,Gaseous NG (271121),Import,70,Bosnia and Herzegovina,94037080.452,Pre-COVID
2010,Gaseous NG (271121),Import,72,Botswana,171239.032,Pre-COVID
2010,Gaseous NG (271121),Import,76,Brazil,2287441855.0,Pre-COVID
2010,Gaseous NG (271121),Import,84,Belize,34.85,Pre-COVID
2010,Gaseous NG (271121),Import,96,Brunei Darussalam,22219.272,Pre-COVID
2010,Gaseous NG (271121),Import,100,Bulgaria,812144926.376,Pre-COVID
2010,Gaseous NG (271121),Import,124,Canada,3052694359.423,Pre-COVID
2010,Gaseous NG (271121),Import,152,Chile,189922582.39000002,Pre-COVID
2010,Gaseous NG (271121),Import,156,China,993003705.0,Pre-COVID
2010,Gaseous NG (271121),Import,174,Comoros,935.4749999999999,Pre-COVID
2010,Gaseous NG (271121),Import,191,Croatia,319156037.0,Pre-COVID
2010,Gaseous NG (271121),Import,203,Czechia,3338819764.415,Pre-COVID
2010,Gaseous NG (271121),Import,233,Estonia,208560209.448,Pre-COVID
2010,Gaseous NG (271121),Import,246,Finland,1322135383.039,Pre-COVID
2010,Gaseous NG (271121),Import,251,France and Monaco,12157304953.496,Pre-COVID
2010,Gaseous NG (271121),Import,268,Georgia,149275905.0,Pre-COVID
2010,Gaseous NG (271121),Import,275,State of Palestine,16185.181,Pre-COVID
2010,Gaseous NG (271121),Import,276,Germany,31564020242.197998,Pre-COVID
2010,Gaseous NG (271121),Import,300,Greece,1046779275.308,Pre-COVID
2010,Gaseous NG (271121),Import,344,China Hong Kong,846866210.379,Pre-COVID
2010,Gaseous NG (271121),Import,348,Hungary,2843013068.792,Pre-COVID
2010,Gaseous NG (271121),Import,364,Iran,10005.97,Pre-COVID
2010,Gaseous NG (271121),Import,372,Ireland,1415591483.013,Pre-COVID
2010,Gaseous NG (271121),Import,376,Israel,325034000.0,Pre-COVID
2010,Gaseous NG (271121),Import,380,Italy,22840745155.367,Pre-COVID
2010,Gaseous NG (271121),Import,392,Japan,2552.914,Pre-COVID
2010,Gaseous NG (271121),Import,398,Kazakhstan,322131138.56,Pre-COVID
2010,Gaseous NG (271121),Import,400,Jordan,261650900.017,Pre-COVID
2010,Gaseous NG (271121),Import,426,Lesotho,21641.064000000002,Pre-COVID
2010,Gaseous NG (271121),Import,428,Latvia,473144146.64,Pre-COVID
2010,Gaseous NG (271121),Import,440,Lithuania,981076237.0,Pre-COVID
2010,Gaseous NG (271121),Import,442,Luxembourg,46729348.697000004,Pre-COVID
2010,Gaseous NG (271121),Import,454,Malawi,30686.308,Pre-COVID
2010,Gaseous NG (271121),Import,458,Malaysia,332525164.151,Pre-COVID
2010,Gaseous NG (271121),Import,484,Mexico,1363689259.0,Pre-COVID
2010,Gaseous NG (271121),Import,498,Republic of Moldova,297106843.0,Pre-COVID
2010,Gaseous NG (271121),Import,508,Mozambique,787.692,Pre-COVID
2010,Gaseous NG (271121),Import,586,Pakistan,1654.063,Pre-COVID
2010,Gaseous NG (271121),Import,604,Peru,6203.08,Pre-COVID
2010,Gaseous NG (271121),Import,620,Portugal,765801900.9530001,Pre-COVID
2010,Gaseous NG (271121),Import,642,Romania,746306368.725,Pre-COVID
2010,Gaseous NG (271121),Import,646,Rwanda,10156.71,Pre-COVID
2010,Gaseous NG (271121),Import,678,Sao Tome and Principe,2001.142,Pre-COVID
2010,Gaseous NG (271121),Import,688,Serbia,744494489.0,Pre-COVID
2010,Gaseous NG (271121),Import,703,Slovakia,2038383187.957,Pre-COVID
2010,Gaseous NG (271121),Import,705,Slovenia,440430450.7,Pre-COVID
2010,Gaseous NG (271121),Import,710,South Africa,4038.3460000000005,Pre-COVID
2010,Gaseous NG (271121),Import,716,Zimbabwe,153539.8,Pre-COVID
2010,Gaseous NG (271121),Import,724,Spain,2897592128.472,Pre-COVID
2010,Gaseous NG (271121),Import,748,Eswatini,629297.019,Pre-COVID
2010,Gaseous NG (271121),Import,752,Sweden,495907512.005,Pre-COVID
2010,Gaseous NG (271121),Import,757,Switzerland,1185594107.146,Pre-COVID
2010,Gaseous NG (271121),Import,764,Thailand,4700.0,Pre-COVID
2010,Gaseous NG (271121),Import,804,Ukraine,9392939740.0,Pre-COVID
2010,Gaseous NG (271121),Import,807,North Macedonia,42213301.29,Pre-COVID
2010,Gaseous NG (271121),Import,826,United Kingdom,6742546780.414,Pre-COVID
2010,Gaseous NG (271121),Import,842,United States of America,13711939551.0,Pre-COVID
2010,Gaseous NG (271121),Import,858,Uruguay,13866491.89,Pre-COVID
2010,Gaseous NG (271121),Import,894,Zambia,5177.9980000000005,Pre-COVID
2010,LNG (271111),Export,12,Algeria,6827683532.636,Pre-COVID
2010,LNG (271111),Export,32,Argentina,330.0,Pre-COVID
2010,LNG (271111),Export,51,Armenia,64.44,Pre-COVID
2010,LNG (271111),Export,56,Belgium,114845130.941,Pre-COVID
2010,LNG (271111),Export,72,Botswana,42717.726,Pre-COVID
2010,LNG (271111),Export,96,Brunei Darussalam,3286942318.501,Pre-COVID
2010,LNG (271111),Export,191,Croatia,535799.0,Pre-COVID
2010,LNG (271111),Export,208,Denmark,9256.56,Pre-COVID
2010,LNG (271111),Export,214,Dominican Republic,13819.69,Pre-COVID
2010,LNG (271111),Export,246,Finland,7592379.184,Pre-COVID
2010,LNG (271111),Export,251,France and Monaco,49274.611000000004,Pre-COVID
2010,LNG (271111),Export,364,Iran,326345.99,Pre-COVID
2010,LNG (271111),Export,372,Ireland,976.081,Pre-COVID
2010,LNG (271111),Export,380,Italy,347191985.69,Pre-COVID
2010,LNG (271111),Export,384,Côte d'Ivoire,4143.829,Pre-COVID
2010,LNG (271111),Export,398,Kazakhstan,17283677.0,Pre-COVID
2010,LNG (271111),Export,404,Kenya,12515.148,Pre-COVID
2010,LNG (271111),Export,442,Luxembourg,887.494,Pre-COVID
2010,LNG (271111),Export,458,Malaysia,11870309481.601,Pre-COVID
2010,LNG (271111),Export,470,Malta,7585.515,Pre-COVID
2010,LNG (271111),Export,480,Mauritius,82.078,Pre-COVID
2010,LNG (271111),Export,484,Mexico,612.0,Pre-COVID
2010,LNG (271111),Export,508,Mozambique,133830439.997,Pre-COVID
2010,LNG (271111),Export,554,New Zealand,177886.487,Pre-COVID
2010,LNG (271111),Export,579,Norway,797930465.689,Pre-COVID
2010,LNG (271111),Export,586,Pakistan,599.784,Pre-COVID
2010,LNG (271111),Export,604,Peru,283536652.18,Pre-COVID
2010,LNG (271111),Export,620,Portugal,884543.541,Pre-COVID
2010,LNG (271111),Export,690,Seychelles,1091.869,Pre-COVID
2010,LNG (271111),Export,703,Slovakia,446293729.971,Pre-COVID
2010,LNG (271111),Export,705,Slovenia,26.943,Pre-COVID
2010,LNG (271111),Export,710,South Africa,15658832.969999999,Pre-COVID
2010,LNG (271111),Export,724,Spain,10640324.434,Pre-COVID
2010,LNG (271111),Export,748,Eswatini,15031.607,Pre-COVID
2010,LNG (271111),Export,752,Sweden,32059.800000000003,Pre-COVID
2010,LNG (271111),Export,757,Switzerland,16071.511999999999,Pre-COVID
2010,LNG (271111),Export,764,Thailand,2165.0,Pre-COVID
2010,LNG (271111),Export,780,Trinidad and Tobago,158641214.774,Pre-COVID
2010,LNG (271111),Export,792,Turkey,9485.0,Pre-COVID
2010,LNG (271111),Export,804,Ukraine,7344.3099999999995,Pre-COVID
2010,LNG (271111),Export,818,Egypt,1981707391.459,Pre-COVID
2010,LNG (271111),Export,826,United Kingdom,1311714.844,Pre-COVID
2010,LNG (271111),Export,834,Tanzania,298691135.3,Pre-COVID
2010,LNG (271111),Export,842,United States of America,639275530.0,Pre-COVID
2010,LNG (271111),Export,854,Burkina Faso,2653.608,Pre-COVID
2010,LNG (271111),Import,12,Algeria,2558.666,Pre-COVID
2010,LNG (271111),Import,32,Argentina,499006136.52,Pre-COVID
2010,LNG (271111),Import,36,Australia,3615.96,Pre-COVID
2010,LNG (271111),Import,56,Belgium,1628961995.8240001,Pre-COVID
2010,LNG (271111),Import,70,Bosnia and Herzegovina,1348549.435,Pre-COVID
2010,LNG (271111),Import,72,Botswana,4316628.103,Pre-COVID
2010,LNG (271111),Import,76,Brazil,834142930.0,Pre-COVID
2010,LNG (271111),Import,96,Brunei Darussalam,92772.946,Pre-COVID
2010,LNG (271111),Import,108,Burundi,15228042.311,Pre-COVID
2010,LNG (271111),Import,124,Canada,335354256.38600004,Pre-COVID
2010,LNG (271111),Import,152,Chile,1015182568.0699999,Pre-COVID
2010,LNG (271111),Import,156,China,3017483278.0,Pre-COVID
2010,LNG (271111),Import,170,Colombia,733.82,Pre-COVID
2010,LNG (271111),Import,174,Comoros,455.909,Pre-COVID
2010,LNG (271111),Import,214,Dominican Republic,126841907.35,Pre-COVID
2010,LNG (271111),Import,218,Ecuador,952.1,Pre-COVID
2010,LNG (271111),Import,233,Estonia,394.853,Pre-COVID
2010,LNG (271111),Import,246,Finland,334199.436,Pre-COVID
2010,LNG (271111),Import,251,France and Monaco,4338244550.67,Pre-COVID
2010,LNG (271111),Import,270,Gambia,3255.689,Pre-COVID
2010,LNG (271111),Import,275,State of Palestine,219823710.57,Pre-COVID
2010,LNG (271111),Import,300,Greece,124028740.20199999,Pre-COVID
2010,LNG (271111),Import,348,Hungary,1984.223,Pre-COVID
2010,LNG (271111),Import,352,Iceland,151.861,Pre-COVID
2010,LNG (271111),Import,372,Ireland,6472.781,Pre-COVID
2010,LNG (271111),Import,376,Israel,2000.0,Pre-COVID
2010,LNG (271111),Import,380,Italy,3006111898.837,Pre-COVID
2010,LNG (271111),Import,384,Côte d'Ivoire,157492.546,Pre-COVID
2010,LNG (271111),Import,392,Japan,39337977235.459,Pre-COVID
2010,LNG (271111),Import,398,Kazakhstan,19237.0,Pre-COVID
2010,LNG (271111),Import,400,Jordan,179406709.507,Pre-COVID
2010,LNG (271111),Import,426,Lesotho,11145910.244,Pre-COVID
2010,LNG (271111),Import,428,Latvia,20608.216,Pre-COVID
2010,LNG (271111),Import,442,Luxembourg,37381.455,Pre-COVID
2010,LNG (271111),Import,454,Malawi,109922.69900000001,Pre-COVID
2010,LNG (271111),Import,458,Malaysia,9584.445,Pre-COVID
2010,LNG (271111),Import,470,Malta,7055.704,Pre-COVID
2010,LNG (271111),Import,480,Mauritius,109.103,Pre-COVID
2010,LNG (271111),Import,484,Mexico,949747636.0,Pre-COVID
2010,LNG (271111),Import,504,Morocco,12151066.79,Pre-COVID
2010,LNG (271111),Import,508,Mozambique,82189.325,Pre-COVID
2010,LNG (271111),Import,533,Aruba,71.508,Pre-COVID
2010,LNG (271111),Import,540,New Caledonia,579.894,Pre-COVID
2010,LNG (271111),Import,554,New Zealand,80193.019,Pre-COVID
2010,LNG (271111),Import,579,Norway,2406824.348,Pre-COVID
2010,LNG (271111),Import,620,Portugal,747931944.474,Pre-COVID
2010,LNG (271111),Import,646,Rwanda,420344.469,Pre-COVID
2010,LNG (271111),Import,688,Serbia,3329.0,Pre-COVID
2010,LNG (271111),Import,690,Seychelles,29384.174,Pre-COVID
2010,LNG (271111),Import,703,Slovakia,381009556.155,Pre-COVID
2010,LNG (271111),Import,705,Slovenia,3116.2070000000003,Pre-COVID
2010,LNG (271111),Import,710,South Africa,175525124.622,Pre-COVID
2010,LNG (271111),Import,716,Zimbabwe,120073.93000000001,Pre-COVID
2010,LNG (271111),Import,724,Spain,7244330253.228,Pre-COVID
2010,LNG (271111),Import,736,Former Sudan,1115.178,Pre-COVID
2010,LNG (271111),Import,748,Eswatini,1308144.808,Pre-COVID
2010,LNG (271111),Import,752,Sweden,13354028.821,Pre-COVID
2010,LNG (271111),Import,757,Switzerland,1867.975,Pre-COVID
2010,LNG (271111),Import,764,Thailand,2165.0,Pre-COVID
2010,LNG (271111),Import,780,Trinidad and Tobago,4608.34,Pre-COVID
2010,LNG (271111),Import,807,North Macedonia,283.13,Pre-COVID
2010,LNG (271111),Import,826,United Kingdom,3855142486.238,Pre-COVID
2010,LNG (271111),Import,834,Tanzania,603970.0,Pre-COVID
2010,LNG (271111),Import,842,United States of America,2563248318.0,Pre-COVID
2010,LNG (271111),Import,854,Burkina Faso,92327.713,Pre-COVID
2010,LNG (271111),Import,894,Zambia,5730.7880000000005,Pre-COVID
2011,Gaseous NG (271121),Export,12,Algeria,13379984082.821001,Pre-COVID
2011,Gaseous NG (271121),Export,32,Argentina,130650372.32000001,Pre-COVID
2011,Gaseous NG (271121),Export,36,Australia,23220.555,Pre-COVID
2011,Gaseous NG (271121),Export,51,Armenia,13786673.5,Pre-COVID
2011,Gaseous NG (271121),Export,56,Belgium,8468719076.736,Pre-COVID
2011,Gaseous NG (271121),Export,68,Bolivia,3884883593.31,Pre-COVID
2011,Gaseous NG (271121),Export,70,Bosnia and Herzegovina,2112.0,Pre-COVID
2011,Gaseous NG (271121),Export,72,Botswana,5180.378000000001,Pre-COVID
2011,Gaseous NG (271121),Export,96,Brunei Darussalam,4630.77,Pre-COVID
2011,Gaseous NG (271121),Export,104,Myanmar,3514409458.29,Pre-COVID
2011,Gaseous NG (271121),Export,124,Canada,14663070215.403,Pre-COVID
2011,Gaseous NG (271121),Export,156,China,726885603.0,Pre-COVID
2011,Gaseous NG (271121),Export,191,Croatia,115030249.0,Pre-COVID
2011,Gaseous NG (271121),Export,203,Czechia,639268260.05,Pre-COVID
2011,Gaseous NG (271121),Export,214,Dominican Republic,199.98,Pre-COVID
2011,Gaseous NG (271121),Export,251,France and Monaco,2853005265.586,Pre-COVID
2011,Gaseous NG (271121),Export,276,Germany,9626863932.184,Pre-COVID
2011,Gaseous NG (271121),Export,344,China Hong Kong,25365.469,Pre-COVID
2011,Gaseous NG (271121),Export,380,Italy,356890791.644,Pre-COVID
2011,Gaseous NG (271121),Export,392,Japan,209869.606,Pre-COVID
2011,Gaseous NG (271121),Export,398,Kazakhstan,2416978014.62,Pre-COVID
2011,Gaseous NG (271121),Export,442,Luxembourg,2012.812,Pre-COVID
2011,Gaseous NG (271121),Export,484,Mexico,18372889.0,Pre-COVID
2011,Gaseous NG (271121),Export,508,Mozambique,14738000.0,Pre-COVID
2011,Gaseous NG (271121),Export,554,New Zealand,1199.497,Pre-COVID
2011,Gaseous NG (271121),Export,579,Norway,34309041812.035,Pre-COVID
2011,Gaseous NG (271121),Export,604,Peru,7322.679999999999,Pre-COVID
2011,Gaseous NG (271121),Export,688,Serbia,6937.0,Pre-COVID
2011,Gaseous NG (271121),Export,699,India,123093.918,Pre-COVID
2011,Gaseous NG (271121),Export,702,Singapore,131919.0,Pre-COVID
2011,Gaseous NG (271121),Export,710,South Africa,820195.375,Pre-COVID
2011,Gaseous NG (271121),Export,716,Zimbabwe,14075.8,Pre-COVID
2011,Gaseous NG (271121),Export,724,Spain,64955292.184,Pre-COVID
2011,Gaseous NG (271121),Export,748,Eswatini,8038.3009999999995,Pre-COVID
2011,Gaseous NG (271121),Export,752,Sweden,2650209.97,Pre-COVID
2011,Gaseous NG (271121),Export,757,Switzerland,7754.3150000000005,Pre-COVID
2011,Gaseous NG (271121),Export,764,Thailand,3750.0,Pre-COVID
2011,Gaseous NG (271121),Export,780,Trinidad and Tobago,567.423,Pre-COVID
2011,Gaseous NG (271121),Export,807,North Macedonia,121.114,Pre-COVID
2011,Gaseous NG (271121),Export,826,United Kingdom,4985932349.194,Pre-COVID
2011,Gaseous NG (271121),Export,842,United States of America,5454382538.0,Pre-COVID
2011,Gaseous NG (271121),Import,12,Algeria,56673.123999999996,Pre-COVID
2011,Gaseous NG (271121),Import,32,Argentina,564542513.52,Pre-COVID
2011,Gaseous NG (271121),Import,36,Australia,2048412637.147,Pre-COVID
2011,Gaseous NG (271121),Import,51,Armenia,407534713.59,Pre-COVID
2011,Gaseous NG (271121),Import,56,Belgium,12297942119.023,Pre-COVID
2011,Gaseous NG (271121),Import,70,Bosnia and Herzegovina,132265962.0,Pre-COVID
2011,Gaseous NG (271121),Import,72,Botswana,327228.429,Pre-COVID
2011,Gaseous NG (271121),Import,76,Brazil,2882540201.0,Pre-COVID
2011,Gaseous NG (271121),Import,96,Brunei Darussalam,77156.355,Pre-COVID
2011,Gaseous NG (271121),Import,100,Bulgaria,1059358346.946,Pre-COVID
2011,Gaseous NG (271121),Import,108,Burundi,21313.336,Pre-COVID
2011,Gaseous NG (271121),Import,112,Belarus,5308713100.0,Pre-COVID
2011,Gaseous NG (271121),Import,124,Canada,3751525716.582,Pre-COVID
2011,Gaseous NG (271121),Import,132,Cape Verde,1531.074,Pre-COVID
2011,Gaseous NG (271121),Import,152,Chile,79052303.92,Pre-COVID
2011,Gaseous NG (271121),Import,156,China,4651657891.0,Pre-COVID
2011,Gaseous NG (271121),Import,191,Croatia,393839642.0,Pre-COVID
2011,Gaseous NG (271121),Import,203,Czechia,3965192610.153,Pre-COVID
2011,Gaseous NG (271121),Import,212,Dominica,11.415,Pre-COVID
2011,Gaseous NG (271121),Import,233,Estonia,232787804.855,Pre-COVID
2011,Gaseous NG (271121),Import,246,Finland,1470647905.356,Pre-COVID
2011,Gaseous NG (271121),Import,251,France and Monaco,15558881106.861,Pre-COVID
2011,Gaseous NG (271121),Import,268,Georgia,222065181.0,Pre-COVID
2011,Gaseous NG (271121),Import,275,State of Palestine,63446.631,Pre-COVID
2011,Gaseous NG (271121),Import,276,Germany,45061614138.211,Pre-COVID
2011,Gaseous NG (271121),Import,288,Ghana,5196.988,Pre-COVID
2011,Gaseous NG (271121),Import,300,Greece,1273347862.421,Pre-COVID
2011,Gaseous NG (271121),Import,344,China Hong Kong,740693749.7739999,Pre-COVID
2011,Gaseous NG (271121),Import,348,Hungary,3053148977.485,Pre-COVID
2011,Gaseous NG (271121),Import,352,Iceland,401.392,Pre-COVID
2011,Gaseous NG (271121),Import,372,Ireland,1779946727.042,Pre-COVID
2011,Gaseous NG (271121),Import,376,Israel,123224000.0,Pre-COVID
2011,Gaseous NG (271121),Import,380,Italy,28875396711.377,Pre-COVID
2011,Gaseous NG (271121),Import,392,Japan,15488.2,Pre-COVID
2011,Gaseous NG (271121),Import,398,Kazakhstan,301255982.32,Pre-COVID
2011,Gaseous NG (271121),Import,400,Jordan,88300490.373,Pre-COVID
2011,Gaseous NG (271121),Import,417,Kyrgyzstan,165122967.0,Pre-COVID
2011,Gaseous NG (271121),Import,426,Lesotho,209826.041,Pre-COVID
2011,Gaseous NG (271121),Import,428,Latvia,517347603.596,Pre-COVID
2011,Gaseous NG (271121),Import,440,Lithuania,1440655753.0,Pre-COVID
2011,Gaseous NG (271121),Import,442,Luxembourg,54549540.593,Pre-COVID
2011,Gaseous NG (271121),Import,458,Malaysia,295970109.75,Pre-COVID
2011,Gaseous NG (271121),Import,484,Mexico,1966983317.0,Pre-COVID
2011,Gaseous NG (271121),Import,499,Montenegro,790.394,Pre-COVID
2011,Gaseous NG (271121),Import,508,Mozambique,5000.0,Pre-COVID
2011,Gaseous NG (271121),Import,528,Netherlands,2011289377.581,Pre-COVID
2011,Gaseous NG (271121),Import,540,New Caledonia,120.483,Pre-COVID
2011,Gaseous NG (271121),Import,566,Nigeria,6556.0,Pre-COVID
2011,Gaseous NG (271121),Import,586,Pakistan,8962.05,Pre-COVID
2011,Gaseous NG (271121),Import,604,Peru,2349.92,Pre-COVID
2011,Gaseous NG (271121),Import,620,Portugal,834143694.0040001,Pre-COVID
2011,Gaseous NG (271121),Import,642,Romania,1368155680.04,Pre-COVID
2011,Gaseous NG (271121),Import,646,Rwanda,5830.139,Pre-COVID
2011,Gaseous NG (271121),Import,688,Serbia,906718451.0,Pre-COVID
2011,Gaseous NG (271121),Import,690,Seychelles,12155.077,Pre-COVID
2011,Gaseous NG (271121),Import,702,Singapore,6096547930.0,Pre-COVID
2011,Gaseous NG (271121),Import,703,Slovakia,2250162480.934,Pre-COVID
2011,Gaseous NG (271121),Import,705,Slovenia,486516598.019,Pre-COVID
2011,Gaseous NG (271121),Import,710,South Africa,516.386,Pre-COVID
2011,Gaseous NG (271121),Import,716,Zimbabwe,239274.83000000002,Pre-COVID
2011,Gaseous NG (271121),Import,724,Spain,4609732439.196,Pre-COVID
2011,Gaseous NG (271121),Import,748,Eswatini,96447.84,Pre-COVID
2011,Gaseous NG (271121),Import,752,Sweden,577541290.094,Pre-COVID
2011,Gaseous NG (271121),Import,757,Switzerland,1517914108.8140001,Pre-COVID
2011,Gaseous NG (271121),Import,764,Thailand,1098105150.0,Pre-COVID
2011,Gaseous NG (271121),Import,780,Trinidad and Tobago,29665.018,Pre-COVID
2011,Gaseous NG (271121),Import,804,Ukraine,14046027610.0,Pre-COVID
2011,Gaseous NG (271121),Import,807,North Macedonia,62227853.191,Pre-COVID
2011,Gaseous NG (271121),Import,826,United Kingdom,6372518433.62,Pre-COVID
2011,Gaseous NG (271121),Import,842,United States of America,12880924778.0,Pre-COVID
2011,Gaseous NG (271121),Import,858,Uruguay,36659711.9,Pre-COVID
2011,Gaseous NG (271121),Import,894,Zambia,5522.2970000000005,Pre-COVID
2011,LNG (271111),Export,12,Algeria,6748110935.203,Pre-COVID
2011,LNG (271111),Export,36,Australia,10619219228.169,Pre-COVID
2011,LNG (271111),Export,52,Barbados,12.0,Pre-COVID
2011,LNG (271111),Export,56,Belgium,204050508.013,Pre-COVID
2011,LNG (271111),Export,72,Botswana,22543.856,Pre-COVID
2011,LNG (271111),Export,76,Brazil,29082540.0,Pre-COVID
2011,LNG (271111),Export,96,Brunei Darussalam,5572434071.583,Pre-COVID
2011,LNG (271111),Export,120,Cameroon,31625.726,Pre-COVID
2011,LNG (271111),Export,124,Canada,1086.662,Pre-COVID
2011,LNG (271111),Export,191,Croatia,509770.0,Pre-COVID
2011,LNG (271111),Export,204,Benin,71941.812,Pre-COVID
2011,LNG (271111),Export,214,Dominican Republic,155522.25,Pre-COVID
2011,LNG (271111),Export,246,Finland,6015542.988,Pre-COVID
2011,LNG (271111),Export,251,France and Monaco,56932.46599999999,Pre-COVID
2011,LNG (271111),Export,288,Ghana,76888.872,Pre-COVID
2011,LNG (271111),Export,300,Greece,1991623.95,Pre-COVID
2011,LNG (271111),Export,320,Guatemala,75.0,Pre-COVID
2011,LNG (271111),Export,380,Italy,20784925.78,Pre-COVID
2011,LNG (271111),Export,398,Kazakhstan,26100.0,Pre-COVID
2011,LNG (271111),Export,426,Lesotho,56114.135,Pre-COVID
2011,LNG (271111),Export,442,Luxembourg,689.0799999999999,Pre-COVID
2011,LNG (271111),Export,458,Malaysia,16294873396.512,Pre-COVID
2011,LNG (271111),Export,484,Mexico,24388061.0,Pre-COVID
2011,LNG (271111),Export,508,Mozambique,160874000.0,Pre-COVID
2011,LNG (271111),Export,554,New Zealand,12023.096,Pre-COVID
2011,LNG (271111),Export,566,Nigeria,5906837286.782,Pre-COVID
2011,LNG (271111),Export,579,Norway,1239000139.646,Pre-COVID
2011,LNG (271111),Export,604,Peru,1283509955.97,Pre-COVID
2011,LNG (271111),Export,620,Portugal,956803.952,Pre-COVID
2011,LNG (271111),Export,646,Rwanda,45418.771,Pre-COVID
2011,LNG (271111),Export,699,India,20486668.520999998,Pre-COVID
2011,LNG (271111),Export,702,Singapore,182882.0,Pre-COVID
2011,LNG (271111),Export,703,Slovakia,104603266.457,Pre-COVID
2011,LNG (271111),Export,710,South Africa,15813538.157,Pre-COVID
2011,LNG (271111),Export,716,Zimbabwe,408.0,Pre-COVID
2011,LNG (271111),Export,724,Spain,253993530.754,Pre-COVID
2011,LNG (271111),Export,748,Eswatini,38628.195,Pre-COVID
2011,LNG (271111),Export,752,Sweden,1445510.068,Pre-COVID
2011,LNG (271111),Export,757,Switzerland,17.003,Pre-COVID
2011,LNG (271111),Export,764,Thailand,21761.0,Pre-COVID
2011,LNG (271111),Export,780,Trinidad and Tobago,2741609384.865,Pre-COVID
2011,LNG (271111),Export,804,Ukraine,8787.05,Pre-COVID
2011,LNG (271111),Export,818,Egypt,1776047795.631,Pre-COVID
2011,LNG (271111),Export,826,United Kingdom,909504.128,Pre-COVID
2011,LNG (271111),Export,842,United States of America,853467003.0,Pre-COVID
2011,LNG (271111),Export,894,Zambia,1437.105,Pre-COVID
2011,LNG (271111),Import,12,Algeria,135629.804,Pre-COVID
2011,LNG (271111),Import,20,Andorra,321.977,Pre-COVID
2011,LNG (271111),Import,32,Argentina,1927429161.86,Pre-COVID
2011,LNG (271111),Import,36,Australia,44408833.583000004,Pre-COVID
2011,LNG (271111),Import,51,Armenia,337.23,Pre-COVID
2011,LNG (271111),Import,56,Belgium,2142730928.0049999,Pre-COVID
2011,LNG (271111),Import,70,Bosnia and Herzegovina,526583.0,Pre-COVID
2011,LNG (271111),Import,72,Botswana,4013299.199,Pre-COVID
2011,LNG (271111),Import,76,Brazil,309969674.0,Pre-COVID
2011,LNG (271111),Import,84,Belize,5265.455,Pre-COVID
2011,LNG (271111),Import,96,Brunei Darussalam,103967.403,Pre-COVID
2011,LNG (271111),Import,104,Myanmar,1371369.7,Pre-COVID
2011,LNG (271111),Import,108,Burundi,267011.651,Pre-COVID
2011,LNG (271111),Import,120,Cameroon,1172.118,Pre-COVID
2011,LNG (271111),Import,124,Canada,537583676.633,Pre-COVID
2011,LNG (271111),Import,132,Cape Verde,41.866,Pre-COVID
2011,LNG (271111),Import,152,Chile,1618591901.46,Pre-COVID
2011,LNG (271111),Import,156,China,5763572286.0,Pre-COVID
2011,LNG (271111),Import,174,Comoros,360.154,Pre-COVID
2011,LNG (271111),Import,203,Czechia,8488806.277,Pre-COVID
2011,LNG (271111),Import,208,Denmark,202940.739,Pre-COVID
2011,LNG (271111),Import,212,Dominica,55.55500000000001,Pre-COVID
2011,LNG (271111),Import,214,Dominican Republic,171776753.169,Pre-COVID
2011,LNG (271111),Import,218,Ecuador,565.31,Pre-COVID
2011,LNG (271111),Import,231,Ethiopia,889.572,Pre-COVID
2011,LNG (271111),Import,246,Finland,78510.48700000001,Pre-COVID
2011,LNG (271111),Import,251,France and Monaco,5944475390.564,Pre-COVID
2011,LNG (271111),Import,268,Georgia,235.859,Pre-COVID
2011,LNG (271111),Import,275,State of Palestine,196665567.89,Pre-COVID
2011,LNG (271111),Import,288,Ghana,31702.670999999995,Pre-COVID
2011,LNG (271111),Import,300,Greece,532826301.30799997,Pre-COVID
2011,LNG (271111),Import,352,Iceland,117.662,Pre-COVID
2011,LNG (271111),Import,372,Ireland,385.601,Pre-COVID
2011,LNG (271111),Import,376,Israel,4000.0,Pre-COVID
2011,LNG (271111),Import,380,Italy,3089041758.947,Pre-COVID
2011,LNG (271111),Import,384,Côte d'Ivoire,59594.581,Pre-COVID
2011,LNG (271111),Import,392,Japan,60099807655.871,Pre-COVID
2011,LNG (271111),Import,398,Kazakhstan,29228.370000000003,Pre-COVID
2011,LNG (271111),Import,400,Jordan,265921119.224,Pre-COVID
2011,LNG (271111),Import,417,Kyrgyzstan,330208.0,Pre-COVID
2011,LNG (271111),Import,426,Lesotho,17630622.791,Pre-COVID
2011,LNG (271111),Import,428,Latvia,47444.588,Pre-COVID
2011,LNG (271111),Import,442,Luxembourg,3653009.873,Pre-COVID
2011,LNG (271111),Import,454,Malawi,652.792,Pre-COVID
2011,LNG (271111),Import,458,Malaysia,3110280.394,Pre-COVID
2011,LNG (271111),Import,484,Mexico,652831333.0,Pre-COVID
2011,LNG (271111),Import,498,Republic of Moldova,2002.0,Pre-COVID
2011,LNG (271111),Import,499,Montenegro,3634.079,Pre-COVID
2011,LNG (271111),Import,508,Mozambique,72000.0,Pre-COVID
2011,LNG (271111),Import,533,Aruba,949.721,Pre-COVID
2011,LNG (271111),Import,540,New Caledonia,384.473,Pre-COVID
2011,LNG (271111),Import,554,New Zealand,30507.125,Pre-COVID
2011,LNG (271111),Import,566,Nigeria,204057584.007,Pre-COVID
2011,LNG (271111),Import,579,Norway,1039947.255,Pre-COVID
2011,LNG (271111),Import,586,Pakistan,7230.055,Pre-COVID
2011,LNG (271111),Import,604,Peru,3616.41,Pre-COVID
2011,LNG (271111),Import,620,Portugal,986553505.048,Pre-COVID
2011,LNG (271111),Import,646,Rwanda,746015.238,Pre-COVID
2011,LNG (271111),Import,690,Seychelles,38915.353,Pre-COVID
2011,LNG (271111),Import,699,India,5992669491.944,Pre-COVID
2011,LNG (271111),Import,702,Singapore,28993270.0,Pre-COVID
2011,LNG (271111),Import,703,Slovakia,95718106.094,Pre-COVID
2011,LNG (271111),Import,705,Slovenia,10.164000000000001,Pre-COVID
2011,LNG (271111),Import,710,South Africa,212827162.267,Pre-COVID
2011,LNG (271111),Import,716,Zimbabwe,121603.66,Pre-COVID
2011,LNG (271111),Import,724,Spain,8369620416.455,Pre-COVID
2011,LNG (271111),Import,748,Eswatini,2117453.739,Pre-COVID
2011,LNG (271111),Import,752,Sweden,19611835.57,Pre-COVID
2011,LNG (271111),Import,757,Switzerland,2035.4160000000002,Pre-COVID
2011,LNG (271111),Import,764,Thailand,170651412.0,Pre-COVID
2011,LNG (271111),Import,780,Trinidad and Tobago,26606.212,Pre-COVID
2011,LNG (271111),Import,807,North Macedonia,820.172,Pre-COVID
2011,LNG (271111),Import,826,United Kingdom,8134114219.108001,Pre-COVID
2011,LNG (271111),Import,842,United States of America,2137180461.0,Pre-COVID
2011,LNG (271111),Import,854,Burkina Faso,18845.006,Pre-COVID
2011,LNG (271111),Import,894,Zambia,12806.675,Pre-COVID
2012,Gaseous NG (271121),Export,12,Algeria,15481418624.0,Pre-COVID
2012,Gaseous NG (271121),Export,28,Antigua and Barbuda,274.074,Pre-COVID
2012,Gaseous NG (271121),Export,32,Argentina,76492515.17,Pre-COVID
2012,Gaseous NG (271121),Export,36,Australia,169843.002,Pre-COVID
2012,Gaseous NG (271121),Export,51,Armenia,12499055.379999999,Pre-COVID
2012,Gaseous NG (271121),Export,56,Belgium,7036442616.525,Pre-COVID
2012,Gaseous NG (271121),Export,68,Bolivia,5478522818.26,Pre-COVID
2012,Gaseous NG (271121),Export,72,Botswana,2887.266,Pre-COVID
2012,Gaseous NG (271121),Export,96,Brunei Darussalam,4785.237,Pre-COVID
2012,Gaseous NG (271121),Export,104,Myanmar,3509854558.54,Pre-COVID
2012,Gaseous NG (271121),Export,124,Canada,8730171118.076,Pre-COVID
2012,Gaseous NG (271121),Export,156,China,565022604.0,Pre-COVID
2012,Gaseous NG (271121),Export,191,Croatia,122278928.0,Pre-COVID
2012,Gaseous NG (271121),Export,203,Czechia,628769762.2590001,Pre-COVID
2012,Gaseous NG (271121),Export,251,France and Monaco,2685698217.038,Pre-COVID
2012,Gaseous NG (271121),Export,276,Germany,7288168004.709,Pre-COVID
2012,Gaseous NG (271121),Export,288,Ghana,71.079,Pre-COVID
2012,Gaseous NG (271121),Export,348,Hungary,287370974.536,Pre-COVID
2012,Gaseous NG (271121),Export,360,Indonesia,465233795.0,Pre-COVID
2012,Gaseous NG (271121),Export,380,Italy,127092440.592,Pre-COVID
2012,Gaseous NG (271121),Export,392,Japan,179559.36800000002,Pre-COVID
2012,Gaseous NG (271121),Export,398,Kazakhstan,2193000200.0,Pre-COVID
2012,Gaseous NG (271121),Export,442,Luxembourg,764.6610000000001,Pre-COVID
2012,Gaseous NG (271121),Export,484,Mexico,1192039.0,Pre-COVID
2012,Gaseous NG (271121),Export,508,Mozambique,73100322.0,Pre-COVID
2012,Gaseous NG (271121),Export,540,New Caledonia,395.591,Pre-COVID
2012,Gaseous NG (271121),Export,579,Norway,41652240859.31,Pre-COVID
2012,Gaseous NG (271121),Export,604,Peru,76.5,Pre-COVID
2012,Gaseous NG (271121),Export,620,Portugal,87.127,Pre-COVID
2012,Gaseous NG (271121),Export,688,Serbia,1299144.0,Pre-COVID
2012,Gaseous NG (271121),Export,699,India,19195194.965,Pre-COVID
2012,Gaseous NG (271121),Export,702,Singapore,277629.0,Pre-COVID
2012,Gaseous NG (271121),Export,710,South Africa,1032913.884,Pre-COVID
2012,Gaseous NG (271121),Export,724,Spain,1110110.57,Pre-COVID
2012,Gaseous NG (271121),Export,748,Eswatini,3578.383,Pre-COVID
2012,Gaseous NG (271121),Export,757,Switzerland,427.989,Pre-COVID
2012,Gaseous NG (271121),Export,764,Thailand,5556.0,Pre-COVID
2012,Gaseous NG (271121),Export,780,Trinidad and Tobago,1000.028,Pre-COVID
2012,Gaseous NG (271121),Export,826,United Kingdom,2906932961.445,Pre-COVID
2012,Gaseous NG (271121),Export,842,United States of America,4350067618.0,Pre-COVID
2012,Gaseous NG (271121),Import,8,Albania,1821.186,Pre-COVID
2012,Gaseous NG (271121),Import,12,Algeria,137614.0,Pre-COVID
2012,Gaseous NG (271121),Import,32,Argentina,1104451989.53,Pre-COVID
2012,Gaseous NG (271121),Import,36,Australia,2266295017.923,Pre-COVID
2012,Gaseous NG (271121),Import,48,Bahrain,1924.119,Pre-COVID
2012,Gaseous NG (271121),Import,51,Armenia,516665111.03,Pre-COVID
2012,Gaseous NG (271121),Import,56,Belgium,12042269641.534,Pre-COVID
2012,Gaseous NG (271121),Import,70,Bosnia and Herzegovina,146147914.0,Pre-COVID
2012,Gaseous NG (271121),Import,72,Botswana,342244.826,Pre-COVID
2012,Gaseous NG (271121),Import,76,Brazil,3587218322.0,Pre-COVID
2012,Gaseous NG (271121),Import,100,Bulgaria,1164203532.172,Pre-COVID
2012,Gaseous NG (271121),Import,112,Belarus,3410808400.0,Pre-COVID
2012,Gaseous NG (271121),Import,120,Cameroon,1999.99,Pre-COVID
2012,Gaseous NG (271121),Import,124,Canada,3261614904.796,Pre-COVID
2012,Gaseous NG (271121),Import,152,Chile,32451589.61,Pre-COVID
2012,Gaseous NG (271121),Import,156,China,5499071384.0,Pre-COVID
2012,Gaseous NG (271121),Import,191,Croatia,709757636.0,Pre-COVID
2012,Gaseous NG (271121),Import,203,Czechia,3692462383.276,Pre-COVID
2012,Gaseous NG (271121),Import,214,Dominican Republic,1611.619,Pre-COVID
2012,Gaseous NG (271121),Import,218,Ecuador,12423.92,Pre-COVID
2012,Gaseous NG (271121),Import,233,Estonia,256510419.239,Pre-COVID
2012,Gaseous NG (271121),Import,246,Finland,1427590535.699,Pre-COVID
2012,Gaseous NG (271121),Import,251,France and Monaco,17384844939.445,Pre-COVID
2012,Gaseous NG (271121),Import,268,Georgia,303920482.0,Pre-COVID
2012,Gaseous NG (271121),Import,276,Germany,40522977378.859,Pre-COVID
2012,Gaseous NG (271121),Import,288,Ghana,653.526,Pre-COVID
2012,Gaseous NG (271121),Import,300,Greece,1416476408.504,Pre-COVID
2012,Gaseous NG (271121),Import,308,Grenada,22.963,Pre-COVID
2012,Gaseous NG (271121),Import,344,China Hong Kong,834358798.518,Pre-COVID
2012,Gaseous NG (271121),Import,348,Hungary,3279500081.81,Pre-COVID
2012,Gaseous NG (271121),Import,360,Indonesia,23395566.0,Pre-COVID
2012,Gaseous NG (271121),Import,372,Ireland,1778807746.8240001,Pre-COVID
2012,Gaseous NG (271121),Import,376,Israel,9730000.0,Pre-COVID
2012,Gaseous NG (271121),Import,380,Italy,27979451598.439,Pre-COVID
2012,Gaseous NG (271121),Import,392,Japan,15067.945,Pre-COVID
2012,Gaseous NG (271121),Import,398,Kazakhstan,374850400.0,Pre-COVID
2012,Gaseous NG (271121),Import,400,Jordan,125666082.729,Pre-COVID
2012,Gaseous NG (271121),Import,417,Kyrgyzstan,337493854.0,Pre-COVID
2012,Gaseous NG (271121),Import,426,Lesotho,303513.777,Pre-COVID
2012,Gaseous NG (271121),Import,428,Latvia,605745023.105,Pre-COVID
2012,Gaseous NG (271121),Import,440,Lithuania,1542639682.0,Pre-COVID
2012,Gaseous NG (271121),Import,442,Luxembourg,1261.232,Pre-COVID
2012,Gaseous NG (271121),Import,454,Malawi,112165.204,Pre-COVID
2012,Gaseous NG (271121),Import,458,Malaysia,304350120.618,Pre-COVID
2012,Gaseous NG (271121),Import,466,Mali,741.653,Pre-COVID
2012,Gaseous NG (271121),Import,480,Mauritius,3884.643,Pre-COVID
2012,Gaseous NG (271121),Import,484,Mexico,1677274783.0,Pre-COVID
2012,Gaseous NG (271121),Import,508,Mozambique,5205480.0,Pre-COVID
2012,Gaseous NG (271121),Import,540,New Caledonia,2781.263,Pre-COVID
2012,Gaseous NG (271121),Import,604,Peru,11486.07,Pre-COVID
2012,Gaseous NG (271121),Import,620,Portugal,988831702.435,Pre-COVID
2012,Gaseous NG (271121),Import,642,Romania,1294565670.43,Pre-COVID
2012,Gaseous NG (271121),Import,646,Rwanda,2104.773,Pre-COVID
2012,Gaseous NG (271121),Import,688,Serbia,844039645.0,Pre-COVID
2012,Gaseous NG (271121),Import,702,Singapore,7613256656.0,Pre-COVID
2012,Gaseous NG (271121),Import,703,Slovakia,1949185190.286,Pre-COVID
2012,Gaseous NG (271121),Import,705,Slovenia,476281568.364,Pre-COVID
2012,Gaseous NG (271121),Import,710,South Africa,418.91,Pre-COVID
2012,Gaseous NG (271121),Import,716,Zimbabwe,62229.06,Pre-COVID
2012,Gaseous NG (271121),Import,724,Spain,5701640219.189,Pre-COVID
2012,Gaseous NG (271121),Import,729,Sudan,242.0,Pre-COVID
2012,Gaseous NG (271121),Import,748,Eswatini,7342.403,Pre-COVID
2012,Gaseous NG (271121),Import,752,Sweden,527110874.302,Pre-COVID
2012,Gaseous NG (271121),Import,757,Switzerland,1845458751.669,Pre-COVID
2012,Gaseous NG (271121),Import,764,Thailand,3422905755.0,Pre-COVID
2012,Gaseous NG (271121),Import,768,Togo,2179.487,Pre-COVID
2012,Gaseous NG (271121),Import,780,Trinidad and Tobago,57418.453,Pre-COVID
2012,Gaseous NG (271121),Import,804,Ukraine,14037030540.0,Pre-COVID
2012,Gaseous NG (271121),Import,807,North Macedonia,71870003.22299999,Pre-COVID
2012,Gaseous NG (271121),Import,826,United Kingdom,5753771677.673,Pre-COVID
2012,Gaseous NG (271121),Import,842,United States of America,7958856586.0,Pre-COVID
2012,Gaseous NG (271121),Import,854,Burkina Faso,1004.794,Pre-COVID
2012,Gaseous NG (271121),Import,858,Uruguay,17507859.51,Pre-COVID
2012,Gaseous NG (271121),Import,894,Zambia,9471.815999999999,Pre-COVID
2012,LNG (271111),Export,12,Algeria,6735649885.0,Pre-COVID
2012,LNG (271111),Export,32,Argentina,87.0,Pre-COVID
2012,LNG (271111),Export,36,Australia,14666885098.078,Pre-COVID
2012,LNG (271111),Export,56,Belgium,530333686.134,Pre-COVID
2012,LNG (271111),Export,72,Botswana,5498.004,Pre-COVID
2012,LNG (271111),Export,76,Brazil,137031471.0,Pre-COVID
2012,LNG (271111),Export,96,Brunei Darussalam,6166450798.583,Pre-COVID
2012,LNG (271111),Export,112,Belarus,500.0,Pre-COVID
2012,LNG (271111),Export,120,Cameroon,8745.366,Pre-COVID
2012,LNG (271111),Export,124,Canada,28372870.39,Pre-COVID
2012,LNG (271111),Export,144,Sri Lanka,456.631,Pre-COVID
2012,LNG (271111),Export,191,Croatia,468331.0,Pre-COVID
2012,LNG (271111),Export,214,Dominican Republic,266414.787,Pre-COVID
2012,LNG (271111),Export,246,Finland,51989.76,Pre-COVID
2012,LNG (271111),Export,251,France and Monaco,163173798.904,Pre-COVID
2012,LNG (271111),Export,300,Greece,4373604.677,Pre-COVID
2012,LNG (271111),Export,360,Indonesia,1043597905.0,Pre-COVID
2012,LNG (271111),Export,380,Italy,62060.233,Pre-COVID
2012,LNG (271111),Export,384,Côte d'Ivoire,1503.32,Pre-COVID
2012,LNG (271111),Export,398,Kazakhstan,1237650.0,Pre-COVID
2012,LNG (271111),Export,426,Lesotho,67478.817,Pre-COVID
2012,LNG (271111),Export,442,Luxembourg,1934.636,Pre-COVID
2012,LNG (271111),Export,458,Malaysia,17989002591.79,Pre-COVID
2012,LNG (271111),Export,484,Mexico,149.0,Pre-COVID
2012,LNG (271111),Export,508,Mozambique,175058498.0,Pre-COVID
2012,LNG (271111),Export,540,New Caledonia,110.447,Pre-COVID
2012,LNG (271111),Export,554,New Zealand,3775331.683,Pre-COVID
2012,LNG (271111),Export,579,Norway,1798404546.635,Pre-COVID
2012,LNG (271111),Export,586,Pakistan,896.538,Pre-COVID
2012,LNG (271111),Export,604,Peru,1330561014.49,Pre-COVID
2012,LNG (271111),Export,620,Portugal,48265467.79,Pre-COVID
2012,LNG (271111),Export,688,Serbia,18292.0,Pre-COVID
2012,LNG (271111),Export,699,India,29903038.643,Pre-COVID
2012,LNG (271111),Export,702,Singapore,1740390.0,Pre-COVID
2012,LNG (271111),Export,710,South Africa,6663000.314,Pre-COVID
2012,LNG (271111),Export,724,Spain,831054665.3840001,Pre-COVID
2012,LNG (271111),Export,748,Eswatini,46291.191,Pre-COVID
2012,LNG (271111),Export,752,Sweden,379388.68,Pre-COVID
2012,LNG (271111),Export,757,Switzerland,1533127.113,Pre-COVID
2012,LNG (271111),Export,764,Thailand,5495.0,Pre-COVID
2012,LNG (271111),Export,780,Trinidad and Tobago,1803238977.205,Pre-COVID
2012,LNG (271111),Export,804,Ukraine,4890.92,Pre-COVID
2012,LNG (271111),Export,818,Egypt,1859246167.36,Pre-COVID
2012,LNG (271111),Export,826,United Kingdom,604774.881,Pre-COVID
2012,LNG (271111),Export,834,Tanzania,3804833.0,Pre-COVID
2012,LNG (271111),Export,842,United States of America,482890021.0,Pre-COVID
2012,LNG (271111),Export,887,Yemen,555401555.415,Pre-COVID
2012,LNG (271111),Export,894,Zambia,118102.194,Pre-COVID
2012,LNG (271111),Import,8,Albania,1530.206,Pre-COVID
2012,LNG (271111),Import,12,Algeria,6464.0,Pre-COVID
2012,LNG (271111),Import,32,Argentina,2695299748.16,Pre-COVID
2012,LNG (271111),Import,48,Bahrain,68729.391,Pre-COVID
2012,LNG (271111),Import,51,Armenia,400.04,Pre-COVID
2012,LNG (271111),Import,52,Barbados,128.0,Pre-COVID
2012,LNG (271111),Import,56,Belgium,1361175724.454,Pre-COVID
2012,LNG (271111),Import,70,Bosnia and Herzegovina,65533.0,Pre-COVID
2012,LNG (271111),Import,72,Botswana,3491468.443,Pre-COVID
2012,LNG (271111),Import,76,Brazil,1637159634.0,Pre-COVID
2012,LNG (271111),Import,84,Belize,41936.845,Pre-COVID
2012,LNG (271111),Import,96,Brunei Darussalam,37908.73,Pre-COVID
2012,LNG (271111),Import,104,Myanmar,419357.3,Pre-COVID
2012,LNG (271111),Import,108,Burundi,116937.14899999999,Pre-COVID
2012,LNG (271111),Import,120,Cameroon,153371.489,Pre-COVID
2012,LNG (271111),Import,124,Canada,269821601.423,Pre-COVID
2012,LNG (271111),Import,132,Cape Verde,20.357,Pre-COVID
2012,LNG (271111),Import,152,Chile,1623359625.73,Pre-COVID
2012,LNG (271111),Import,156,China,6001709913.0,Pre-COVID
2012,LNG (271111),Import,174,Comoros,470.125,Pre-COVID
2012,LNG (271111),Import,204,Benin,774.876,Pre-COVID
2012,LNG (271111),Import,208,Denmark,205686.166,Pre-COVID
2012,LNG (271111),Import,212,Dominica,75.067,Pre-COVID
2012,LNG (271111),Import,214,Dominican Republic,312253354.85,Pre-COVID
2012,LNG (271111),Import,218,Ecuador,406.54,Pre-COVID
2012,LNG (271111),Import,251,France and Monaco,4407208156.706,Pre-COVID
2012,LNG (271111),Import,268,Georgia,1569.189,Pre-COVID
2012,LNG (271111),Import,270,Gambia,1238.845,Pre-COVID
2012,LNG (271111),Import,276,Germany,980590.289,Pre-COVID
2012,LNG (271111),Import,288,Ghana,26174.664,Pre-COVID
2012,LNG (271111),Import,300,Greece,629998474.002,Pre-COVID
2012,LNG (271111),Import,308,Grenada,173.704,Pre-COVID
2012,LNG (271111),Import,320,Guatemala,733.0,Pre-COVID
2012,LNG (271111),Import,352,Iceland,1408.056,Pre-COVID
2012,LNG (271111),Import,372,Ireland,463.837,Pre-COVID
2012,LNG (271111),Import,376,Israel,16000.0,Pre-COVID
2012,LNG (271111),Import,380,Italy,2637323714.821,Pre-COVID
2012,LNG (271111),Import,384,Côte d'Ivoire,3978.555,Pre-COVID
2012,LNG (271111),Import,392,Japan,75246879729.371,Pre-COVID
2012,LNG (271111),Import,398,Kazakhstan,90245590.0,Pre-COVID
2012,LNG (271111),Import,400,Jordan,301120460.419,Pre-COVID
2012,LNG (271111),Import,417,Kyrgyzstan,300560.0,Pre-COVID
2012,LNG (271111),Import,426,Lesotho,6608704.82,Pre-COVID
2012,LNG (271111),Import,442,Luxembourg,1306998.037,Pre-COVID
2012,LNG (271111),Import,466,Mali,31769.161,Pre-COVID
2012,LNG (271111),Import,480,Mauritius,59.73,Pre-COVID
2012,LNG (271111),Import,484,Mexico,477675852.0,Pre-COVID
2012,LNG (271111),Import,498,Republic of Moldova,2368.0,Pre-COVID
2012,LNG (271111),Import,499,Montenegro,234.284,Pre-COVID
2012,LNG (271111),Import,508,Mozambique,5262110.0,Pre-COVID
2012,LNG (271111),Import,533,Aruba,466.48,Pre-COVID
2012,LNG (271111),Import,540,New Caledonia,3340.9880000000003,Pre-COVID
2012,LNG (271111),Import,554,New Zealand,3323.469,Pre-COVID
2012,LNG (271111),Import,579,Norway,319092.00800000003,Pre-COVID
2012,LNG (271111),Import,586,Pakistan,32299.128,Pre-COVID
2012,LNG (271111),Import,620,Portugal,758152235.786,Pre-COVID
2012,LNG (271111),Import,634,Qatar,91198.51,Pre-COVID
2012,LNG (271111),Import,642,Romania,14.89,Pre-COVID
2012,LNG (271111),Import,646,Rwanda,930977.453,Pre-COVID
2012,LNG (271111),Import,688,Serbia,718.0,Pre-COVID
2012,LNG (271111),Import,690,Seychelles,43759.031,Pre-COVID
2012,LNG (271111),Import,699,India,7602950058.523,Pre-COVID
2012,LNG (271111),Import,702,Singapore,22095457.0,Pre-COVID
2012,LNG (271111),Import,703,Slovakia,23416.282,Pre-COVID
2012,LNG (271111),Import,710,South Africa,245558793.585,Pre-COVID
2012,LNG (271111),Import,716,Zimbabwe,157872.71000000002,Pre-COVID
2012,LNG (271111),Import,724,Spain,8041066726.346,Pre-COVID
2012,LNG (271111),Import,729,Sudan,501.0,Pre-COVID
2012,LNG (271111),Import,748,Eswatini,1925444.239,Pre-COVID
2012,LNG (271111),Import,752,Sweden,22407478.103,Pre-COVID
2012,LNG (271111),Import,764,Thailand,786274275.0,Pre-COVID
2012,LNG (271111),Import,780,Trinidad and Tobago,44133.125,Pre-COVID
2012,LNG (271111),Import,807,North Macedonia,64620.61,Pre-COVID
2012,LNG (271111),Import,826,United Kingdom,4462100482.7039995,Pre-COVID
2012,LNG (271111),Import,842,United States of America,1206688959.0,Pre-COVID
2012,LNG (271111),Import,854,Burkina Faso,7499.817999999999,Pre-COVID
2012,LNG (271111),Import,894,Zambia,1291.496,Pre-COVID
2013,Gaseous NG (271121),Export,12,Algeria,13564056403.891,Pre-COVID
2013,Gaseous NG (271121),Export,31,Azerbaijan,648646246.43,Pre-COVID
2013,Gaseous NG (271121),Export,32,Argentina,74631733.36,Pre-COVID
2013,Gaseous NG (271121),Export,36,Australia,44267.293,Pre-COVID
2013,Gaseous NG (271121),Export,51,Armenia,10340070.536,Pre-COVID
2013,Gaseous NG (271121),Export,56,Belgium,8788253092.825,Pre-COVID
2013,Gaseous NG (271121),Export,68,Bolivia,6113447970.62,Pre-COVID
2013,Gaseous NG (271121),Export,72,Botswana,1883.883,Pre-COVID
2013,Gaseous NG (271121),Export,96,Brunei Darussalam,10582.377,Pre-COVID
2013,Gaseous NG (271121),Export,104,Myanmar,3525745117.99,Pre-COVID
2013,Gaseous NG (271121),Export,124,Canada,10860236960.985,Pre-COVID
2013,Gaseous NG (271121),Export,191,Croatia,174622497.0,Pre-COVID
2013,Gaseous NG (271121),Export,203,Czechia,555831028.0,Pre-COVID
2013,Gaseous NG (271121),Export,218,Ecuador,283.44,Pre-COVID
2013,Gaseous NG (271121),Export,251,France and Monaco,2199381727.518,Pre-COVID
2013,Gaseous NG (271121),Export,276,Germany,7748691463.166,Pre-COVID
2013,Gaseous NG (271121),Export,288,Ghana,2957.437,Pre-COVID
2013,Gaseous NG (271121),Export,300,Greece,3256.475,Pre-COVID
2013,Gaseous NG (271121),Export,348,Hungary,537520474.0,Pre-COVID
2013,Gaseous NG (271121),Export,360,Indonesia,4983751628.0,Pre-COVID
2013,Gaseous NG (271121),Export,380,Italy,119718389.552,Pre-COVID
2013,Gaseous NG (271121),Export,392,Japan,55059.505000000005,Pre-COVID
2013,Gaseous NG (271121),Export,398,Kazakhstan,1956818171.17,Pre-COVID
2013,Gaseous NG (271121),Export,400,Jordan,895.774,Pre-COVID
2013,Gaseous NG (271121),Export,410,Republic of Korea,27245.0,Pre-COVID
2013,Gaseous NG (271121),Export,442,Luxembourg,146.868,Pre-COVID
2013,Gaseous NG (271121),Export,484,Mexico,2711884.0,Pre-COVID
2013,Gaseous NG (271121),Export,508,Mozambique,95640835.0,Pre-COVID
2013,Gaseous NG (271121),Export,554,New Zealand,1153.724,Pre-COVID
2013,Gaseous NG (271121),Export,579,Norway,40893989601.487,Pre-COVID
2013,Gaseous NG (271121),Export,604,Peru,15.0,Pre-COVID
2013,Gaseous NG (271121),Export,620,Portugal,949155.707,Pre-COVID
2013,Gaseous NG (271121),Export,688,Serbia,5542115.0,Pre-COVID
2013,Gaseous NG (271121),Export,690,Seychelles,0.25,Pre-COVID
2013,Gaseous NG (271121),Export,699,India,11349.972,Pre-COVID
2013,Gaseous NG (271121),Export,702,Singapore,157996.581,Pre-COVID
2013,Gaseous NG (271121),Export,705,Slovenia,45138234.049,Pre-COVID
2013,Gaseous NG (271121),Export,710,South Africa,343101.76399999997,Pre-COVID
2013,Gaseous NG (271121),Export,724,Spain,50140575.368,Pre-COVID
2013,Gaseous NG (271121),Export,748,Eswatini,375.841,Pre-COVID
2013,Gaseous NG (271121),Export,752,Sweden,942.006,Pre-COVID
2013,Gaseous NG (271121),Export,757,Switzerland,4302.75,Pre-COVID
2013,Gaseous NG (271121),Export,764,Thailand,46954.0,Pre-COVID
2013,Gaseous NG (271121),Export,826,United Kingdom,1213674251.95,Pre-COVID
2013,Gaseous NG (271121),Export,842,United States of America,5826027612.0,Pre-COVID
2013,Gaseous NG (271121),Export,894,Zambia,151.685,Pre-COVID
2013,Gaseous NG (271121),Import,12,Algeria,7649.225,Pre-COVID
2013,Gaseous NG (271121),Import,31,Azerbaijan,1788.0,Pre-COVID
2013,Gaseous NG (271121),Import,32,Argentina,2531078716.69,Pre-COVID
2013,Gaseous NG (271121),Import,36,Australia,2322422324.091,Pre-COVID
2013,Gaseous NG (271121),Import,51,Armenia,571766320.27,Pre-COVID
2013,Gaseous NG (271121),Import,52,Barbados,559.0,Pre-COVID
2013,Gaseous NG (271121),Import,56,Belgium,15105866141.114,Pre-COVID
2013,Gaseous NG (271121),Import,70,Bosnia and Herzegovina,102922808.0,Pre-COVID
2013,Gaseous NG (271121),Import,72,Botswana,470810.939,Pre-COVID
2013,Gaseous NG (271121),Import,76,Brazil,4181122894.0,Pre-COVID
2013,Gaseous NG (271121),Import,84,Belize,16.445,Pre-COVID
2013,Gaseous NG (271121),Import,96,Brunei Darussalam,304.479,Pre-COVID
2013,Gaseous NG (271121),Import,100,Bulgaria,1016764883.422,Pre-COVID
2013,Gaseous NG (271121),Import,104,Myanmar,15249.92,Pre-COVID
2013,Gaseous NG (271121),Import,112,Belarus,3358058500.0,Pre-COVID
2013,Gaseous NG (271121),Import,120,Cameroon,3511.5019999999995,Pre-COVID
2013,Gaseous NG (271121),Import,124,Canada,3663588505.507,Pre-COVID
2013,Gaseous NG (271121),Import,152,Chile,19716441.79,Pre-COVID
2013,Gaseous NG (271121),Import,174,Comoros,267.76,Pre-COVID
2013,Gaseous NG (271121),Import,191,Croatia,726660911.0,Pre-COVID
2013,Gaseous NG (271121),Import,203,Czechia,4074803608.0,Pre-COVID
2013,Gaseous NG (271121),Import,214,Dominican Republic,2742.309,Pre-COVID
2013,Gaseous NG (271121),Import,218,Ecuador,12646.37,Pre-COVID
2013,Gaseous NG (271121),Import,231,Ethiopia,14029.427,Pre-COVID
2013,Gaseous NG (271121),Import,233,Estonia,317780216.456,Pre-COVID
2013,Gaseous NG (271121),Import,246,Finland,726524365.615,Pre-COVID
2013,Gaseous NG (271121),Import,251,France and Monaco,18353697564.635,Pre-COVID
2013,Gaseous NG (271121),Import,268,Georgia,304210547.0,Pre-COVID
2013,Gaseous NG (271121),Import,276,Germany,40969427299.118,Pre-COVID
2013,Gaseous NG (271121),Import,288,Ghana,216.394,Pre-COVID
2013,Gaseous NG (271121),Import,300,Greece,1553202090.684,Pre-COVID
2013,Gaseous NG (271121),Import,344,China Hong Kong,1026241998.01,Pre-COVID
2013,Gaseous NG (271121),Import,348,Hungary,3687231695.0,Pre-COVID
2013,Gaseous NG (271121),Import,360,Indonesia,4840.0,Pre-COVID
2013,Gaseous NG (271121),Import,372,Ireland,2009900769.656,Pre-COVID
2013,Gaseous NG (271121),Import,376,Israel,251861000.0,Pre-COVID
2013,Gaseous NG (271121),Import,380,Italy,24827653510.91,Pre-COVID
2013,Gaseous NG (271121),Import,392,Japan,16449.252,Pre-COVID
2013,Gaseous NG (271121),Import,398,Kazakhstan,490177998.17,Pre-COVID
2013,Gaseous NG (271121),Import,400,Jordan,181917722.71,Pre-COVID
2013,Gaseous NG (271121),Import,410,Republic of Korea,74372.0,Pre-COVID
2013,Gaseous NG (271121),Import,417,Kyrgyzstan,432738496.0,Pre-COVID
2013,Gaseous NG (271121),Import,426,Lesotho,120363.874,Pre-COVID
2013,Gaseous NG (271121),Import,428,Latvia,628502045.9679999,Pre-COVID
2013,Gaseous NG (271121),Import,440,Lithuania,1321648076.0,Pre-COVID
2013,Gaseous NG (271121),Import,454,Malawi,2914.7340000000004,Pre-COVID
2013,Gaseous NG (271121),Import,458,Malaysia,549830611.497,Pre-COVID
2013,Gaseous NG (271121),Import,480,Mauritius,4824.385,Pre-COVID
2013,Gaseous NG (271121),Import,484,Mexico,2498864085.0,Pre-COVID
2013,Gaseous NG (271121),Import,499,Montenegro,3682.266,Pre-COVID
2013,Gaseous NG (271121),Import,504,Morocco,426878860.369,Pre-COVID
2013,Gaseous NG (271121),Import,508,Mozambique,3000.0,Pre-COVID
2013,Gaseous NG (271121),Import,533,Aruba,20653.065,Pre-COVID
2013,Gaseous NG (271121),Import,540,New Caledonia,3191.482,Pre-COVID
2013,Gaseous NG (271121),Import,554,New Zealand,6352.286,Pre-COVID
2013,Gaseous NG (271121),Import,558,Nicaragua,835.03,Pre-COVID
2013,Gaseous NG (271121),Import,586,Pakistan,14972.643,Pre-COVID
2013,Gaseous NG (271121),Import,604,Peru,3873.6499999999996,Pre-COVID
2013,Gaseous NG (271121),Import,620,Portugal,1214306667.309,Pre-COVID
2013,Gaseous NG (271121),Import,634,Qatar,199617.269,Pre-COVID
2013,Gaseous NG (271121),Import,642,Romania,590029718.252,Pre-COVID
2013,Gaseous NG (271121),Import,643,Russian Federation,1143.0,Pre-COVID
2013,Gaseous NG (271121),Import,646,Rwanda,6596.416,Pre-COVID
2013,Gaseous NG (271121),Import,678,Sao Tome and Principe,61.414,Pre-COVID
2013,Gaseous NG (271121),Import,688,Serbia,761104842.0,Pre-COVID
2013,Gaseous NG (271121),Import,690,Seychelles,14727.251,Pre-COVID
2013,Gaseous NG (271121),Import,702,Singapore,5759191685.918,Pre-COVID
2013,Gaseous NG (271121),Import,703,Slovakia,2242891384.593,Pre-COVID
2013,Gaseous NG (271121),Import,705,Slovenia,452002676.193,Pre-COVID
2013,Gaseous NG (271121),Import,710,South Africa,1310.8519999999999,Pre-COVID
2013,Gaseous NG (271121),Import,716,Zimbabwe,92.53,Pre-COVID
2013,Gaseous NG (271121),Import,724,Spain,6991750192.3220005,Pre-COVID
2013,Gaseous NG (271121),Import,729,Sudan,500.0,Pre-COVID
2013,Gaseous NG (271121),Import,748,Eswatini,77054.321,Pre-COVID
2013,Gaseous NG (271121),Import,752,Sweden,505146751.322,Pre-COVID
2013,Gaseous NG (271121),Import,757,Switzerland,1818684969.7,Pre-COVID
2013,Gaseous NG (271121),Import,764,Thailand,3674807925.0,Pre-COVID
2013,Gaseous NG (271121),Import,780,Trinidad and Tobago,41501.557,Pre-COVID
2013,Gaseous NG (271121),Import,804,Ukraine,11538192160.0,Pre-COVID
2013,Gaseous NG (271121),Import,807,North Macedonia,60506407.011,Pre-COVID
2013,Gaseous NG (271121),Import,826,United Kingdom,6218102268.16,Pre-COVID
2013,Gaseous NG (271121),Import,842,United States of America,10963557014.0,Pre-COVID
2013,Gaseous NG (271121),Import,858,Uruguay,11061821.91,Pre-COVID
2013,Gaseous NG (271121),Import,894,Zambia,5572.201,Pre-COVID
2013,LNG (271111),Export,12,Algeria,6616695604.504,Pre-COVID
2013,LNG (271111),Export,36,Australia,14707873701.345,Pre-COVID
2013,LNG (271111),Export,56,Belgium,783002260.752,Pre-COVID
2013,LNG (271111),Export,72,Botswana,57087.848,Pre-COVID
2013,LNG (271111),Export,76,Brazil,23179468.0,Pre-COVID
2013,LNG (271111),Export,96,Brunei Darussalam,5928737511.214,Pre-COVID
2013,LNG (271111),Export,120,Cameroon,170.039,Pre-COVID
2013,LNG (271111),Export,214,Dominican Republic,728248.822,Pre-COVID
2013,LNG (271111),Export,246,Finland,54050.513999999996,Pre-COVID
2013,LNG (271111),Export,251,France and Monaco,193833141.283,Pre-COVID
2013,LNG (271111),Export,276,Germany,18169.428,Pre-COVID
2013,LNG (271111),Export,300,Greece,2031567.56,Pre-COVID
2013,LNG (271111),Export,360,Indonesia,12039689189.0,Pre-COVID
2013,LNG (271111),Export,380,Italy,10483808.412,Pre-COVID
2013,LNG (271111),Export,384,Côte d'Ivoire,1476.016,Pre-COVID
2013,LNG (271111),Export,392,Japan,2125.403,Pre-COVID
2013,LNG (271111),Export,398,Kazakhstan,98379.0,Pre-COVID
2013,LNG (271111),Export,426,Lesotho,64017.337,Pre-COVID
2013,LNG (271111),Export,442,Luxembourg,2403.376,Pre-COVID
2013,LNG (271111),Export,458,Malaysia,18771298718.368,Pre-COVID
2013,LNG (271111),Export,484,Mexico,61204.0,Pre-COVID
2013,LNG (271111),Export,508,Mozambique,103634651.331,Pre-COVID
2013,LNG (271111),Export,554,New Zealand,26067.876,Pre-COVID
2013,LNG (271111),Export,579,Norway,1487166597.589,Pre-COVID
2013,LNG (271111),Export,586,Pakistan,406.357,Pre-COVID
2013,LNG (271111),Export,604,Peru,1371835688.73,Pre-COVID
2013,LNG (271111),Export,620,Portugal,158102744.078,Pre-COVID
2013,LNG (271111),Export,643,Russian Federation,5510957607.0,Pre-COVID
2013,LNG (271111),Export,646,Rwanda,26826.474000000002,Pre-COVID
2013,LNG (271111),Export,690,Seychelles,4658.317,Pre-COVID
2013,LNG (271111),Export,699,India,105392834.54200001,Pre-COVID
2013,LNG (271111),Export,702,Singapore,332881.661,Pre-COVID
2013,LNG (271111),Export,710,South Africa,7799347.797,Pre-COVID
2013,LNG (271111),Export,724,Spain,1650370364.352,Pre-COVID
2013,LNG (271111),Export,729,Sudan,1212571.0,Pre-COVID
2013,LNG (271111),Export,748,Eswatini,15839.039999999999,Pre-COVID
2013,LNG (271111),Export,752,Sweden,14525203.751,Pre-COVID
2013,LNG (271111),Export,757,Switzerland,603.292,Pre-COVID
2013,LNG (271111),Export,764,Thailand,272926.0,Pre-COVID
2013,LNG (271111),Export,780,Trinidad and Tobago,3305163024.166,Pre-COVID
2013,LNG (271111),Export,804,Ukraine,1297.08,Pre-COVID
2013,LNG (271111),Export,818,Egypt,1277485833.993,Pre-COVID
2013,LNG (271111),Export,826,United Kingdom,1865864.437,Pre-COVID
2013,LNG (271111),Export,842,United States of America,202181613.0,Pre-COVID
2013,LNG (271111),Export,894,Zambia,22991.99,Pre-COVID
2013,LNG (271111),Import,31,Azerbaijan,3515.0,Pre-COVID
2013,LNG (271111),Import,32,Argentina,3590317851.0299997,Pre-COVID
2013,LNG (271111),Import,36,Australia,18401.859,Pre-COVID
2013,LNG (271111),Import,52,Barbados,60.0,Pre-COVID
2013,LNG (271111),Import,56,Belgium,1194624960.109,Pre-COVID
2013,LNG (271111),Import,70,Bosnia and Herzegovina,1.0,Pre-COVID
2013,LNG (271111),Import,72,Botswana,4321840.339,Pre-COVID
2013,LNG (271111),Import,76,Brazil,2976983568.0,Pre-COVID
2013,LNG (271111),Import,96,Brunei Darussalam,6514.5830000000005,Pre-COVID
2013,LNG (271111),Import,104,Myanmar,448288.05,Pre-COVID
2013,LNG (271111),Import,112,Belarus,8900.0,Pre-COVID
2013,LNG (271111),Import,120,Cameroon,4111.651,Pre-COVID
2013,LNG (271111),Import,124,Canada,320491353.533,Pre-COVID
2013,LNG (271111),Import,152,Chile,1000452007.8,Pre-COVID
2013,LNG (271111),Import,174,Comoros,185.34,Pre-COVID
2013,LNG (271111),Import,191,Croatia,1.0,Pre-COVID
2013,LNG (271111),Import,208,Denmark,1417524.7670000002,Pre-COVID
2013,LNG (271111),Import,214,Dominican Republic,246814787.784,Pre-COVID
2013,LNG (271111),Import,218,Ecuador,330.5,Pre-COVID
2013,LNG (271111),Import,231,Ethiopia,2928.3230000000003,Pre-COVID
2013,LNG (271111),Import,251,France and Monaco,3864215788.135,Pre-COVID
2013,LNG (271111),Import,268,Georgia,36.237,Pre-COVID
2013,LNG (271111),Import,270,Gambia,1816.483,Pre-COVID
2013,LNG (271111),Import,276,Germany,1361001.793,Pre-COVID
2013,LNG (271111),Import,288,Ghana,28183.119,Pre-COVID
2013,LNG (271111),Import,300,Greece,300164140.817,Pre-COVID
2013,LNG (271111),Import,352,Iceland,1101.425,Pre-COVID
2013,LNG (271111),Import,372,Ireland,646.485,Pre-COVID
2013,LNG (271111),Import,376,Israel,12000.0,Pre-COVID
2013,LNG (271111),Import,380,Italy,1687867088.539,Pre-COVID
2013,LNG (271111),Import,384,Côte d'Ivoire,49418.94500000001,Pre-COVID
2013,LNG (271111),Import,392,Japan,72407953158.038,Pre-COVID
2013,LNG (271111),Import,398,Kazakhstan,92.65,Pre-COVID
2013,LNG (271111),Import,400,Jordan,282356631.126,Pre-COVID
2013,LNG (271111),Import,410,Republic of Korea,30645106471.0,Pre-COVID
2013,LNG (271111),Import,426,Lesotho,15508364.501,Pre-COVID
2013,LNG (271111),Import,428,Latvia,142484.242,Pre-COVID
2013,LNG (271111),Import,440,Lithuania,46873.0,Pre-COVID
2013,LNG (271111),Import,442,Luxembourg,12750.164,Pre-COVID
2013,LNG (271111),Import,454,Malawi,41882.653,Pre-COVID
2013,LNG (271111),Import,458,Malaysia,863536396.669,Pre-COVID
2013,LNG (271111),Import,480,Mauritius,67.49,Pre-COVID
2013,LNG (271111),Import,484,Mexico,1525347480.0,Pre-COVID
2013,LNG (271111),Import,498,Republic of Moldova,12296.0,Pre-COVID
2013,LNG (271111),Import,504,Morocco,93.14,Pre-COVID
2013,LNG (271111),Import,528,Netherlands,391849921.194,Pre-COVID
2013,LNG (271111),Import,554,New Zealand,50904.857,Pre-COVID
2013,LNG (271111),Import,586,Pakistan,3580.288,Pre-COVID
2013,LNG (271111),Import,620,Portugal,734847578.957,Pre-COVID
2013,LNG (271111),Import,634,Qatar,20035.969,Pre-COVID
2013,LNG (271111),Import,643,Russian Federation,254.0,Pre-COVID
2013,LNG (271111),Import,646,Rwanda,1125231.7519999999,Pre-COVID
2013,LNG (271111),Import,678,Sao Tome and Principe,2838.332,Pre-COVID
2013,LNG (271111),Import,686,Senegal,1082623.044,Pre-COVID
2013,LNG (271111),Import,690,Seychelles,5941.492,Pre-COVID
2013,LNG (271111),Import,699,India,8270117880.818,Pre-COVID
2013,LNG (271111),Import,702,Singapore,92372372.369,Pre-COVID
2013,LNG (271111),Import,703,Slovakia,302663.66500000004,Pre-COVID
2013,LNG (271111),Import,710,South Africa,249619211.575,Pre-COVID
2013,LNG (271111),Import,716,Zimbabwe,49108.869999999995,Pre-COVID
2013,LNG (271111),Import,724,Spain,6580192608.477,Pre-COVID
2013,LNG (271111),Import,729,Sudan,1625.0,Pre-COVID
2013,LNG (271111),Import,748,Eswatini,1308744.811,Pre-COVID
2013,LNG (271111),Import,752,Sweden,23779450.15,Pre-COVID
2013,LNG (271111),Import,757,Switzerland,172589.16700000002,Pre-COVID
2013,LNG (271111),Import,764,Thailand,1231234725.0,Pre-COVID
2013,LNG (271111),Import,780,Trinidad and Tobago,11501.400000000001,Pre-COVID
2013,LNG (271111),Import,826,United Kingdom,3685155021.249,Pre-COVID
2013,LNG (271111),Import,842,United States of America,1207556844.0,Pre-COVID
2013,LNG (271111),Import,854,Burkina Faso,18596.949,Pre-COVID
2013,LNG (271111),Import,894,Zambia,93.422,Pre-COVID
2014,Gaseous NG (271121),Export,12,Algeria,10836137973.434,Pre-COVID
2014,Gaseous NG (271121),Export,31,Azerbaijan,304683995.01,Pre-COVID
2014,Gaseous NG (271121),Export,32,Argentina,53112416.46,Pre-COVID
2014,Gaseous NG (271121),Export,36,Australia,98881.3,Pre-COVID
2014,Gaseous NG (271121),Export,51,Armenia,8644108.001,Pre-COVID
2014,Gaseous NG (271121),Export,56,Belgium,6656058175.384,Pre-COVID
2014,Gaseous NG (271121),Export,68,Bolivia,6011097376.28,Pre-COVID
2014,Gaseous NG (271121),Export,72,Botswana,5164.245,Pre-COVID
2014,Gaseous NG (271121),Export,100,Bulgaria,1072883.835,Pre-COVID
2014,Gaseous NG (271121),Export,104,Myanmar,654875500.13,Pre-COVID
2014,Gaseous NG (271121),Export,124,Canada,14581097903.02,Pre-COVID
2014,Gaseous NG (271121),Export,170,Colombia,279443743.3,Pre-COVID
2014,Gaseous NG (271121),Export,191,Croatia,126030728.0,Pre-COVID
2014,Gaseous NG (271121),Export,203,Czechia,711234921.0,Pre-COVID
2014,Gaseous NG (271121),Export,231,Ethiopia,202.097,Pre-COVID
2014,Gaseous NG (271121),Export,242,Fiji,2574.666,Pre-COVID
2014,Gaseous NG (271121),Export,251,France and Monaco,2745674151.6219997,Pre-COVID
2014,Gaseous NG (271121),Export,276,Germany,7128279320.537,Pre-COVID
2014,Gaseous NG (271121),Export,288,Ghana,1440.317,Pre-COVID
2014,Gaseous NG (271121),Export,320,Guatemala,1619.0,Pre-COVID
2014,Gaseous NG (271121),Export,348,Hungary,275617332.0,Pre-COVID
2014,Gaseous NG (271121),Export,360,Indonesia,4744433138.0,Pre-COVID
2014,Gaseous NG (271121),Export,372,Ireland,1050.692,Pre-COVID
2014,Gaseous NG (271121),Export,380,Italy,95691595.247,Pre-COVID
2014,Gaseous NG (271121),Export,392,Japan,58500.873,Pre-COVID
2014,Gaseous NG (271121),Export,398,Kazakhstan,1883914788.07,Pre-COVID
2014,Gaseous NG (271121),Export,440,Lithuania,151560.0,Pre-COVID
2014,Gaseous NG (271121),Export,442,Luxembourg,142.737,Pre-COVID
2014,Gaseous NG (271121),Export,508,Mozambique,253456860.0,Pre-COVID
2014,Gaseous NG (271121),Export,579,Norway,33177860730.429,Pre-COVID
2014,Gaseous NG (271121),Export,604,Peru,104.0,Pre-COVID
2014,Gaseous NG (271121),Export,620,Portugal,6229175.871,Pre-COVID
2014,Gaseous NG (271121),Export,688,Serbia,3208923.0,Pre-COVID
2014,Gaseous NG (271121),Export,699,India,113910.255,Pre-COVID
2014,Gaseous NG (271121),Export,702,Singapore,492224.336,Pre-COVID
2014,Gaseous NG (271121),Export,705,Slovenia,163887021.728,Pre-COVID
2014,Gaseous NG (271121),Export,710,South Africa,305288.149,Pre-COVID
2014,Gaseous NG (271121),Export,724,Spain,19014.041,Pre-COVID
2014,Gaseous NG (271121),Export,748,Eswatini,1021.1750000000001,Pre-COVID
2014,Gaseous NG (271121),Export,752,Sweden,3762706.965,Pre-COVID
2014,Gaseous NG (271121),Export,757,Switzerland,6194.272,Pre-COVID
2014,Gaseous NG (271121),Export,764,Thailand,26709.533,Pre-COVID
2014,Gaseous NG (271121),Export,826,United Kingdom,3075200282.534,Pre-COVID
2014,Gaseous NG (271121),Export,842,United States of America,7323486950.0,Pre-COVID
2014,Gaseous NG (271121),Export,894,Zambia,1659.447,Pre-COVID
2014,Gaseous NG (271121),Import,32,Argentina,2431131089.95,Pre-COVID
2014,Gaseous NG (271121),Import,51,Armenia,463737662.9,Pre-COVID
2014,Gaseous NG (271121),Import,52,Barbados,658.5,Pre-COVID
2014,Gaseous NG (271121),Import,56,Belgium,10987017816.223,Pre-COVID
2014,Gaseous NG (271121),Import,70,Bosnia and Herzegovina,88733268.0,Pre-COVID
2014,Gaseous NG (271121),Import,72,Botswana,142139.562,Pre-COVID
2014,Gaseous NG (271121),Import,76,Brazil,4027857551.0,Pre-COVID
2014,Gaseous NG (271121),Import,100,Bulgaria,1000186908.939,Pre-COVID
2014,Gaseous NG (271121),Import,112,Belarus,3411018400.0,Pre-COVID
2014,Gaseous NG (271121),Import,124,Canada,4440989564.101,Pre-COVID
2014,Gaseous NG (271121),Import,152,Chile,5229753.68,Pre-COVID
2014,Gaseous NG (271121),Import,170,Colombia,72068.66,Pre-COVID
2014,Gaseous NG (271121),Import,174,Comoros,497.968,Pre-COVID
2014,Gaseous NG (271121),Import,178,Congo,37.104,Pre-COVID
2014,Gaseous NG (271121),Import,191,Croatia,401337922.0,Pre-COVID
2014,Gaseous NG (271121),Import,203,Czechia,2698154468.0,Pre-COVID
2014,Gaseous NG (271121),Import,218,Ecuador,830.7,Pre-COVID
2014,Gaseous NG (271121),Import,231,Ethiopia,2674.374,Pre-COVID
2014,Gaseous NG (271121),Import,233,Estonia,213239106.39499998,Pre-COVID
2014,Gaseous NG (271121),Import,242,Fiji,909.426,Pre-COVID
2014,Gaseous NG (271121),Import,246,Finland,1065216993.875,Pre-COVID
2014,Gaseous NG (271121),Import,251,France and Monaco,15742815537.451,Pre-COVID
2014,Gaseous NG (271121),Import,268,Georgia,355893253.0,Pre-COVID
2014,Gaseous NG (271121),Import,276,Germany,35858897913.705,Pre-COVID
2014,Gaseous NG (271121),Import,288,Ghana,240.656,Pre-COVID
2014,Gaseous NG (271121),Import,300,Greece,980399284.807,Pre-COVID
2014,Gaseous NG (271121),Import,344,China Hong Kong,1119285731.137,Pre-COVID
2014,Gaseous NG (271121),Import,348,Hungary,3829041175.0,Pre-COVID
2014,Gaseous NG (271121),Import,360,Indonesia,580.0,Pre-COVID
2014,Gaseous NG (271121),Import,372,Ireland,1628631568.271,Pre-COVID
2014,Gaseous NG (271121),Import,376,Israel,89470000.0,Pre-COVID
2014,Gaseous NG (271121),Import,380,Italy,19252456618.264,Pre-COVID
2014,Gaseous NG (271121),Import,384,Côte d'Ivoire,81.553,Pre-COVID
2014,Gaseous NG (271121),Import,392,Japan,15752.443,Pre-COVID
2014,Gaseous NG (271121),Import,398,Kazakhstan,370442055.97,Pre-COVID
2014,Gaseous NG (271121),Import,410,Republic of Korea,38503.0,Pre-COVID
2014,Gaseous NG (271121),Import,417,Kyrgyzstan,109829702.0,Pre-COVID
2014,Gaseous NG (271121),Import,426,Lesotho,31151.417,Pre-COVID
2014,Gaseous NG (271121),Import,428,Latvia,487946234.474,Pre-COVID
2014,Gaseous NG (271121),Import,440,Lithuania,1098969420.0,Pre-COVID
2014,Gaseous NG (271121),Import,454,Malawi,50033.151,Pre-COVID
2014,Gaseous NG (271121),Import,458,Malaysia,598569301.304,Pre-COVID
2014,Gaseous NG (271121),Import,480,Mauritius,10834.969000000001,Pre-COVID
2014,Gaseous NG (271121),Import,499,Montenegro,952329.838,Pre-COVID
2014,Gaseous NG (271121),Import,500,Montserrat,108.152,Pre-COVID
2014,Gaseous NG (271121),Import,508,Mozambique,4820.0,Pre-COVID
2014,Gaseous NG (271121),Import,540,New Caledonia,4244.518,Pre-COVID
2014,Gaseous NG (271121),Import,554,New Zealand,15948.96,Pre-COVID
2014,Gaseous NG (271121),Import,562,Niger,3194.0460000000003,Pre-COVID
2014,Gaseous NG (271121),Import,586,Pakistan,4869.414,Pre-COVID
2014,Gaseous NG (271121),Import,604,Peru,2115.2,Pre-COVID
2014,Gaseous NG (271121),Import,620,Portugal,1314600962.043,Pre-COVID
2014,Gaseous NG (271121),Import,634,Qatar,243205.122,Pre-COVID
2014,Gaseous NG (271121),Import,642,Romania,221723325.02,Pre-COVID
2014,Gaseous NG (271121),Import,646,Rwanda,100.892,Pre-COVID
2014,Gaseous NG (271121),Import,688,Serbia,630852624.0,Pre-COVID
2014,Gaseous NG (271121),Import,699,India,359.083,Pre-COVID
2014,Gaseous NG (271121),Import,702,Singapore,5046258197.245,Pre-COVID
2014,Gaseous NG (271121),Import,703,Slovakia,1665494617.28,Pre-COVID
2014,Gaseous NG (271121),Import,705,Slovenia,466286272.828,Pre-COVID
2014,Gaseous NG (271121),Import,710,South Africa,425.40200000000004,Pre-COVID
2014,Gaseous NG (271121),Import,724,Spain,6608710704.954,Pre-COVID
2014,Gaseous NG (271121),Import,729,Sudan,688.0,Pre-COVID
2014,Gaseous NG (271121),Import,748,Eswatini,197.974,Pre-COVID
2014,Gaseous NG (271121),Import,752,Sweden,323805827.451,Pre-COVID
2014,Gaseous NG (271121),Import,757,Switzerland,1465080500.467,Pre-COVID
2014,Gaseous NG (271121),Import,764,Thailand,3539726683.543,Pre-COVID
2014,Gaseous NG (271121),Import,780,Trinidad and Tobago,60388.609000000004,Pre-COVID
2014,Gaseous NG (271121),Import,804,Ukraine,5669100800.0,Pre-COVID
2014,Gaseous NG (271121),Import,807,North Macedonia,63716346.695999995,Pre-COVID
2014,Gaseous NG (271121),Import,826,United Kingdom,5576397668.93,Pre-COVID
2014,Gaseous NG (271121),Import,842,United States of America,12630841340.0,Pre-COVID
2014,Gaseous NG (271121),Import,858,Uruguay,15580116.86,Pre-COVID
2014,Gaseous NG (271121),Import,882,Samoa,42774.923,Pre-COVID
2014,Gaseous NG (271121),Import,894,Zambia,4460.025000000001,Pre-COVID
2014,LNG (271111),Export,12,Algeria,7305211698.028,Pre-COVID
2014,LNG (271111),Export,32,Argentina,67.5,Pre-COVID
2014,LNG (271111),Export,36,Australia,16443961638.65,Pre-COVID
2014,LNG (271111),Export,56,Belgium,605631668.785,Pre-COVID
2014,LNG (271111),Export,72,Botswana,44791.981,Pre-COVID
2014,LNG (271111),Export,76,Brazil,51061800.0,Pre-COVID
2014,LNG (271111),Export,104,Myanmar,3830797371.85,Pre-COVID
2014,LNG (271111),Export,124,Canada,28673182.185,Pre-COVID
2014,LNG (271111),Export,214,Dominican Republic,717027.532,Pre-COVID
2014,LNG (271111),Export,231,Ethiopia,24.525,Pre-COVID
2014,LNG (271111),Export,251,France and Monaco,236079703.514,Pre-COVID
2014,LNG (271111),Export,276,Germany,87147.306,Pre-COVID
2014,LNG (271111),Export,288,Ghana,6384.048,Pre-COVID
2014,LNG (271111),Export,360,Indonesia,10027828014.0,Pre-COVID
2014,LNG (271111),Export,380,Italy,45135.523,Pre-COVID
2014,LNG (271111),Export,384,Côte d'Ivoire,407.989,Pre-COVID
2014,LNG (271111),Export,392,Japan,2648.3,Pre-COVID
2014,LNG (271111),Export,410,Republic of Korea,6045.0,Pre-COVID
2014,LNG (271111),Export,426,Lesotho,71458.431,Pre-COVID
2014,LNG (271111),Export,442,Luxembourg,3777.54,Pre-COVID
2014,LNG (271111),Export,458,Malaysia,18347065643.631,Pre-COVID
2014,LNG (271111),Export,480,Mauritius,214.721,Pre-COVID
2014,LNG (271111),Export,508,Mozambique,295333240.534,Pre-COVID
2014,LNG (271111),Export,528,Netherlands,199307431.00599998,Pre-COVID
2014,LNG (271111),Export,554,New Zealand,67.647,Pre-COVID
2014,LNG (271111),Export,579,Norway,2265596553.221,Pre-COVID
2014,LNG (271111),Export,604,Peru,786361997.65,Pre-COVID
2014,LNG (271111),Export,608,Philippines,52412.0,Pre-COVID
2014,LNG (271111),Export,643,Russian Federation,5243510940.0,Pre-COVID
2014,LNG (271111),Export,699,India,8654243.322,Pre-COVID
2014,LNG (271111),Export,702,Singapore,3220.8360000000002,Pre-COVID
2014,LNG (271111),Export,710,South Africa,11576550.791,Pre-COVID
2014,LNG (271111),Export,724,Spain,2597788588.278,Pre-COVID
2014,LNG (271111),Export,729,Sudan,464507.39999999997,Pre-COVID
2014,LNG (271111),Export,748,Eswatini,497.114,Pre-COVID
2014,LNG (271111),Export,752,Sweden,14688566.42,Pre-COVID
2014,LNG (271111),Export,757,Switzerland,58.128,Pre-COVID
2014,LNG (271111),Export,764,Thailand,98809.918,Pre-COVID
2014,LNG (271111),Export,780,Trinidad and Tobago,3110806939.655,Pre-COVID
2014,LNG (271111),Export,788,Tunisia,24961.244,Pre-COVID
2014,LNG (271111),Export,804,Ukraine,2877.2200000000003,Pre-COVID
2014,LNG (271111),Export,818,Egypt,131583752.62300001,Pre-COVID
2014,LNG (271111),Export,826,United Kingdom,138029.937,Pre-COVID
2014,LNG (271111),Export,842,United States of America,456425533.0,Pre-COVID
2014,LNG (271111),Export,894,Zambia,29104.518,Pre-COVID
2014,LNG (271111),Import,12,Algeria,18805523.625,Pre-COVID
2014,LNG (271111),Import,32,Argentina,3460365091.45,Pre-COVID
2014,LNG (271111),Import,36,Australia,86549.13900000001,Pre-COVID
2014,LNG (271111),Import,52,Barbados,282.0,Pre-COVID
2014,LNG (271111),Import,56,Belgium,870827337.131,Pre-COVID
2014,LNG (271111),Import,72,Botswana,4781476.067,Pre-COVID
2014,LNG (271111),Import,76,Brazil,3259725740.0,Pre-COVID
2014,LNG (271111),Import,104,Myanmar,346526.56,Pre-COVID
2014,LNG (271111),Import,112,Belarus,400.0,Pre-COVID
2014,LNG (271111),Import,124,Canada,463975090.515,Pre-COVID
2014,LNG (271111),Import,152,Chile,1154048204.84,Pre-COVID
2014,LNG (271111),Import,174,Comoros,10766.622,Pre-COVID
2014,LNG (271111),Import,178,Congo,12229.471000000001,Pre-COVID
2014,LNG (271111),Import,208,Denmark,93840.799,Pre-COVID
2014,LNG (271111),Import,214,Dominican Republic,321694681.03900003,Pre-COVID
2014,LNG (271111),Import,218,Ecuador,11118.61,Pre-COVID
2014,LNG (271111),Import,233,Estonia,159733.732,Pre-COVID
2014,LNG (271111),Import,251,France and Monaco,2656485905.199,Pre-COVID
2014,LNG (271111),Import,258,French Polynesia,49.443,Pre-COVID
2014,LNG (271111),Import,268,Georgia,27.85,Pre-COVID
2014,LNG (271111),Import,270,Gambia,2621.172,Pre-COVID
2014,LNG (271111),Import,276,Germany,7163651.389,Pre-COVID
2014,LNG (271111),Import,288,Ghana,2555.265,Pre-COVID
2014,LNG (271111),Import,300,Greece,308793013.14199996,Pre-COVID
2014,LNG (271111),Import,352,Iceland,8913.947,Pre-COVID
2014,LNG (271111),Import,372,Ireland,30629.131,Pre-COVID
2014,LNG (271111),Import,380,Italy,1497588137.116,Pre-COVID
2014,LNG (271111),Import,384,Côte d'Ivoire,7591.585999999999,Pre-COVID
2014,LNG (271111),Import,392,Japan,74760403486.068,Pre-COVID
2014,LNG (271111),Import,398,Kazakhstan,5925.0,Pre-COVID
2014,LNG (271111),Import,410,Republic of Korea,31423901138.0,Pre-COVID
2014,LNG (271111),Import,426,Lesotho,17994244.601,Pre-COVID
2014,LNG (271111),Import,440,Lithuania,26744166.0,Pre-COVID
2014,LNG (271111),Import,442,Luxembourg,686947.468,Pre-COVID
2014,LNG (271111),Import,454,Malawi,974.251,Pre-COVID
2014,LNG (271111),Import,458,Malaysia,1288135227.804,Pre-COVID
2014,LNG (271111),Import,480,Mauritius,325.956,Pre-COVID
2014,LNG (271111),Import,498,Republic of Moldova,1098.0,Pre-COVID
2014,LNG (271111),Import,499,Montenegro,22.701,Pre-COVID
2014,LNG (271111),Import,508,Mozambique,6440.0,Pre-COVID
2014,LNG (271111),Import,528,Netherlands,412591271.792,Pre-COVID
2014,LNG (271111),Import,540,New Caledonia,217.699,Pre-COVID
2014,LNG (271111),Import,554,New Zealand,75403.17,Pre-COVID
2014,LNG (271111),Import,562,Niger,12241.319,Pre-COVID
2014,LNG (271111),Import,579,Norway,13207.881,Pre-COVID
2014,LNG (271111),Import,586,Pakistan,167.226,Pre-COVID
2014,LNG (271111),Import,620,Portugal,470560649.422,Pre-COVID
2014,LNG (271111),Import,634,Qatar,49396.477,Pre-COVID
2014,LNG (271111),Import,643,Russian Federation,253.0,Pre-COVID
2014,LNG (271111),Import,646,Rwanda,1010697.861,Pre-COVID
2014,LNG (271111),Import,688,Serbia,7443.0,Pre-COVID
2014,LNG (271111),Import,690,Seychelles,4492.669,Pre-COVID
2014,LNG (271111),Import,699,India,9891192134.734,Pre-COVID
2014,LNG (271111),Import,702,Singapore,1491701243.98,Pre-COVID
2014,LNG (271111),Import,703,Slovakia,2490166.381,Pre-COVID
2014,LNG (271111),Import,710,South Africa,384909209.25,Pre-COVID
2014,LNG (271111),Import,716,Zimbabwe,56634.42,Pre-COVID
2014,LNG (271111),Import,724,Spain,6441313923.113,Pre-COVID
2014,LNG (271111),Import,729,Sudan,90.0,Pre-COVID
2014,LNG (271111),Import,748,Eswatini,2403508.54,Pre-COVID
2014,LNG (271111),Import,752,Sweden,85031857.687,Pre-COVID
2014,LNG (271111),Import,757,Switzerland,340614.173,Pre-COVID
2014,LNG (271111),Import,764,Thailand,1089796508.834,Pre-COVID
2014,LNG (271111),Import,780,Trinidad and Tobago,11795.917,Pre-COVID
2014,LNG (271111),Import,818,Egypt,2713.926,Pre-COVID
2014,LNG (271111),Import,826,United Kingdom,3110301849.014,Pre-COVID
2014,LNG (271111),Import,842,United States of America,1190631055.0,Pre-COVID
2014,LNG (271111),Import,854,Burkina Faso,8902.896,Pre-COVID
2014,LNG (271111),Import,882,Samoa,43959.004,Pre-COVID
2014,LNG (271111),Import,894,Zambia,2255.016,Pre-COVID
2015,Gaseous NG (271121),Export,12,Algeria,7187790339.703,Pre-COVID
2015,Gaseous NG (271121),Export,31,Azerbaijan,200739680.59,Pre-COVID
2015,Gaseous NG (271121),Export,32,Argentina,44485580.519999996,Pre-COVID
2015,Gaseous NG (271121),Export,36,Australia,7851.519,Pre-COVID
2015,Gaseous NG (271121),Export,51,Armenia,14556985.0,Pre-COVID
2015,Gaseous NG (271121),Export,56,Belgium,5415049312.336,Pre-COVID
2015,Gaseous NG (271121),Export,68,Bolivia,3770379315.35,Pre-COVID
2015,Gaseous NG (271121),Export,72,Botswana,748.347,Pre-COVID
2015,Gaseous NG (271121),Export,100,Bulgaria,967640.0719999999,Pre-COVID
2015,Gaseous NG (271121),Export,104,Myanmar,133242555.985,Pre-COVID
2015,Gaseous NG (271121),Export,124,Canada,8427771574.864,Pre-COVID
2015,Gaseous NG (271121),Export,170,Colombia,8167526.02,Pre-COVID
2015,Gaseous NG (271121),Export,191,Croatia,80552463.0,Pre-COVID
2015,Gaseous NG (271121),Export,203,Czechia,1411212050.0,Pre-COVID
2015,Gaseous NG (271121),Export,214,Dominican Republic,835.899,Pre-COVID
2015,Gaseous NG (271121),Export,218,Ecuador,7200.0,Pre-COVID
2015,Gaseous NG (271121),Export,242,Fiji,49508.772,Pre-COVID
2015,Gaseous NG (271121),Export,251,France and Monaco,1564470128.086,Pre-COVID
2015,Gaseous NG (271121),Export,268,Georgia,18902079.0,Pre-COVID
2015,Gaseous NG (271121),Export,276,Germany,9326657707.867,Pre-COVID
2015,Gaseous NG (271121),Export,320,Guatemala,5.0,Pre-COVID
2015,Gaseous NG (271121),Export,344,China Hong Kong,11812.301,Pre-COVID
2015,Gaseous NG (271121),Export,348,Hungary,124293915.0,Pre-COVID
2015,Gaseous NG (271121),Export,360,Indonesia,2971636977.0,Pre-COVID
2015,Gaseous NG (271121),Export,380,Italy,65352813.133,Pre-COVID
2015,Gaseous NG (271121),Export,392,Japan,56133.904,Pre-COVID
2015,Gaseous NG (271121),Export,398,Kazakhstan,1745528842.66,Pre-COVID
2015,Gaseous NG (271121),Export,410,Republic of Korea,11630.0,Pre-COVID
2015,Gaseous NG (271121),Export,414,Kuwait,198.737,Pre-COVID
2015,Gaseous NG (271121),Export,426,Lesotho,11821.014,Pre-COVID
2015,Gaseous NG (271121),Export,440,Lithuania,17766256.0,Pre-COVID
2015,Gaseous NG (271121),Export,528,Netherlands,7049.117,Pre-COVID
2015,Gaseous NG (271121),Export,579,Norway,26076260119.043,Pre-COVID
2015,Gaseous NG (271121),Export,604,Peru,4.0,Pre-COVID
2015,Gaseous NG (271121),Export,642,Romania,240913.97499999998,Pre-COVID
2015,Gaseous NG (271121),Export,646,Rwanda,3479.924,Pre-COVID
2015,Gaseous NG (271121),Export,688,Serbia,3337334.0,Pre-COVID
2015,Gaseous NG (271121),Export,699,India,114983.715,Pre-COVID
2015,Gaseous NG (271121),Export,702,Singapore,476586.96599999996,Pre-COVID
2015,Gaseous NG (271121),Export,705,Slovenia,158574198.087,Pre-COVID
2015,Gaseous NG (271121),Export,710,South Africa,241651.599,Pre-COVID
2015,Gaseous NG (271121),Export,724,Spain,996106.864,Pre-COVID
2015,Gaseous NG (271121),Export,752,Sweden,4362551.736,Pre-COVID
2015,Gaseous NG (271121),Export,757,Switzerland,22712.484,Pre-COVID
2015,Gaseous NG (271121),Export,764,Thailand,49236.15,Pre-COVID
2015,Gaseous NG (271121),Export,780,Trinidad and Tobago,50.065,Pre-COVID
2015,Gaseous NG (271121),Export,800,Uganda,4154.84,Pre-COVID
2015,Gaseous NG (271121),Export,826,United Kingdom,3374588206.492,Pre-COVID
2015,Gaseous NG (271121),Export,834,Tanzania,25122.98,Pre-COVID
2015,Gaseous NG (271121),Export,842,United States of America,4391446682.0,Pre-COVID
2015,Gaseous NG (271121),Export,894,Zambia,14497.024,Pre-COVID
2015,Gaseous NG (271121),Import,24,Angola,6777.42,Pre-COVID
2015,Gaseous NG (271121),Import,31,Azerbaijan,2360166.2,Pre-COVID
2015,Gaseous NG (271121),Import,32,Argentina,1382860813.05,Pre-COVID
2015,Gaseous NG (271121),Import,48,Bahrain,3204.41,Pre-COVID
2015,Gaseous NG (271121),Import,51,Armenia,429468310.81,Pre-COVID
2015,Gaseous NG (271121),Import,56,Belgium,8613770865.998,Pre-COVID
2015,Gaseous NG (271121),Import,70,Bosnia and Herzegovina,78877378.0,Pre-COVID
2015,Gaseous NG (271121),Import,72,Botswana,191244.638,Pre-COVID
2015,Gaseous NG (271121),Import,76,Brazil,2752505498.0,Pre-COVID
2015,Gaseous NG (271121),Import,90,Solomon Islands,3899.704,Pre-COVID
2015,Gaseous NG (271121),Import,96,Brunei Darussalam,100.493,Pre-COVID
2015,Gaseous NG (271121),Import,100,Bulgaria,783674690.348,Pre-COVID
2015,Gaseous NG (271121),Import,104,Myanmar,75038.54000000001,Pre-COVID
2015,Gaseous NG (271121),Import,112,Belarus,2714812000.0,Pre-COVID
2015,Gaseous NG (271121),Import,116,Cambodia,226242.36,Pre-COVID
2015,Gaseous NG (271121),Import,124,Canada,2330383350.453,Pre-COVID
2015,Gaseous NG (271121),Import,152,Chile,1638933.48,Pre-COVID
2015,Gaseous NG (271121),Import,170,Colombia,3050.37,Pre-COVID
2015,Gaseous NG (271121),Import,178,Congo,17479.062,Pre-COVID
2015,Gaseous NG (271121),Import,180,Democratic Republic of the Congo,25442.17,Pre-COVID
2015,Gaseous NG (271121),Import,191,Croatia,285852406.0,Pre-COVID
2015,Gaseous NG (271121),Import,203,Czechia,2465690380.0,Pre-COVID
2015,Gaseous NG (271121),Import,208,Denmark,96535986.235,Pre-COVID
2015,Gaseous NG (271121),Import,214,Dominican Republic,283.41200000000003,Pre-COVID
2015,Gaseous NG (271121),Import,218,Ecuador,243.43,Pre-COVID
2015,Gaseous NG (271121),Import,231,Ethiopia,20274.845999999998,Pre-COVID
2015,Gaseous NG (271121),Import,233,Estonia,144075055.415,Pre-COVID
2015,Gaseous NG (271121),Import,246,Finland,593649237.665,Pre-COVID
2015,Gaseous NG (271121),Import,251,France and Monaco,11024048277.261,Pre-COVID
2015,Gaseous NG (271121),Import,268,Georgia,409497940.0,Pre-COVID
2015,Gaseous NG (271121),Import,270,Gambia,441.427,Pre-COVID
2015,Gaseous NG (271121),Import,276,Germany,31314517882.350998,Pre-COVID
2015,Gaseous NG (271121),Import,288,Ghana,319423.324,Pre-COVID
2015,Gaseous NG (271121),Import,300,Greece,655347579.638,Pre-COVID
2015,Gaseous NG (271121),Import,344,China Hong Kong,1520628271.141,Pre-COVID
2015,Gaseous NG (271121),Import,348,Hungary,2124753380.0,Pre-COVID
2015,Gaseous NG (271121),Import,360,Indonesia,3422.0,Pre-COVID
2015,Gaseous NG (271121),Import,372,Ireland,1233315648.151,Pre-COVID
2015,Gaseous NG (271121),Import,376,Israel,117002000.0,Pre-COVID
2015,Gaseous NG (271121),Import,380,Italy,14825099825.522,Pre-COVID
2015,Gaseous NG (271121),Import,398,Kazakhstan,439016906.40000004,Pre-COVID
2015,Gaseous NG (271121),Import,410,Republic of Korea,70182.0,Pre-COVID
2015,Gaseous NG (271121),Import,417,Kyrgyzstan,40245574.0,Pre-COVID
2015,Gaseous NG (271121),Import,418,Lao People's Democratic Republic,226242.36,Pre-COVID
2015,Gaseous NG (271121),Import,426,Lesotho,85132.576,Pre-COVID
2015,Gaseous NG (271121),Import,428,Latvia,345214361.031,Pre-COVID
2015,Gaseous NG (271121),Import,440,Lithuania,659744852.0,Pre-COVID
2015,Gaseous NG (271121),Import,454,Malawi,132501.281,Pre-COVID
2015,Gaseous NG (271121),Import,458,Malaysia,327557859.13199997,Pre-COVID
2015,Gaseous NG (271121),Import,480,Mauritius,4335.994,Pre-COVID
2015,Gaseous NG (271121),Import,484,Mexico,2958265496.0,Pre-COVID
2015,Gaseous NG (271121),Import,499,Montenegro,2403411.569,Pre-COVID
2015,Gaseous NG (271121),Import,504,Morocco,300727976.203,Pre-COVID
2015,Gaseous NG (271121),Import,508,Mozambique,1442.2990000000002,Pre-COVID
2015,Gaseous NG (271121),Import,512,Oman,19890.766,Pre-COVID
2015,Gaseous NG (271121),Import,528,Netherlands,1646626.794,Pre-COVID
2015,Gaseous NG (271121),Import,585,Palau,159.47,Pre-COVID
2015,Gaseous NG (271121),Import,586,Pakistan,2083.109,Pre-COVID
2015,Gaseous NG (271121),Import,604,Peru,4479.89,Pre-COVID
2015,Gaseous NG (271121),Import,620,Portugal,931426479.14,Pre-COVID
2015,Gaseous NG (271121),Import,634,Qatar,603610.362,Pre-COVID
2015,Gaseous NG (271121),Import,642,Romania,59120640.469000004,Pre-COVID
2015,Gaseous NG (271121),Import,646,Rwanda,1650.881,Pre-COVID
2015,Gaseous NG (271121),Import,688,Serbia,979750400.0,Pre-COVID
2015,Gaseous NG (271121),Import,699,India,5764.957,Pre-COVID
2015,Gaseous NG (271121),Import,702,Singapore,2597669640.495,Pre-COVID
2015,Gaseous NG (271121),Import,703,Slovakia,1621899891.125,Pre-COVID
2015,Gaseous NG (271121),Import,704,Vietnam,52347.193,Pre-COVID
2015,Gaseous NG (271121),Import,705,Slovenia,389655557.106,Pre-COVID
2015,Gaseous NG (271121),Import,710,South Africa,5810.909,Pre-COVID
2015,Gaseous NG (271121),Import,716,Zimbabwe,6192.51,Pre-COVID
2015,Gaseous NG (271121),Import,724,Spain,4745490883.98,Pre-COVID
2015,Gaseous NG (271121),Import,729,Sudan,165.0,Pre-COVID
2015,Gaseous NG (271121),Import,748,Eswatini,857.7350000000001,Pre-COVID
2015,Gaseous NG (271121),Import,752,Sweden,225947370.265,Pre-COVID
2015,Gaseous NG (271121),Import,757,Switzerland,1097641148.974,Pre-COVID
2015,Gaseous NG (271121),Import,764,Thailand,3272545320.31,Pre-COVID
2015,Gaseous NG (271121),Import,780,Trinidad and Tobago,29853.042,Pre-COVID
2015,Gaseous NG (271121),Import,804,Ukraine,986989500.0,Pre-COVID
2015,Gaseous NG (271121),Import,807,North Macedonia,49473731.26,Pre-COVID
2015,Gaseous NG (271121),Import,826,United Kingdom,7075073280.411,Pre-COVID
2015,Gaseous NG (271121),Import,842,United States of America,8413730862.0,Pre-COVID
2015,Gaseous NG (271121),Import,858,Uruguay,1952996.08,Pre-COVID
2015,Gaseous NG (271121),Import,882,Samoa,9012.072,Pre-COVID
2015,Gaseous NG (271121),Import,894,Zambia,57.25,Pre-COVID
2015,LNG (271111),Export,12,Algeria,4682407670.512,Pre-COVID
2015,LNG (271111),Export,32,Argentina,2409.46,Pre-COVID
2015,LNG (271111),Export,36,Australia,12553910329.802,Pre-COVID
2015,LNG (271111),Export,56,Belgium,244818828.568,Pre-COVID
2015,LNG (271111),Export,72,Botswana,70309.546,Pre-COVID
2015,LNG (271111),Export,76,Brazil,560459.0,Pre-COVID
2015,LNG (271111),Export,96,Brunei Darussalam,3538509484.552,Pre-COVID
2015,LNG (271111),Export,104,Myanmar,4640703331.877,Pre-COVID
2015,LNG (271111),Export,214,Dominican Republic,508912.82,Pre-COVID
2015,LNG (271111),Export,233,Estonia,16.169,Pre-COVID
2015,LNG (271111),Export,251,France and Monaco,116294487.81899999,Pre-COVID
2015,LNG (271111),Export,268,Georgia,2640.0,Pre-COVID
2015,LNG (271111),Export,276,Germany,356357.733,Pre-COVID
2015,LNG (271111),Export,288,Ghana,90080.755,Pre-COVID
2015,LNG (271111),Export,300,Greece,56.358,Pre-COVID
2015,LNG (271111),Export,308,Grenada,35498.853,Pre-COVID
2015,LNG (271111),Export,360,Indonesia,7356929527.86,Pre-COVID
2015,LNG (271111),Export,380,Italy,3226078.513,Pre-COVID
2015,LNG (271111),Export,384,Côte d'Ivoire,46.263,Pre-COVID
2015,LNG (271111),Export,398,Kazakhstan,1223923.17,Pre-COVID
2015,LNG (271111),Export,410,Republic of Korea,17200.0,Pre-COVID
2015,LNG (271111),Export,426,Lesotho,36968.641,Pre-COVID
2015,LNG (271111),Export,442,Luxembourg,1850.358,Pre-COVID
2015,LNG (271111),Export,454,Malawi,10143.559,Pre-COVID
2015,LNG (271111),Export,458,Malaysia,12168071052.644001,Pre-COVID
2015,LNG (271111),Export,508,Mozambique,231051636.55,Pre-COVID
2015,LNG (271111),Export,512,Oman,210944931.158,Pre-COVID
2015,LNG (271111),Export,528,Netherlands,273010397.991,Pre-COVID
2015,LNG (271111),Export,554,New Zealand,511389.977,Pre-COVID
2015,LNG (271111),Export,579,Norway,1320648168.806,Pre-COVID
2015,LNG (271111),Export,604,Peru,449075246.97,Pre-COVID
2015,LNG (271111),Export,608,Philippines,46658.0,Pre-COVID
2015,LNG (271111),Export,642,Romania,11.15,Pre-COVID
2015,LNG (271111),Export,643,Russian Federation,4546148086.0,Pre-COVID
2015,LNG (271111),Export,646,Rwanda,28446.076,Pre-COVID
2015,LNG (271111),Export,682,Saudi Arabia,1186074907.402,Pre-COVID
2015,LNG (271111),Export,699,India,125153928.793,Pre-COVID
2015,LNG (271111),Export,702,Singapore,95198624.244,Pre-COVID
2015,LNG (271111),Export,704,Vietnam,2445.95,Pre-COVID
2015,LNG (271111),Export,710,South Africa,8986072.522,Pre-COVID
2015,LNG (271111),Export,724,Spain,450884977.409,Pre-COVID
2015,LNG (271111),Export,729,Sudan,1080378.58,Pre-COVID
2015,LNG (271111),Export,748,Eswatini,540.662,Pre-COVID
2015,LNG (271111),Export,752,Sweden,13053135.498,Pre-COVID
2015,LNG (271111),Export,757,Switzerland,545.398,Pre-COVID
2015,LNG (271111),Export,764,Thailand,144922.47,Pre-COVID
2015,LNG (271111),Export,780,Trinidad and Tobago,2827598638.805,Pre-COVID
2015,LNG (271111),Export,800,Uganda,3590.71,Pre-COVID
2015,LNG (271111),Export,818,Egypt,42723572.54,Pre-COVID
2015,LNG (271111),Export,826,United Kingdom,72179326.29,Pre-COVID
2015,LNG (271111),Export,834,Tanzania,33361.084,Pre-COVID
2015,LNG (271111),Export,842,United States of America,383641929.0,Pre-COVID
2015,LNG (271111),Export,894,Zambia,2495.195,Pre-COVID
2015,LNG (271111),Import,12,Algeria,15762.07,Pre-COVID
2015,LNG (271111),Import,24,Angola,5360.889999999999,Pre-COVID
2015,LNG (271111),Import,31,Azerbaijan,32.0,Pre-COVID
2015,LNG (271111),Import,32,Argentina,2169238424.02,Pre-COVID
2015,LNG (271111),Import,36,Australia,29876282.513,Pre-COVID
2015,LNG (271111),Import,52,Barbados,41278.0,Pre-COVID
2015,LNG (271111),Import,56,Belgium,892828581.09,Pre-COVID
2015,LNG (271111),Import,72,Botswana,3968293.393,Pre-COVID
2015,LNG (271111),Import,76,Brazil,2891395607.0,Pre-COVID
2015,LNG (271111),Import,90,Solomon Islands,28172.451,Pre-COVID
2015,LNG (271111),Import,96,Brunei Darussalam,3171.913,Pre-COVID
2015,LNG (271111),Import,100,Bulgaria,98355921.051,Pre-COVID
2015,LNG (271111),Import,104,Myanmar,38629.31,Pre-COVID
2015,LNG (271111),Import,112,Belarus,1400.0,Pre-COVID
2015,LNG (271111),Import,116,Cambodia,208288.0,Pre-COVID
2015,LNG (271111),Import,124,Canada,162239585.844,Pre-COVID
2015,LNG (271111),Import,132,Cape Verde,126.782,Pre-COVID
2015,LNG (271111),Import,152,Chile,800992505.82,Pre-COVID
2015,LNG (271111),Import,174,Comoros,660.191,Pre-COVID
2015,LNG (271111),Import,178,Congo,8333.529999999999,Pre-COVID
2015,LNG (271111),Import,180,Democratic Republic of the Congo,29.591,Pre-COVID
2015,LNG (271111),Import,191,Croatia,12277182.0,Pre-COVID
2015,LNG (271111),Import,203,Czechia,13773.0,Pre-COVID
2015,LNG (271111),Import,208,Denmark,338375.779,Pre-COVID
2015,LNG (271111),Import,214,Dominican Republic,182540800.498,Pre-COVID
2015,LNG (271111),Import,233,Estonia,271850.0,Pre-COVID
2015,LNG (271111),Import,251,France and Monaco,1911385271.473,Pre-COVID
2015,LNG (271111),Import,258,French Polynesia,533.629,Pre-COVID
2015,LNG (271111),Import,270,Gambia,1921.4850000000001,Pre-COVID
2015,LNG (271111),Import,276,Germany,13654606.851,Pre-COVID
2015,LNG (271111),Import,288,Ghana,22211.810999999998,Pre-COVID
2015,LNG (271111),Import,300,Greece,150441078.68,Pre-COVID
2015,LNG (271111),Import,308,Grenada,36442.927,Pre-COVID
2015,LNG (271111),Import,320,Guatemala,83.0,Pre-COVID
2015,LNG (271111),Import,328,Guyana,9127.116,Pre-COVID
2015,LNG (271111),Import,344,China Hong Kong,1610.061,Pre-COVID
2015,LNG (271111),Import,352,Iceland,3095.762,Pre-COVID
2015,LNG (271111),Import,372,Ireland,3294244.888,Pre-COVID
2015,LNG (271111),Import,376,Israel,1000.0,Pre-COVID
2015,LNG (271111),Import,380,Italy,1401165909.6729999,Pre-COVID
2015,LNG (271111),Import,384,Côte d'Ivoire,18450.666,Pre-COVID
2015,LNG (271111),Import,392,Japan,45776443089.476,Pre-COVID
2015,LNG (271111),Import,410,Republic of Korea,18779095362.0,Pre-COVID
2015,LNG (271111),Import,414,Kuwait,13258.260999999999,Pre-COVID
2015,LNG (271111),Import,417,Kyrgyzstan,128640.0,Pre-COVID
2015,LNG (271111),Import,418,Lao People's Democratic Republic,208288.0,Pre-COVID
2015,LNG (271111),Import,426,Lesotho,4921968.669,Pre-COVID
2015,LNG (271111),Import,440,Lithuania,182086029.0,Pre-COVID
2015,LNG (271111),Import,442,Luxembourg,31482.571,Pre-COVID
2015,LNG (271111),Import,454,Malawi,2585.807,Pre-COVID
2015,LNG (271111),Import,458,Malaysia,731750346.318,Pre-COVID
2015,LNG (271111),Import,480,Mauritius,82.217,Pre-COVID
2015,LNG (271111),Import,484,Mexico,107239685.0,Pre-COVID
2015,LNG (271111),Import,504,Morocco,223.17,Pre-COVID
2015,LNG (271111),Import,508,Mozambique,3368491.244,Pre-COVID
2015,LNG (271111),Import,528,Netherlands,522698307.441,Pre-COVID
2015,LNG (271111),Import,554,New Zealand,1579.55,Pre-COVID
2015,LNG (271111),Import,586,Pakistan,355541073.396,Pre-COVID
2015,LNG (271111),Import,608,Philippines,5960.0,Pre-COVID
2015,LNG (271111),Import,620,Portugal,341586166.696,Pre-COVID
2015,LNG (271111),Import,634,Qatar,58747.652,Pre-COVID
2015,LNG (271111),Import,643,Russian Federation,212.0,Pre-COVID
2015,LNG (271111),Import,646,Rwanda,1069348.223,Pre-COVID
2015,LNG (271111),Import,670,Saint Vincent and the Grenadines,97.778,Pre-COVID
2015,LNG (271111),Import,682,Saudi Arabia,33155.775,Pre-COVID
2015,LNG (271111),Import,690,Seychelles,3371.372,Pre-COVID
2015,LNG (271111),Import,699,India,7103335611.41,Pre-COVID
2015,LNG (271111),Import,702,Singapore,972335642.285,Pre-COVID
2015,LNG (271111),Import,703,Slovakia,10552004.618999999,Pre-COVID
2015,LNG (271111),Import,710,South Africa,314345879.838,Pre-COVID
2015,LNG (271111),Import,716,Zimbabwe,64054.340000000004,Pre-COVID
2015,LNG (271111),Import,724,Spain,3459428030.3840003,Pre-COVID
2015,LNG (271111),Import,729,Sudan,1807.0,Pre-COVID
2015,LNG (271111),Import,748,Eswatini,2585635.47,Pre-COVID
2015,LNG (271111),Import,752,Sweden,94974144.953,Pre-COVID
2015,LNG (271111),Import,757,Switzerland,455996.212,Pre-COVID
2015,LNG (271111),Import,764,Thailand,1399918640.3400002,Pre-COVID
2015,LNG (271111),Import,780,Trinidad and Tobago,6326.342000000001,Pre-COVID
2015,LNG (271111),Import,800,Uganda,1355814.45,Pre-COVID
2015,LNG (271111),Import,807,North Macedonia,22275.9,Pre-COVID
2015,LNG (271111),Import,818,Egypt,1364461654.04,Pre-COVID
2015,LNG (271111),Import,826,United Kingdom,2994719500.079,Pre-COVID
2015,LNG (271111),Import,834,Tanzania,1355019.553,Pre-COVID
2015,LNG (271111),Import,842,United States of America,1063825926.0,Pre-COVID
2015,LNG (271111),Import,854,Burkina Faso,16169.669,Pre-COVID
2015,LNG (271111),Import,882,Samoa,47.748,Pre-COVID
2015,LNG (271111),Import,894,Zambia,49501.971000000005,Pre-COVID
2016,Gaseous NG (271121),Export,12,Algeria,6407821756.333,Pre-COVID
2016,Gaseous NG (271121),Export,31,Azerbaijan,864447796.1600001,Pre-COVID
2016,Gaseous NG (271121),Export,32,Argentina,39151295.14,Pre-COVID
2016,Gaseous NG (271121),Export,36,Australia,3835.229,Pre-COVID
2016,Gaseous NG (271121),Export,51,Armenia,4692420.0,Pre-COVID
2016,Gaseous NG (271121),Export,56,Belgium,3878819355.19,Pre-COVID
2016,Gaseous NG (271121),Export,68,Bolivia,2049100009.37,Pre-COVID
2016,Gaseous NG (271121),Export,76,Brazil,832.0,Pre-COVID
2016,Gaseous NG (271121),Export,100,Bulgaria,978980.199,Pre-COVID
2016,Gaseous NG (271121),Export,124,Canada,6511930265.892,Pre-COVID
2016,Gaseous NG (271121),Export,152,Chile,90565155.0,Pre-COVID
2016,Gaseous NG (271121),Export,156,China,1011786298.0,Pre-COVID
2016,Gaseous NG (271121),Export,191,Croatia,54730902.0,Pre-COVID
2016,Gaseous NG (271121),Export,203,Czechia,466254745.0,Pre-COVID
2016,Gaseous NG (271121),Export,242,Fiji,9857.347,Pre-COVID
2016,Gaseous NG (271121),Export,251,France and Monaco,742758504.688,Pre-COVID
2016,Gaseous NG (271121),Export,276,Germany,5497116665.16,Pre-COVID
2016,Gaseous NG (271121),Export,300,Greece,2021.524,Pre-COVID
2016,Gaseous NG (271121),Export,328,Guyana,10.001,Pre-COVID
2016,Gaseous NG (271121),Export,348,Hungary,74555714.0,Pre-COVID
2016,Gaseous NG (271121),Export,360,Indonesia,1845914563.84,Pre-COVID
2016,Gaseous NG (271121),Export,372,Ireland,9318097.924,Pre-COVID
2016,Gaseous NG (271121),Export,376,Israel,2131000.0,Pre-COVID
2016,Gaseous NG (271121),Export,380,Italy,32266417.723,Pre-COVID
2016,Gaseous NG (271121),Export,384,Côte d'Ivoire,397.39099999999996,Pre-COVID
2016,Gaseous NG (271121),Export,392,Japan,59077.204,Pre-COVID
2016,Gaseous NG (271121),Export,398,Kazakhstan,1283687049.8,Pre-COVID
2016,Gaseous NG (271121),Export,410,Republic of Korea,6740.0,Pre-COVID
2016,Gaseous NG (271121),Export,426,Lesotho,49048.178,Pre-COVID
2016,Gaseous NG (271121),Export,428,Latvia,3445137.165,Pre-COVID
2016,Gaseous NG (271121),Export,440,Lithuania,1398202.0,Pre-COVID
2016,Gaseous NG (271121),Export,442,Luxembourg,15.342,Pre-COVID
2016,Gaseous NG (271121),Export,508,Mozambique,56952475.0,Pre-COVID
2016,Gaseous NG (271121),Export,579,Norway,17669267968.918,Pre-COVID
2016,Gaseous NG (271121),Export,604,Peru,6.0,Pre-COVID
2016,Gaseous NG (271121),Export,642,Romania,256004.25,Pre-COVID
2016,Gaseous NG (271121),Export,646,Rwanda,15379.798999999999,Pre-COVID
2016,Gaseous NG (271121),Export,688,Serbia,1742245.0,Pre-COVID
2016,Gaseous NG (271121),Export,699,India,1280773.347,Pre-COVID
2016,Gaseous NG (271121),Export,702,Singapore,144785.742,Pre-COVID
2016,Gaseous NG (271121),Export,703,Slovakia,27810914.389,Pre-COVID
2016,Gaseous NG (271121),Export,704,Vietnam,9600.0,Pre-COVID
2016,Gaseous NG (271121),Export,705,Slovenia,104067165.242,Pre-COVID
2016,Gaseous NG (271121),Export,710,South Africa,164693.806,Pre-COVID
2016,Gaseous NG (271121),Export,724,Spain,222788.54499999998,Pre-COVID
2016,Gaseous NG (271121),Export,752,Sweden,1367611.6409999998,Pre-COVID
2016,Gaseous NG (271121),Export,757,Switzerland,15752.865,Pre-COVID
2016,Gaseous NG (271121),Export,764,Thailand,101960.93000000001,Pre-COVID
2016,Gaseous NG (271121),Export,826,United Kingdom,1655676280.053,Pre-COVID
2016,Gaseous NG (271121),Export,842,United States of America,3652343397.0,Pre-COVID
2016,Gaseous NG (271121),Import,24,Angola,22840.44,Pre-COVID
2016,Gaseous NG (271121),Import,31,Azerbaijan,38257396.519999996,Pre-COVID
2016,Gaseous NG (271121),Import,32,Argentina,899155163.0,Pre-COVID
2016,Gaseous NG (271121),Import,51,Armenia,346360586.5,Pre-COVID
2016,Gaseous NG (271121),Import,56,Belgium,6539339877.424,Pre-COVID
2016,Gaseous NG (271121),Import,60,Bermuda,98.08,Pre-COVID
2016,Gaseous NG (271121),Import,68,Bolivia,7571.26,Pre-COVID
2016,Gaseous NG (271121),Import,70,Bosnia and Herzegovina,45911775.0,Pre-COVID
2016,Gaseous NG (271121),Import,76,Brazil,1416005190.0,Pre-COVID
2016,Gaseous NG (271121),Import,96,Brunei Darussalam,512.758,Pre-COVID
2016,Gaseous NG (271121),Import,100,Bulgaria,479878508.969,Pre-COVID
2016,Gaseous NG (271121),Import,112,Belarus,2546915000.0,Pre-COVID
2016,Gaseous NG (271121),Import,116,Cambodia,237354.0,Pre-COVID
2016,Gaseous NG (271121),Import,124,Canada,1594060810.583,Pre-COVID
2016,Gaseous NG (271121),Import,156,China,7553915652.0,Pre-COVID
2016,Gaseous NG (271121),Import,170,Colombia,20614.85,Pre-COVID
2016,Gaseous NG (271121),Import,178,Congo,1519.673,Pre-COVID
2016,Gaseous NG (271121),Import,180,Democratic Republic of the Congo,53299.28,Pre-COVID
2016,Gaseous NG (271121),Import,191,Croatia,250141608.0,Pre-COVID
2016,Gaseous NG (271121),Import,203,Czechia,1266524056.0,Pre-COVID
2016,Gaseous NG (271121),Import,204,Benin,507.336,Pre-COVID
2016,Gaseous NG (271121),Import,208,Denmark,98159509.583,Pre-COVID
2016,Gaseous NG (271121),Import,218,Ecuador,3.9,Pre-COVID
2016,Gaseous NG (271121),Import,231,Ethiopia,1990.309,Pre-COVID
2016,Gaseous NG (271121),Import,233,Estonia,88857326.483,Pre-COVID
2016,Gaseous NG (271121),Import,242,Fiji,3300.55,Pre-COVID
2016,Gaseous NG (271121),Import,246,Finland,419676585.406,Pre-COVID
2016,Gaseous NG (271121),Import,251,France and Monaco,7820846763.719999,Pre-COVID
2016,Gaseous NG (271121),Import,268,Georgia,310383646.0,Pre-COVID
2016,Gaseous NG (271121),Import,276,Germany,22610677482.527,Pre-COVID
2016,Gaseous NG (271121),Import,300,Greece,540706084.563,Pre-COVID
2016,Gaseous NG (271121),Import,344,China Hong Kong,1096465845.159,Pre-COVID
2016,Gaseous NG (271121),Import,348,Hungary,1314172658.0,Pre-COVID
2016,Gaseous NG (271121),Import,352,Iceland,428.523,Pre-COVID
2016,Gaseous NG (271121),Import,360,Indonesia,230.0,Pre-COVID
2016,Gaseous NG (271121),Import,372,Ireland,749790562.429,Pre-COVID
2016,Gaseous NG (271121),Import,376,Israel,129860000.0,Pre-COVID
2016,Gaseous NG (271121),Import,380,Italy,11030083950.584,Pre-COVID
2016,Gaseous NG (271121),Import,392,Japan,12624.345000000001,Pre-COVID
2016,Gaseous NG (271121),Import,398,Kazakhstan,471994137.02,Pre-COVID
2016,Gaseous NG (271121),Import,410,Republic of Korea,140973.0,Pre-COVID
2016,Gaseous NG (271121),Import,417,Kyrgyzstan,40285318.0,Pre-COVID
2016,Gaseous NG (271121),Import,418,Lao People's Democratic Republic,237354.0,Pre-COVID
2016,Gaseous NG (271121),Import,426,Lesotho,106734.73999999999,Pre-COVID
2016,Gaseous NG (271121),Import,428,Latvia,261158732.0,Pre-COVID
2016,Gaseous NG (271121),Import,440,Lithuania,193910461.0,Pre-COVID
2016,Gaseous NG (271121),Import,454,Malawi,58209.9,Pre-COVID
2016,Gaseous NG (271121),Import,458,Malaysia,144641809.531,Pre-COVID
2016,Gaseous NG (271121),Import,480,Mauritius,8919.028,Pre-COVID
2016,Gaseous NG (271121),Import,484,Mexico,2211882622.0,Pre-COVID
2016,Gaseous NG (271121),Import,498,Republic of Moldova,200885584.0,Pre-COVID
2016,Gaseous NG (271121),Import,499,Montenegro,1593787.411,Pre-COVID
2016,Gaseous NG (271121),Import,508,Mozambique,1424.336,Pre-COVID
2016,Gaseous NG (271121),Import,586,Pakistan,6240.544,Pre-COVID
2016,Gaseous NG (271121),Import,620,Portugal,717260250.667,Pre-COVID
2016,Gaseous NG (271121),Import,634,Qatar,408342.097,Pre-COVID
2016,Gaseous NG (271121),Import,642,Romania,267307992.819,Pre-COVID
2016,Gaseous NG (271121),Import,688,Serbia,472582380.0,Pre-COVID
2016,Gaseous NG (271121),Import,699,India,1427.113,Pre-COVID
2016,Gaseous NG (271121),Import,702,Singapore,1833618050.14,Pre-COVID
2016,Gaseous NG (271121),Import,703,Slovakia,1267800866.495,Pre-COVID
2016,Gaseous NG (271121),Import,704,Vietnam,23089.139,Pre-COVID
2016,Gaseous NG (271121),Import,705,Slovenia,276660330.415,Pre-COVID
2016,Gaseous NG (271121),Import,710,South Africa,46994.406,Pre-COVID
2016,Gaseous NG (271121),Import,716,Zimbabwe,21080.93,Pre-COVID
2016,Gaseous NG (271121),Import,724,Spain,3352919726.148,Pre-COVID
2016,Gaseous NG (271121),Import,729,Sudan,38732.0,Pre-COVID
2016,Gaseous NG (271121),Import,748,Eswatini,1127.779,Pre-COVID
2016,Gaseous NG (271121),Import,752,Sweden,179766242.586,Pre-COVID
2016,Gaseous NG (271121),Import,757,Switzerland,828244335.729,Pre-COVID
2016,Gaseous NG (271121),Import,764,Thailand,1950848204.81,Pre-COVID
2016,Gaseous NG (271121),Import,780,Trinidad and Tobago,40199.527,Pre-COVID
2016,Gaseous NG (271121),Import,800,Uganda,290.0,Pre-COVID
2016,Gaseous NG (271121),Import,804,Ukraine,2166982000.0,Pre-COVID
2016,Gaseous NG (271121),Import,807,North Macedonia,40261237.44,Pre-COVID
2016,Gaseous NG (271121),Import,826,United Kingdom,6634382069.254,Pre-COVID
2016,Gaseous NG (271121),Import,842,United States of America,6528183409.0,Pre-COVID
2016,Gaseous NG (271121),Import,858,Uruguay,6742684.78,Pre-COVID
2016,Gaseous NG (271121),Import,894,Zambia,6714.137000000001,Pre-COVID
2016,LNG (271111),Export,12,Algeria,3047330282.873,Pre-COVID
2016,LNG (271111),Export,36,Australia,13448654368.892,Pre-COVID
2016,LNG (271111),Export,56,Belgium,188706759.405,Pre-COVID
2016,LNG (271111),Export,76,Brazil,94258917.0,Pre-COVID
2016,LNG (271111),Export,96,Brunei Darussalam,2402836972.291,Pre-COVID
2016,LNG (271111),Export,104,Myanmar,3170212210.91,Pre-COVID
2016,LNG (271111),Export,214,Dominican Republic,297951.585,Pre-COVID
2016,LNG (271111),Export,242,Fiji,29742.206,Pre-COVID
2016,LNG (271111),Export,246,Finland,272045.157,Pre-COVID
2016,LNG (271111),Export,251,France and Monaco,258283593.972,Pre-COVID
2016,LNG (271111),Export,276,Germany,5655.5,Pre-COVID
2016,LNG (271111),Export,288,Ghana,3683.154,Pre-COVID
2016,LNG (271111),Export,300,Greece,9.049,Pre-COVID
2016,LNG (271111),Export,360,Indonesia,5146437139.886,Pre-COVID
2016,LNG (271111),Export,380,Italy,6354043.244,Pre-COVID
2016,LNG (271111),Export,426,Lesotho,11927.539,Pre-COVID
2016,LNG (271111),Export,442,Luxembourg,1355.259,Pre-COVID
2016,LNG (271111),Export,458,Malaysia,7676808039.017,Pre-COVID
2016,LNG (271111),Export,499,Montenegro,63.714,Pre-COVID
2016,LNG (271111),Export,508,Mozambique,221535231.55,Pre-COVID
2016,LNG (271111),Export,512,Oman,1316644875.0,Pre-COVID
2016,LNG (271111),Export,554,New Zealand,353432.673,Pre-COVID
2016,LNG (271111),Export,579,Norway,924965387.169,Pre-COVID
2016,LNG (271111),Export,604,Peru,523376070.36,Pre-COVID
2016,LNG (271111),Export,643,Russian Federation,2899797471.08,Pre-COVID
2016,LNG (271111),Export,646,Rwanda,28087.864,Pre-COVID
2016,LNG (271111),Export,682,Saudi Arabia,1055467985.988,Pre-COVID
2016,LNG (271111),Export,690,Seychelles,154.19,Pre-COVID
2016,LNG (271111),Export,699,India,22076232.37,Pre-COVID
2016,LNG (271111),Export,702,Singapore,105117828.168,Pre-COVID
2016,LNG (271111),Export,704,Vietnam,3229.57,Pre-COVID
2016,LNG (271111),Export,710,South Africa,7413813.235,Pre-COVID
2016,LNG (271111),Export,724,Spain,21844462.283,Pre-COVID
2016,LNG (271111),Export,729,Sudan,1597210.0,Pre-COVID
2016,LNG (271111),Export,752,Sweden,11573625.779000001,Pre-COVID
2016,LNG (271111),Export,757,Switzerland,362.787,Pre-COVID
2016,LNG (271111),Export,764,Thailand,2884.42,Pre-COVID
2016,LNG (271111),Export,780,Trinidad and Tobago,1448611277.725,Pre-COVID
2016,LNG (271111),Export,800,Uganda,9073.279999999999,Pre-COVID
2016,LNG (271111),Export,804,Ukraine,948.33,Pre-COVID
2016,LNG (271111),Export,818,Egypt,127886511.46000001,Pre-COVID
2016,LNG (271111),Export,826,United Kingdom,93766387.934,Pre-COVID
2016,LNG (271111),Export,842,United States of America,959073419.0,Pre-COVID
2016,LNG (271111),Export,894,Zambia,5661.949,Pre-COVID
2016,LNG (271111),Import,12,Algeria,6869.19,Pre-COVID
2016,LNG (271111),Import,20,Andorra,163046.207,Pre-COVID
2016,LNG (271111),Import,24,Angola,1182.73,Pre-COVID
2016,LNG (271111),Import,32,Argentina,996704920.17,Pre-COVID
2016,LNG (271111),Import,36,Australia,3449.943,Pre-COVID
2016,LNG (271111),Import,48,Bahrain,1687.577,Pre-COVID
2016,LNG (271111),Import,51,Armenia,14780.0,Pre-COVID
2016,LNG (271111),Import,52,Barbados,1566787.5,Pre-COVID
2016,LNG (271111),Import,56,Belgium,399840933.285,Pre-COVID
2016,LNG (271111),Import,60,Bermuda,575.0,Pre-COVID
2016,LNG (271111),Import,76,Brazil,811124222.0,Pre-COVID
2016,LNG (271111),Import,96,Brunei Darussalam,1191.792,Pre-COVID
2016,LNG (271111),Import,108,Burundi,28388.857,Pre-COVID
2016,LNG (271111),Import,112,Belarus,1200.0,Pre-COVID
2016,LNG (271111),Import,116,Cambodia,256148.0,Pre-COVID
2016,LNG (271111),Import,124,Canada,69702639.425,Pre-COVID
2016,LNG (271111),Import,152,Chile,799326768.4,Pre-COVID
2016,LNG (271111),Import,156,China,8935078294.0,Pre-COVID
2016,LNG (271111),Import,170,Colombia,19082797.91,Pre-COVID
2016,LNG (271111),Import,174,Comoros,234.892,Pre-COVID
2016,LNG (271111),Import,178,Congo,28812.239999999998,Pre-COVID
2016,LNG (271111),Import,203,Czechia,59526.0,Pre-COVID
2016,LNG (271111),Import,208,Denmark,360816.68200000003,Pre-COVID
2016,LNG (271111),Import,214,Dominican Republic,214199300.077,Pre-COVID
2016,LNG (271111),Import,231,Ethiopia,4889.556,Pre-COVID
2016,LNG (271111),Import,233,Estonia,553900.529,Pre-COVID
2016,LNG (271111),Import,242,Fiji,835.9000000000001,Pre-COVID
2016,LNG (271111),Import,246,Finland,4980468.519,Pre-COVID
2016,LNG (271111),Import,251,France and Monaco,1697985829.7910001,Pre-COVID
2016,LNG (271111),Import,258,French Polynesia,244.465,Pre-COVID
2016,LNG (271111),Import,270,Gambia,3317.197,Pre-COVID
2016,LNG (271111),Import,276,Germany,16014147.086,Pre-COVID
2016,LNG (271111),Import,288,Ghana,29140.896999999997,Pre-COVID
2016,LNG (271111),Import,300,Greece,155868732.871,Pre-COVID
2016,LNG (271111),Import,328,Guyana,18123.731,Pre-COVID
2016,LNG (271111),Import,340,Honduras,4514.0,Pre-COVID
2016,LNG (271111),Import,344,China Hong Kong,1572.13,Pre-COVID
2016,LNG (271111),Import,352,Iceland,12129.243999999999,Pre-COVID
2016,LNG (271111),Import,360,Indonesia,841.0,Pre-COVID
2016,LNG (271111),Import,372,Ireland,14207.086000000001,Pre-COVID
2016,LNG (271111),Import,380,Italy,503806014.818,Pre-COVID
2016,LNG (271111),Import,384,Côte d'Ivoire,2329.1440000000002,Pre-COVID
2016,LNG (271111),Import,392,Japan,30049308242.802,Pre-COVID
2016,LNG (271111),Import,398,Kazakhstan,3285.0,Pre-COVID
2016,LNG (271111),Import,410,Republic of Korea,12169979550.0,Pre-COVID
2016,LNG (271111),Import,417,Kyrgyzstan,35242.0,Pre-COVID
2016,LNG (271111),Import,418,Lao People's Democratic Republic,256148.0,Pre-COVID
2016,LNG (271111),Import,426,Lesotho,3288887.296,Pre-COVID
2016,LNG (271111),Import,440,Lithuania,248739761.0,Pre-COVID
2016,LNG (271111),Import,442,Luxembourg,6352.849,Pre-COVID
2016,LNG (271111),Import,446,China Macau,2202366.503,Pre-COVID
2016,LNG (271111),Import,454,Malawi,24639.189,Pre-COVID
2016,LNG (271111),Import,458,Malaysia,378120948.387,Pre-COVID
2016,LNG (271111),Import,480,Mauritius,110.14,Pre-COVID
2016,LNG (271111),Import,484,Mexico,155802839.0,Pre-COVID
2016,LNG (271111),Import,508,Mozambique,1594.653,Pre-COVID
2016,LNG (271111),Import,528,Netherlands,47246524.916,Pre-COVID
2016,LNG (271111),Import,540,New Caledonia,228.837,Pre-COVID
2016,LNG (271111),Import,554,New Zealand,40373.659,Pre-COVID
2016,LNG (271111),Import,562,Niger,1101.79,Pre-COVID
2016,LNG (271111),Import,586,Pakistan,849869604.839,Pre-COVID
2016,LNG (271111),Import,620,Portugal,253072845.284,Pre-COVID
2016,LNG (271111),Import,634,Qatar,102102.062,Pre-COVID
2016,LNG (271111),Import,643,Russian Federation,214.51999999999998,Pre-COVID
2016,LNG (271111),Import,646,Rwanda,1331705.738,Pre-COVID
2016,LNG (271111),Import,678,Sao Tome and Principe,798.22,Pre-COVID
2016,LNG (271111),Import,682,Saudi Arabia,35200.044,Pre-COVID
2016,LNG (271111),Import,690,Seychelles,14567875.424999999,Pre-COVID
2016,LNG (271111),Import,699,India,5427169453.759,Pre-COVID
2016,LNG (271111),Import,702,Singapore,782934464.946,Pre-COVID
2016,LNG (271111),Import,703,Slovakia,217062.71600000001,Pre-COVID
2016,LNG (271111),Import,704,Vietnam,2575.0,Pre-COVID
2016,LNG (271111),Import,705,Slovenia,1693932.016,Pre-COVID
2016,LNG (271111),Import,710,South Africa,211204271.128,Pre-COVID
2016,LNG (271111),Import,716,Zimbabwe,85708.27,Pre-COVID
2016,LNG (271111),Import,724,Spain,2836094858.2530003,Pre-COVID
2016,LNG (271111),Import,729,Sudan,3912.0,Pre-COVID
2016,LNG (271111),Import,748,Eswatini,1504282.484,Pre-COVID
2016,LNG (271111),Import,752,Sweden,74994974.169,Pre-COVID
2016,LNG (271111),Import,757,Switzerland,452429.581,Pre-COVID
2016,LNG (271111),Import,764,Thailand,951404146.93,Pre-COVID
2016,LNG (271111),Import,800,Uganda,340766.13,Pre-COVID
2016,LNG (271111),Import,818,Egypt,2305954235.62,Pre-COVID
2016,LNG (271111),Import,826,United Kingdom,1428322338.179,Pre-COVID
2016,LNG (271111),Import,842,United States of America,687800448.0,Pre-COVID
2016,LNG (271111),Import,854,Burkina Faso,12319.377,Pre-COVID
2016,LNG (271111),Import,894,Zambia,847.358,Pre-COVID
2017,Gaseous NG (271121),Export,12,Algeria,2161410926.684,Pre-COVID
2017,Gaseous NG (271121),Export,31,Azerbaijan,931381917.0699999,Pre-COVID
2017,Gaseous NG (271121),Export,32,Argentina,27119030.84,Pre-COVID
2017,Gaseous NG (271121),Export,36,Australia,75623.693,Pre-COVID
2017,Gaseous NG (271121),Export,48,Bahrain,234.042,Pre-COVID
2017,Gaseous NG (271121),Export,56,Belgium,5923213876.982,Pre-COVID
2017,Gaseous NG (271121),Export,68,Bolivia,2581329350.22,Pre-COVID
2017,Gaseous NG (271121),Export,72,Botswana,5390.109,Pre-COVID
2017,Gaseous NG (271121),Export,96,Brunei Darussalam,1993.924,Pre-COVID
2017,Gaseous NG (271121),Export,100,Bulgaria,1841648.919,Pre-COVID
2017,Gaseous NG (271121),Export,104,Myanmar,286244267.622,Pre-COVID
2017,Gaseous NG (271121),Export,124,Canada,7927497834.569,Pre-COVID
2017,Gaseous NG (271121),Export,152,Chile,72392286.0,Pre-COVID
2017,Gaseous NG (271121),Export,156,China,1073727880.0,Pre-COVID
2017,Gaseous NG (271121),Export,170,Colombia,678.0,Pre-COVID
2017,Gaseous NG (271121),Export,191,Croatia,35618302.0,Pre-COVID
2017,Gaseous NG (271121),Export,203,Czechia,100316825.0,Pre-COVID
2017,Gaseous NG (271121),Export,251,France and Monaco,1377284650.499,Pre-COVID
2017,Gaseous NG (271121),Export,276,Germany,7023286784.5,Pre-COVID
2017,Gaseous NG (271121),Export,300,Greece,104468.544,Pre-COVID
2017,Gaseous NG (271121),Export,348,Hungary,320836287.0,Pre-COVID
2017,Gaseous NG (271121),Export,360,Indonesia,2486797246.93,Pre-COVID
2017,Gaseous NG (271121),Export,372,Ireland,4859033.354,Pre-COVID
2017,Gaseous NG (271121),Export,376,Israel,16549000.0,Pre-COVID
2017,Gaseous NG (271121),Export,380,Italy,39039513.234,Pre-COVID
2017,Gaseous NG (271121),Export,384,Côte d'Ivoire,338.431,Pre-COVID
2017,Gaseous NG (271121),Export,392,Japan,58090.625,Pre-COVID
2017,Gaseous NG (271121),Export,398,Kazakhstan,1578463844.8799999,Pre-COVID
2017,Gaseous NG (271121),Export,410,Republic of Korea,14863.0,Pre-COVID
2017,Gaseous NG (271121),Export,426,Lesotho,39450.031,Pre-COVID
2017,Gaseous NG (271121),Export,428,Latvia,8261189.943999999,Pre-COVID
2017,Gaseous NG (271121),Export,440,Lithuania,43507714.0,Pre-COVID
2017,Gaseous NG (271121),Export,442,Luxembourg,4.687,Pre-COVID
2017,Gaseous NG (271121),Export,484,Mexico,205721.0,Pre-COVID
2017,Gaseous NG (271121),Export,508,Mozambique,125498561.02,Pre-COVID
2017,Gaseous NG (271121),Export,516,Namibia,39125.019,Pre-COVID
2017,Gaseous NG (271121),Export,579,Norway,22549868959.213,Pre-COVID
2017,Gaseous NG (271121),Export,604,Peru,71.0,Pre-COVID
2017,Gaseous NG (271121),Export,642,Romania,5189773.65,Pre-COVID
2017,Gaseous NG (271121),Export,686,Senegal,1359.823,Pre-COVID
2017,Gaseous NG (271121),Export,688,Serbia,1276706.0,Pre-COVID
2017,Gaseous NG (271121),Export,699,India,5159.342,Pre-COVID
2017,Gaseous NG (271121),Export,702,Singapore,117256.07,Pre-COVID
2017,Gaseous NG (271121),Export,703,Slovakia,64899178.19500001,Pre-COVID
2017,Gaseous NG (271121),Export,705,Slovenia,124157965.28999999,Pre-COVID
2017,Gaseous NG (271121),Export,710,South Africa,290551.283,Pre-COVID
2017,Gaseous NG (271121),Export,724,Spain,1968.436,Pre-COVID
2017,Gaseous NG (271121),Export,752,Sweden,1154918.422,Pre-COVID
2017,Gaseous NG (271121),Export,757,Switzerland,12432.162,Pre-COVID
2017,Gaseous NG (271121),Export,764,Thailand,414618.58,Pre-COVID
2017,Gaseous NG (271121),Export,784,United Arab Emirates,10370.866,Pre-COVID
2017,Gaseous NG (271121),Export,826,United Kingdom,2188039695.111,Pre-COVID
2017,Gaseous NG (271121),Export,842,United States of America,4652219384.0,Pre-COVID
2017,Gaseous NG (271121),Export,894,Zambia,1974.312,Pre-COVID
2017,Gaseous NG (271121),Import,24,Angola,14891.310000000001,Pre-COVID
2017,Gaseous NG (271121),Import,31,Azerbaijan,58985346.26,Pre-COVID
2017,Gaseous NG (271121),Import,32,Argentina,1257723192.72,Pre-COVID
2017,Gaseous NG (271121),Import,36,Australia,4969.439,Pre-COVID
2017,Gaseous NG (271121),Import,51,Armenia,355949391.0,Pre-COVID
2017,Gaseous NG (271121),Import,56,Belgium,9253153299.623,Pre-COVID
2017,Gaseous NG (271121),Import,60,Bermuda,168.0,Pre-COVID
2017,Gaseous NG (271121),Import,70,Bosnia and Herzegovina,55261389.26,Pre-COVID
2017,Gaseous NG (271121),Import,72,Botswana,452655.875,Pre-COVID
2017,Gaseous NG (271121),Import,76,Brazil,1364647866.0,Pre-COVID
2017,Gaseous NG (271121),Import,96,Brunei Darussalam,442.06899999999996,Pre-COVID
2017,Gaseous NG (271121),Import,100,Bulgaria,601097167.686,Pre-COVID
2017,Gaseous NG (271121),Import,104,Myanmar,503.99,Pre-COVID
2017,Gaseous NG (271121),Import,108,Burundi,51.617,Pre-COVID
2017,Gaseous NG (271121),Import,112,Belarus,2779233300.0,Pre-COVID
2017,Gaseous NG (271121),Import,116,Cambodia,176889.0,Pre-COVID
2017,Gaseous NG (271121),Import,124,Canada,2619365385.111,Pre-COVID
2017,Gaseous NG (271121),Import,152,Chile,1548968.65,Pre-COVID
2017,Gaseous NG (271121),Import,156,China,8523380354.0,Pre-COVID
2017,Gaseous NG (271121),Import,170,Colombia,78521.09,Pre-COVID
2017,Gaseous NG (271121),Import,178,Congo,16790.339,Pre-COVID
2017,Gaseous NG (271121),Import,180,Democratic Republic of the Congo,2734.065,Pre-COVID
2017,Gaseous NG (271121),Import,191,Croatia,345344499.0,Pre-COVID
2017,Gaseous NG (271121),Import,203,Czechia,1848213829.0,Pre-COVID
2017,Gaseous NG (271121),Import,208,Denmark,75352825.391,Pre-COVID
2017,Gaseous NG (271121),Import,233,Estonia,103326325.228,Pre-COVID
2017,Gaseous NG (271121),Import,242,Fiji,192.372,Pre-COVID
2017,Gaseous NG (271121),Import,251,France and Monaco,8985641166.918,Pre-COVID
2017,Gaseous NG (271121),Import,268,Georgia,300956709.0,Pre-COVID
2017,Gaseous NG (271121),Import,270,Gambia,10543.553,Pre-COVID
2017,Gaseous NG (271121),Import,275,State of Palestine,10079.715,Pre-COVID
2017,Gaseous NG (271121),Import,276,Germany,23060161054.164,Pre-COVID
2017,Gaseous NG (271121),Import,288,Ghana,9341.067000000001,Pre-COVID
2017,Gaseous NG (271121),Import,300,Greece,733044683.424,Pre-COVID
2017,Gaseous NG (271121),Import,328,Guyana,468.089,Pre-COVID
2017,Gaseous NG (271121),Import,340,Honduras,399.47,Pre-COVID
2017,Gaseous NG (271121),Import,344,China Hong Kong,1166627595.678,Pre-COVID
2017,Gaseous NG (271121),Import,348,Hungary,1980188152.0,Pre-COVID
2017,Gaseous NG (271121),Import,352,Iceland,335.26,Pre-COVID
2017,Gaseous NG (271121),Import,360,Indonesia,276.0,Pre-COVID
2017,Gaseous NG (271121),Import,372,Ireland,828782803.807,Pre-COVID
2017,Gaseous NG (271121),Import,376,Israel,128977000.0,Pre-COVID
2017,Gaseous NG (271121),Import,380,Italy,13549988570.755,Pre-COVID
2017,Gaseous NG (271121),Import,392,Japan,16054.017,Pre-COVID
2017,Gaseous NG (271121),Import,398,Kazakhstan,356197353.99,Pre-COVID
2017,Gaseous NG (271121),Import,404,Kenya,1718.06,Pre-COVID
2017,Gaseous NG (271121),Import,410,Republic of Korea,192793.0,Pre-COVID
2017,Gaseous NG (271121),Import,414,Kuwait,291.274,Pre-COVID
2017,Gaseous NG (271121),Import,417,Kyrgyzstan,41736931.0,Pre-COVID
2017,Gaseous NG (271121),Import,418,Lao People's Democratic Republic,176889.0,Pre-COVID
2017,Gaseous NG (271121),Import,426,Lesotho,16894.012,Pre-COVID
2017,Gaseous NG (271121),Import,428,Latvia,381918855.279,Pre-COVID
2017,Gaseous NG (271121),Import,440,Lithuania,288456279.0,Pre-COVID
2017,Gaseous NG (271121),Import,454,Malawi,48569.21399999999,Pre-COVID
2017,Gaseous NG (271121),Import,458,Malaysia,187047715.532,Pre-COVID
2017,Gaseous NG (271121),Import,480,Mauritius,9362.037,Pre-COVID
2017,Gaseous NG (271121),Import,484,Mexico,2773760533.0,Pre-COVID
2017,Gaseous NG (271121),Import,499,Montenegro,1710373.39,Pre-COVID
2017,Gaseous NG (271121),Import,508,Mozambique,873.599,Pre-COVID
2017,Gaseous NG (271121),Import,516,Namibia,188353.52899999998,Pre-COVID
2017,Gaseous NG (271121),Import,586,Pakistan,1684.268,Pre-COVID
2017,Gaseous NG (271121),Import,608,Philippines,1974.0,Pre-COVID
2017,Gaseous NG (271121),Import,620,Portugal,684474653.844,Pre-COVID
2017,Gaseous NG (271121),Import,634,Qatar,178730.388,Pre-COVID
2017,Gaseous NG (271121),Import,642,Romania,253109405.79,Pre-COVID
2017,Gaseous NG (271121),Import,678,Sao Tome and Principe,316.98,Pre-COVID
2017,Gaseous NG (271121),Import,686,Senegal,3420.734,Pre-COVID
2017,Gaseous NG (271121),Import,688,Serbia,443581934.0,Pre-COVID
2017,Gaseous NG (271121),Import,702,Singapore,2603291039.646,Pre-COVID
2017,Gaseous NG (271121),Import,703,Slovakia,1536065527.54,Pre-COVID
2017,Gaseous NG (271121),Import,704,Vietnam,29420.536,Pre-COVID
2017,Gaseous NG (271121),Import,705,Slovenia,316507209.43,Pre-COVID
2017,Gaseous NG (271121),Import,710,South Africa,47862.338,Pre-COVID
2017,Gaseous NG (271121),Import,716,Zimbabwe,72700.51,Pre-COVID
2017,Gaseous NG (271121),Import,724,Spain,3549117089.292,Pre-COVID
2017,Gaseous NG (271121),Import,748,Eswatini,10439.901,Pre-COVID
2017,Gaseous NG (271121),Import,752,Sweden,178556271.473,Pre-COVID
2017,Gaseous NG (271121),Import,757,Switzerland,933801205.799,Pre-COVID
2017,Gaseous NG (271121),Import,764,Thailand,1866831501.44,Pre-COVID
2017,Gaseous NG (271121),Import,780,Trinidad and Tobago,41847.808000000005,Pre-COVID
2017,Gaseous NG (271121),Import,784,United Arab Emirates,203586.747,Pre-COVID
2017,Gaseous NG (271121),Import,804,Ukraine,3091533200.0,Pre-COVID
2017,Gaseous NG (271121),Import,807,North Macedonia,63700803.73,Pre-COVID
2017,Gaseous NG (271121),Import,826,United Kingdom,9572984498.728,Pre-COVID
2017,Gaseous NG (271121),Import,842,United States of America,7947322124.0,Pre-COVID
2017,Gaseous NG (271121),Import,882,Samoa,7457.783,Pre-COVID
2017,Gaseous NG (271121),Import,894,Zambia,1799.976,Pre-COVID
2017,LNG (271111),Export,12,Algeria,1072314289.383,Pre-COVID
2017,LNG (271111),Export,20,Andorra,371.365,Pre-COVID
2017,LNG (271111),Export,24,Angola,1153762787.52,Pre-COVID
2017,LNG (271111),Export,56,Belgium,5081676.936,Pre-COVID
2017,LNG (271111),Export,70,Bosnia and Herzegovina,754088.26,Pre-COVID
2017,LNG (271111),Export,72,Botswana,37907.049,Pre-COVID
2017,LNG (271111),Export,76,Brazil,46819717.0,Pre-COVID
2017,LNG (271111),Export,96,Brunei Darussalam,2777132619.722,Pre-COVID
2017,LNG (271111),Export,104,Myanmar,2986970164.654,Pre-COVID
2017,LNG (271111),Export,124,Canada,131728.992,Pre-COVID
2017,LNG (271111),Export,178,Congo,719.493,Pre-COVID
2017,LNG (271111),Export,203,Czechia,3.0,Pre-COVID
2017,LNG (271111),Export,214,Dominican Republic,802421.525,Pre-COVID
2017,LNG (271111),Export,242,Fiji,35658.628,Pre-COVID
2017,LNG (271111),Export,246,Finland,8352383.269,Pre-COVID
2017,LNG (271111),Export,251,France and Monaco,295557343.265,Pre-COVID
2017,LNG (271111),Export,276,Germany,128810.63,Pre-COVID
2017,LNG (271111),Export,328,Guyana,10.0,Pre-COVID
2017,LNG (271111),Export,360,Indonesia,6184090616.57,Pre-COVID
2017,LNG (271111),Export,372,Ireland,1468.834,Pre-COVID
2017,LNG (271111),Export,380,Italy,13552129.94,Pre-COVID
2017,LNG (271111),Export,398,Kazakhstan,78862.2,Pre-COVID
2017,LNG (271111),Export,404,Kenya,4061.813,Pre-COVID
2017,LNG (271111),Export,410,Republic of Korea,1385571.0,Pre-COVID
2017,LNG (271111),Export,417,Kyrgyzstan,4772.0,Pre-COVID
2017,LNG (271111),Export,426,Lesotho,31595.376,Pre-COVID
2017,LNG (271111),Export,440,Lithuania,4826281.0,Pre-COVID
2017,LNG (271111),Export,442,Luxembourg,33.981,Pre-COVID
2017,LNG (271111),Export,458,Malaysia,9645768285.837,Pre-COVID
2017,LNG (271111),Export,508,Mozambique,234033719.13,Pre-COVID
2017,LNG (271111),Export,516,Namibia,4018.901,Pre-COVID
2017,LNG (271111),Export,528,Netherlands,2244864.8770000003,Pre-COVID
2017,LNG (271111),Export,554,New Zealand,78458410.207,Pre-COVID
2017,LNG (271111),Export,579,Norway,925527889.042,Pre-COVID
2017,LNG (271111),Export,604,Peru,772163506.71,Pre-COVID
2017,LNG (271111),Export,642,Romania,9.16,Pre-COVID
2017,LNG (271111),Export,643,Russian Federation,3173801692.63,Pre-COVID
2017,LNG (271111),Export,646,Rwanda,4363.051,Pre-COVID
2017,LNG (271111),Export,682,Saudi Arabia,989400412.25,Pre-COVID
2017,LNG (271111),Export,699,India,25982649.875,Pre-COVID
2017,LNG (271111),Export,702,Singapore,196300395.405,Pre-COVID
2017,LNG (271111),Export,710,South Africa,5200566.432,Pre-COVID
2017,LNG (271111),Export,724,Spain,40602850.373,Pre-COVID
2017,LNG (271111),Export,729,Sudan,2948907.0,Pre-COVID
2017,LNG (271111),Export,752,Sweden,13688148.67,Pre-COVID
2017,LNG (271111),Export,757,Switzerland,28101.803,Pre-COVID
2017,LNG (271111),Export,764,Thailand,32665.39,Pre-COVID
2017,LNG (271111),Export,780,Trinidad and Tobago,1307309634.965,Pre-COVID
2017,LNG (271111),Export,784,United Arab Emirates,8403613202.599,Pre-COVID
2017,LNG (271111),Export,804,Ukraine,310.52,Pre-COVID
2017,LNG (271111),Export,818,Egypt,178272562.426,Pre-COVID
2017,LNG (271111),Export,826,United Kingdom,102852161.181,Pre-COVID
2017,LNG (271111),Export,842,United States of America,3470036680.0,Pre-COVID
2017,LNG (271111),Export,894,Zambia,10581.022,Pre-COVID
2017,LNG (271111),Import,20,Andorra,484471.039,Pre-COVID
2017,LNG (271111),Import,24,Angola,5991.1900000000005,Pre-COVID
2017,LNG (271111),Import,32,Argentina,973710207.74,Pre-COVID
2017,LNG (271111),Import,36,Australia,54026.369,Pre-COVID
2017,LNG (271111),Import,48,Bahrain,19499.515,Pre-COVID
2017,LNG (271111),Import,52,Barbados,2797446.5,Pre-COVID
2017,LNG (271111),Import,56,Belgium,253048609.269,Pre-COVID
2017,LNG (271111),Import,60,Bermuda,65.96,Pre-COVID
2017,LNG (271111),Import,70,Bosnia and Herzegovina,82.94,Pre-COVID
2017,LNG (271111),Import,72,Botswana,4504890.035,Pre-COVID
2017,LNG (271111),Import,76,Brazil,507083596.0,Pre-COVID
2017,LNG (271111),Import,96,Brunei Darussalam,36.479,Pre-COVID
2017,LNG (271111),Import,100,Bulgaria,14277.558,Pre-COVID
2017,LNG (271111),Import,108,Burundi,45681.581999999995,Pre-COVID
2017,LNG (271111),Import,112,Belarus,5500.0,Pre-COVID
2017,LNG (271111),Import,116,Cambodia,382287.0,Pre-COVID
2017,LNG (271111),Import,124,Canada,86051603.659,Pre-COVID
2017,LNG (271111),Import,152,Chile,944137292.74,Pre-COVID
2017,LNG (271111),Import,156,China,14749366854.0,Pre-COVID
2017,LNG (271111),Import,170,Colombia,11925934.3,Pre-COVID
2017,LNG (271111),Import,174,Comoros,1398.382,Pre-COVID
2017,LNG (271111),Import,178,Congo,827.563,Pre-COVID
2017,LNG (271111),Import,203,Czechia,376724.0,Pre-COVID
2017,LNG (271111),Import,208,Denmark,458964.089,Pre-COVID
2017,LNG (271111),Import,214,Dominican Republic,273427489.523,Pre-COVID
2017,LNG (271111),Import,218,Ecuador,240.57,Pre-COVID
2017,LNG (271111),Import,231,Ethiopia,195.089,Pre-COVID
2017,LNG (271111),Import,233,Estonia,3562843.432,Pre-COVID
2017,LNG (271111),Import,242,Fiji,93.162,Pre-COVID
2017,LNG (271111),Import,246,Finland,23652288.592,Pre-COVID
2017,LNG (271111),Import,251,France and Monaco,2255103598.5030003,Pre-COVID
2017,LNG (271111),Import,258,French Polynesia,119.947,Pre-COVID
2017,LNG (271111),Import,270,Gambia,12116.125,Pre-COVID
2017,LNG (271111),Import,275,State of Palestine,113959923.815,Pre-COVID
2017,LNG (271111),Import,276,Germany,48707183.976,Pre-COVID
2017,LNG (271111),Import,288,Ghana,9232.639000000001,Pre-COVID
2017,LNG (271111),Import,300,Greece,403824149.423,Pre-COVID
2017,LNG (271111),Import,328,Guyana,30749.892,Pre-COVID
2017,LNG (271111),Import,352,Iceland,709.073,Pre-COVID
2017,LNG (271111),Import,360,Indonesia,8129004.0,Pre-COVID
2017,LNG (271111),Import,372,Ireland,13922.481,Pre-COVID
2017,LNG (271111),Import,376,Israel,24342000.0,Pre-COVID
2017,LNG (271111),Import,380,Italy,1563380413.685,Pre-COVID
2017,LNG (271111),Import,384,Côte d'Ivoire,2308.071,Pre-COVID
2017,LNG (271111),Import,392,Japan,34907155919.051,Pre-COVID
2017,LNG (271111),Import,398,Kazakhstan,684654.9299999999,Pre-COVID
2017,LNG (271111),Import,400,Jordan,1155029698.822,Pre-COVID
2017,LNG (271111),Import,404,Kenya,905.06,Pre-COVID
2017,LNG (271111),Import,410,Republic of Korea,15615666254.0,Pre-COVID
2017,LNG (271111),Import,417,Kyrgyzstan,30258.0,Pre-COVID
2017,LNG (271111),Import,418,Lao People's Democratic Republic,382287.0,Pre-COVID
2017,LNG (271111),Import,426,Lesotho,2723229.953,Pre-COVID
2017,LNG (271111),Import,440,Lithuania,252602051.0,Pre-COVID
2017,LNG (271111),Import,442,Luxembourg,217497.252,Pre-COVID
2017,LNG (271111),Import,454,Malawi,79803.852,Pre-COVID
2017,LNG (271111),Import,458,Malaysia,606475899.794,Pre-COVID
2017,LNG (271111),Import,470,Malta,60946631.063,Pre-COVID
2017,LNG (271111),Import,480,Mauritius,141.116,Pre-COVID
2017,LNG (271111),Import,484,Mexico,690154904.0,Pre-COVID
2017,LNG (271111),Import,508,Mozambique,4209.846,Pre-COVID
2017,LNG (271111),Import,516,Namibia,3078888.796,Pre-COVID
2017,LNG (271111),Import,528,Netherlands,52796058.431,Pre-COVID
2017,LNG (271111),Import,554,New Zealand,135120.044,Pre-COVID
2017,LNG (271111),Import,586,Pakistan,1651156075.944,Pre-COVID
2017,LNG (271111),Import,620,Portugal,678175822.026,Pre-COVID
2017,LNG (271111),Import,634,Qatar,33481.542,Pre-COVID
2017,LNG (271111),Import,643,Russian Federation,787.96,Pre-COVID
2017,LNG (271111),Import,646,Rwanda,3515809.491,Pre-COVID
2017,LNG (271111),Import,659,Saint Kitts and Nevis,113.5,Pre-COVID
2017,LNG (271111),Import,678,Sao Tome and Principe,141.585,Pre-COVID
2017,LNG (271111),Import,699,India,7207663104.95,Pre-COVID
2017,LNG (271111),Import,702,Singapore,1245530519.982,Pre-COVID
2017,LNG (271111),Import,703,Slovakia,428569.873,Pre-COVID
2017,LNG (271111),Import,704,Vietnam,1000.0,Pre-COVID
2017,LNG (271111),Import,710,South Africa,252239166.51,Pre-COVID
2017,LNG (271111),Import,716,Zimbabwe,1059351.37,Pre-COVID
2017,LNG (271111),Import,724,Spain,3741963345.314,Pre-COVID
2017,LNG (271111),Import,729,Sudan,36035.0,Pre-COVID
2017,LNG (271111),Import,748,Eswatini,884884.277,Pre-COVID
2017,LNG (271111),Import,752,Sweden,97034881.872,Pre-COVID
2017,LNG (271111),Import,757,Switzerland,504628.49199999997,Pre-COVID
2017,LNG (271111),Import,764,Thailand,1545035292.24,Pre-COVID
2017,LNG (271111),Import,780,Trinidad and Tobago,4194.09,Pre-COVID
2017,LNG (271111),Import,784,United Arab Emirates,21503856.098,Pre-COVID
2017,LNG (271111),Import,807,North Macedonia,45255.67,Pre-COVID
2017,LNG (271111),Import,818,Egypt,2231382145.72,Pre-COVID
2017,LNG (271111),Import,826,United Kingdom,1121581806.234,Pre-COVID
2017,LNG (271111),Import,842,United States of America,623949828.0,Pre-COVID
2017,LNG (271111),Import,854,Burkina Faso,2780.505,Pre-COVID
2017,LNG (271111),Import,894,Zambia,24379.768,Pre-COVID
2018,Gaseous NG (271121),Export,31,Azerbaijan,1498698092.55,Pre-COVID
2018,Gaseous NG (271121),Export,32,Argentina,19693234.17,Pre-COVID
2018,Gaseous NG (271121),Export,36,Australia,10759.652,Pre-COVID
2018,Gaseous NG (271121),Export,56,Belgium,6953257302.190001,Pre-COVID
2018,Gaseous NG (271121),Export,68,Bolivia,2970357791.34,Pre-COVID
2018,Gaseous NG (271121),Export,70,Bosnia and Herzegovina,164441.03,Pre-COVID
2018,Gaseous NG (271121),Export,72,Botswana,2693.233,Pre-COVID
2018,Gaseous NG (271121),Export,76,Brazil,703.0,Pre-COVID
2018,Gaseous NG (271121),Export,100,Bulgaria,6371307.52,Pre-COVID
2018,Gaseous NG (271121),Export,104,Myanmar,812517565.719,Pre-COVID
2018,Gaseous NG (271121),Export,124,Canada,7456616166.690001,Pre-COVID
2018,Gaseous NG (271121),Export,152,Chile,65327239.0,Pre-COVID
2018,Gaseous NG (271121),Export,156,China,832900908.0,Pre-COVID
2018,Gaseous NG (271121),Export,191,Croatia,26050975.0,Pre-COVID
2018,Gaseous NG (271121),Export,203,Czechia,177196020.0,Pre-COVID
2018,Gaseous NG (271121),Export,233,Estonia,1726877.405,Pre-COVID
2018,Gaseous NG (271121),Export,251,France and Monaco,1667642059.978,Pre-COVID
2018,Gaseous NG (271121),Export,276,Germany,10842084488.036,Pre-COVID
2018,Gaseous NG (271121),Export,300,Greece,1928239.358,Pre-COVID
2018,Gaseous NG (271121),Export,344,China Hong Kong,2904.447,Pre-COVID
2018,Gaseous NG (271121),Export,348,Hungary,485835616.0,Pre-COVID
2018,Gaseous NG (271121),Export,360,Indonesia,3632906079.93,Pre-COVID
2018,Gaseous NG (271121),Export,372,Ireland,2883114.05,Pre-COVID
2018,Gaseous NG (271121),Export,376,Israel,36818000.0,Pre-COVID
2018,Gaseous NG (271121),Export,380,Italy,44110873.883,Pre-COVID
2018,Gaseous NG (271121),Export,392,Japan,65718.974,Pre-COVID
2018,Gaseous NG (271121),Export,398,Kazakhstan,2170951540.89,Pre-COVID
2018,Gaseous NG (271121),Export,404,Kenya,4320.821,Pre-COVID
2018,Gaseous NG (271121),Export,410,Republic of Korea,2916.0,Pre-COVID
2018,Gaseous NG (271121),Export,426,Lesotho,46130.858,Pre-COVID
2018,Gaseous NG (271121),Export,428,Latvia,19318208.707,Pre-COVID
2018,Gaseous NG (271121),Export,440,Lithuania,37875592.0,Pre-COVID
2018,Gaseous NG (271121),Export,442,Luxembourg,64050.618,Pre-COVID
2018,Gaseous NG (271121),Export,484,Mexico,2412211.0,Pre-COVID
2018,Gaseous NG (271121),Export,508,Mozambique,211158528.21899998,Pre-COVID
2018,Gaseous NG (271121),Export,512,Oman,417409.585,Pre-COVID
2018,Gaseous NG (271121),Export,579,Norway,31097185058.974,Pre-COVID
2018,Gaseous NG (271121),Export,604,Peru,12.0,Pre-COVID
2018,Gaseous NG (271121),Export,620,Portugal,7659950.524,Pre-COVID
2018,Gaseous NG (271121),Export,642,Romania,6829092.26,Pre-COVID
2018,Gaseous NG (271121),Export,688,Serbia,642235.0,Pre-COVID
2018,Gaseous NG (271121),Export,702,Singapore,73657.816,Pre-COVID
2018,Gaseous NG (271121),Export,703,Slovakia,85806779.487,Pre-COVID
2018,Gaseous NG (271121),Export,705,Slovenia,16294855.64,Pre-COVID
2018,Gaseous NG (271121),Export,710,South Africa,53592.815,Pre-COVID
2018,Gaseous NG (271121),Export,752,Sweden,2885556.21,Pre-COVID
2018,Gaseous NG (271121),Export,757,Switzerland,770.795,Pre-COVID
2018,Gaseous NG (271121),Export,764,Thailand,87813.26,Pre-COVID
2018,Gaseous NG (271121),Export,780,Trinidad and Tobago,35084545.016,Pre-COVID
2018,Gaseous NG (271121),Export,784,United Arab Emirates,120282.284,Pre-COVID
2018,Gaseous NG (271121),Export,826,United Kingdom,2000109681.354,Pre-COVID
2018,Gaseous NG (271121),Export,842,United States of America,4550608680.0,Pre-COVID
2018,Gaseous NG (271121),Import,20,Andorra,491.554,Pre-COVID
2018,Gaseous NG (271121),Import,24,Angola,4587.514,Pre-COVID
2018,Gaseous NG (271121),Import,31,Azerbaijan,340274163.34,Pre-COVID
2018,Gaseous NG (271121),Import,32,Argentina,1408735897.0,Pre-COVID
2018,Gaseous NG (271121),Import,36,Australia,6086.318,Pre-COVID
2018,Gaseous NG (271121),Import,48,Bahrain,3312.9199999999996,Pre-COVID
2018,Gaseous NG (271121),Import,51,Armenia,368335686.15,Pre-COVID
2018,Gaseous NG (271121),Import,56,Belgium,11375919582.298,Pre-COVID
2018,Gaseous NG (271121),Import,60,Bermuda,73.56,Pre-COVID
2018,Gaseous NG (271121),Import,70,Bosnia and Herzegovina,67524353.3,Pre-COVID
2018,Gaseous NG (271121),Import,72,Botswana,388592.196,Pre-COVID
2018,Gaseous NG (271121),Import,76,Brazil,1668691948.0,Pre-COVID
2018,Gaseous NG (271121),Import,96,Brunei Darussalam,6466.304,Pre-COVID
2018,Gaseous NG (271121),Import,100,Bulgaria,719955469.206,Pre-COVID
2018,Gaseous NG (271121),Import,112,Belarus,2690760800.0,Pre-COVID
2018,Gaseous NG (271121),Import,116,Cambodia,136653.0,Pre-COVID
2018,Gaseous NG (271121),Import,124,Canada,2175216376.673,Pre-COVID
2018,Gaseous NG (271121),Import,152,Chile,74159952.119,Pre-COVID
2018,Gaseous NG (271121),Import,156,China,9475028160.0,Pre-COVID
2018,Gaseous NG (271121),Import,170,Colombia,39623.090000000004,Pre-COVID
2018,Gaseous NG (271121),Import,174,Comoros,2083.028,Pre-COVID
2018,Gaseous NG (271121),Import,180,Democratic Republic of the Congo,1460.778,Pre-COVID
2018,Gaseous NG (271121),Import,188,Costa Rica,4192.54,Pre-COVID
2018,Gaseous NG (271121),Import,191,Croatia,361425947.0,Pre-COVID
2018,Gaseous NG (271121),Import,203,Czechia,2241309843.0,Pre-COVID
2018,Gaseous NG (271121),Import,208,Denmark,69736958.674,Pre-COVID
2018,Gaseous NG (271121),Import,218,Ecuador,4203.724,Pre-COVID
2018,Gaseous NG (271121),Import,233,Estonia,133034260.545,Pre-COVID
2018,Gaseous NG (271121),Import,242,Fiji,873.099,Pre-COVID
2018,Gaseous NG (271121),Import,251,France and Monaco,11526929347.484,Pre-COVID
2018,Gaseous NG (271121),Import,268,Georgia,281373462.0,Pre-COVID
2018,Gaseous NG (271121),Import,275,State of Palestine,44845.820999999996,Pre-COVID
2018,Gaseous NG (271121),Import,276,Germany,32414761502.211998,Pre-COVID
2018,Gaseous NG (271121),Import,288,Ghana,1692.996,Pre-COVID
2018,Gaseous NG (271121),Import,300,Greece,940322722.923,Pre-COVID
2018,Gaseous NG (271121),Import,328,Guyana,10341.273,Pre-COVID
2018,Gaseous NG (271121),Import,344,China Hong Kong,1242478480.0440001,Pre-COVID
2018,Gaseous NG (271121),Import,348,Hungary,2121939944.0,Pre-COVID
2018,Gaseous NG (271121),Import,360,Indonesia,388.0,Pre-COVID
2018,Gaseous NG (271121),Import,372,Ireland,1216661146.196,Pre-COVID
2018,Gaseous NG (271121),Import,376,Israel,211170000.0,Pre-COVID
2018,Gaseous NG (271121),Import,380,Italy,15947538415.699,Pre-COVID
2018,Gaseous NG (271121),Import,392,Japan,35550.637,Pre-COVID
2018,Gaseous NG (271121),Import,398,Kazakhstan,1034499356.38,Pre-COVID
2018,Gaseous NG (271121),Import,410,Republic of Korea,254155.0,Pre-COVID
2018,Gaseous NG (271121),Import,417,Kyrgyzstan,46187977.0,Pre-COVID
2018,Gaseous NG (271121),Import,418,Lao People's Democratic Republic,136653.0,Pre-COVID
2018,Gaseous NG (271121),Import,426,Lesotho,7232.6539999999995,Pre-COVID
2018,Gaseous NG (271121),Import,428,Latvia,421914564.496,Pre-COVID
2018,Gaseous NG (271121),Import,440,Lithuania,383235492.0,Pre-COVID
2018,Gaseous NG (271121),Import,454,Malawi,5524.753,Pre-COVID
2018,Gaseous NG (271121),Import,458,Malaysia,159702932.586,Pre-COVID
2018,Gaseous NG (271121),Import,480,Mauritius,18842.595999999998,Pre-COVID
2018,Gaseous NG (271121),Import,484,Mexico,5628694240.0,Pre-COVID
2018,Gaseous NG (271121),Import,499,Montenegro,2195418.651,Pre-COVID
2018,Gaseous NG (271121),Import,504,Morocco,271263115.48,Pre-COVID
2018,Gaseous NG (271121),Import,508,Mozambique,13048.233,Pre-COVID
2018,Gaseous NG (271121),Import,586,Pakistan,8454.534,Pre-COVID
2018,Gaseous NG (271121),Import,620,Portugal,641158333.821,Pre-COVID
2018,Gaseous NG (271121),Import,642,Romania,430989953.65999997,Pre-COVID
2018,Gaseous NG (271121),Import,682,Saudi Arabia,3092.8,Pre-COVID
2018,Gaseous NG (271121),Import,688,Serbia,558225782.0,Pre-COVID
2018,Gaseous NG (271121),Import,702,Singapore,3438680780.682,Pre-COVID
2018,Gaseous NG (271121),Import,703,Slovakia,1754203067.9229999,Pre-COVID
2018,Gaseous NG (271121),Import,704,Vietnam,18161.84,Pre-COVID
2018,Gaseous NG (271121),Import,705,Slovenia,257274796.05,Pre-COVID
2018,Gaseous NG (271121),Import,710,South Africa,49589.254,Pre-COVID
2018,Gaseous NG (271121),Import,716,Zimbabwe,5935.97,Pre-COVID
2018,Gaseous NG (271121),Import,724,Spain,3808436684.492,Pre-COVID
2018,Gaseous NG (271121),Import,729,Sudan,70.0,Pre-COVID
2018,Gaseous NG (271121),Import,748,Eswatini,12095.739,Pre-COVID
2018,Gaseous NG (271121),Import,752,Sweden,249865154.441,Pre-COVID
2018,Gaseous NG (271121),Import,757,Switzerland,1144538202.213,Pre-COVID
2018,Gaseous NG (271121),Import,764,Thailand,2299357709.61,Pre-COVID
2018,Gaseous NG (271121),Import,780,Trinidad and Tobago,58858.861000000004,Pre-COVID
2018,Gaseous NG (271121),Import,784,United Arab Emirates,396231.56,Pre-COVID
2018,Gaseous NG (271121),Import,800,Uganda,1300.0,Pre-COVID
2018,Gaseous NG (271121),Import,804,Ukraine,3146768600.0,Pre-COVID
2018,Gaseous NG (271121),Import,807,North Macedonia,72606598.67,Pre-COVID
2018,Gaseous NG (271121),Import,826,United Kingdom,12604418664.368,Pre-COVID
2018,Gaseous NG (271121),Import,834,Tanzania,4422.167,Pre-COVID
2018,Gaseous NG (271121),Import,842,United States of America,7471829366.0,Pre-COVID
2018,Gaseous NG (271121),Import,858,Uruguay,1309436.8,Pre-COVID
2018,Gaseous NG (271121),Import,882,Samoa,7228.237999999999,Pre-COVID
2018,Gaseous NG (271121),Import,894,Zambia,370.839,Pre-COVID
2018,LNG (271111),Export,24,Angola,1389521140.062,Pre-COVID
2018,LNG (271111),Export,56,Belgium,195986962.326,Pre-COVID
2018,LNG (271111),Export,70,Bosnia and Herzegovina,1279575.78,Pre-COVID
2018,LNG (271111),Export,72,Botswana,51492.136,Pre-COVID
2018,LNG (271111),Export,96,Brunei Darussalam,3277275382.222,Pre-COVID
2018,LNG (271111),Export,104,Myanmar,2431166163.972,Pre-COVID
2018,LNG (271111),Export,124,Canada,474447.334,Pre-COVID
2018,LNG (271111),Export,156,China,382906.0,Pre-COVID
2018,LNG (271111),Export,203,Czechia,28168946.0,Pre-COVID
2018,LNG (271111),Export,214,Dominican Republic,10883384.616,Pre-COVID
2018,LNG (271111),Export,233,Estonia,315382.41,Pre-COVID
2018,LNG (271111),Export,246,Finland,7331507.027,Pre-COVID
2018,LNG (271111),Export,251,France and Monaco,542670853.441,Pre-COVID
2018,LNG (271111),Export,276,Germany,22165.377,Pre-COVID
2018,LNG (271111),Export,288,Ghana,100.168,Pre-COVID
2018,LNG (271111),Export,360,Indonesia,6959159784.38,Pre-COVID
2018,LNG (271111),Export,372,Ireland,2621.736,Pre-COVID
2018,LNG (271111),Export,380,Italy,11022899.365,Pre-COVID
2018,LNG (271111),Export,398,Kazakhstan,309543.0,Pre-COVID
2018,LNG (271111),Export,404,Kenya,566420.113,Pre-COVID
2018,LNG (271111),Export,410,Republic of Korea,2928283.0,Pre-COVID
2018,LNG (271111),Export,426,Lesotho,21610.358,Pre-COVID
2018,LNG (271111),Export,440,Lithuania,2805762.0,Pre-COVID
2018,LNG (271111),Export,442,Luxembourg,808.447,Pre-COVID
2018,LNG (271111),Export,458,Malaysia,10459260658.482,Pre-COVID
2018,LNG (271111),Export,508,Mozambique,20746121.158,Pre-COVID
2018,LNG (271111),Export,512,Oman,4464435946.705,Pre-COVID
2018,LNG (271111),Export,528,Netherlands,3803219.701,Pre-COVID
2018,LNG (271111),Export,554,New Zealand,283166235.451,Pre-COVID
2018,LNG (271111),Export,566,Nigeria,1577964852.459,Pre-COVID
2018,LNG (271111),Export,579,Norway,1503676674.938,Pre-COVID
2018,LNG (271111),Export,604,Peru,1041806478.2,Pre-COVID
2018,LNG (271111),Export,643,Russian Federation,5285983165.81,Pre-COVID
2018,LNG (271111),Export,682,Saudi Arabia,1499535267.443,Pre-COVID
2018,LNG (271111),Export,699,India,38858897.47,Pre-COVID
2018,LNG (271111),Export,702,Singapore,315605628.329,Pre-COVID
2018,LNG (271111),Export,705,Slovenia,96.22,Pre-COVID
2018,LNG (271111),Export,710,South Africa,3036675.693,Pre-COVID
2018,LNG (271111),Export,724,Spain,172933524.434,Pre-COVID
2018,LNG (271111),Export,729,Sudan,957291.0,Pre-COVID
2018,LNG (271111),Export,752,Sweden,18189377.452,Pre-COVID
2018,LNG (271111),Export,757,Switzerland,24178.821,Pre-COVID
2018,LNG (271111),Export,764,Thailand,1193.1399999999999,Pre-COVID
2018,LNG (271111),Export,780,Trinidad and Tobago,1618919928.4850001,Pre-COVID
2018,LNG (271111),Export,784,United Arab Emirates,14330760553.259998,Pre-COVID
2018,LNG (271111),Export,818,Egypt,496962104.213,Pre-COVID
2018,LNG (271111),Export,826,United Kingdom,165594483.88,Pre-COVID
2018,LNG (271111),Export,834,Tanzania,79823.13,Pre-COVID
2018,LNG (271111),Export,842,United States of America,5845654826.0,Pre-COVID
2018,LNG (271111),Export,894,Zambia,7466.608,Pre-COVID
2018,LNG (271111),Import,20,Andorra,644871.605,Pre-COVID
2018,LNG (271111),Import,24,Angola,8509.869,Pre-COVID
2018,LNG (271111),Import,28,Antigua and Barbuda,139.485,Pre-COVID
2018,LNG (271111),Import,31,Azerbaijan,1514.29,Pre-COVID
2018,LNG (271111),Import,32,Argentina,1037059985.42,Pre-COVID
2018,LNG (271111),Import,36,Australia,42911121.674,Pre-COVID
2018,LNG (271111),Import,48,Bahrain,3987.334,Pre-COVID
2018,LNG (271111),Import,51,Armenia,97928.0,Pre-COVID
2018,LNG (271111),Import,52,Barbados,2425790.0,Pre-COVID
2018,LNG (271111),Import,56,Belgium,939242165.393,Pre-COVID
2018,LNG (271111),Import,70,Bosnia and Herzegovina,2332.97,Pre-COVID
2018,LNG (271111),Import,72,Botswana,6453735.4520000005,Pre-COVID
2018,LNG (271111),Import,76,Brazil,958030812.0,Pre-COVID
2018,LNG (271111),Import,84,Belize,31.495,Pre-COVID
2018,LNG (271111),Import,96,Brunei Darussalam,40.907,Pre-COVID
2018,LNG (271111),Import,108,Burundi,92108.791,Pre-COVID
2018,LNG (271111),Import,112,Belarus,200.0,Pre-COVID
2018,LNG (271111),Import,116,Cambodia,88608.0,Pre-COVID
2018,LNG (271111),Import,124,Canada,209500840.225,Pre-COVID
2018,LNG (271111),Import,152,Chile,1119039383.08,Pre-COVID
2018,LNG (271111),Import,156,China,26804860257.0,Pre-COVID
2018,LNG (271111),Import,170,Colombia,123747363.75999999,Pre-COVID
2018,LNG (271111),Import,174,Comoros,1114.1370000000002,Pre-COVID
2018,LNG (271111),Import,188,Costa Rica,13017272.84,Pre-COVID
2018,LNG (271111),Import,191,Croatia,100.0,Pre-COVID
2018,LNG (271111),Import,203,Czechia,8831.0,Pre-COVID
2018,LNG (271111),Import,204,Benin,138.822,Pre-COVID
2018,LNG (271111),Import,208,Denmark,22550122.815,Pre-COVID
2018,LNG (271111),Import,214,Dominican Republic,286106858.018,Pre-COVID
2018,LNG (271111),Import,218,Ecuador,384.49,Pre-COVID
2018,LNG (271111),Import,231,Ethiopia,163.381,Pre-COVID
2018,LNG (271111),Import,233,Estonia,1955536.308,Pre-COVID
2018,LNG (271111),Import,246,Finland,26574087.582,Pre-COVID
2018,LNG (271111),Import,251,France and Monaco,3319333949.557,Pre-COVID
2018,LNG (271111),Import,258,French Polynesia,41.616,Pre-COVID
2018,LNG (271111),Import,270,Gambia,10954.582,Pre-COVID
2018,LNG (271111),Import,275,State of Palestine,115493336.245,Pre-COVID
2018,LNG (271111),Import,276,Germany,73862850.87900001,Pre-COVID
2018,LNG (271111),Import,288,Ghana,40050.687,Pre-COVID
2018,LNG (271111),Import,300,Greece,289721624.047,Pre-COVID
2018,LNG (271111),Import,304,Greenland,1961.04,Pre-COVID
2018,LNG (271111),Import,328,Guyana,31335.027000000002,Pre-COVID
2018,LNG (271111),Import,348,Hungary,3520.0,Pre-COVID
2018,LNG (271111),Import,380,Italy,2220004707.468,Pre-COVID
2018,LNG (271111),Import,384,Côte d'Ivoire,10.356,Pre-COVID
2018,LNG (271111),Import,392,Japan,42895275973.99,Pre-COVID
2018,LNG (271111),Import,398,Kazakhstan,2127388.0,Pre-COVID
2018,LNG (271111),Import,410,Republic of Korea,23188916215.0,Pre-COVID
2018,LNG (271111),Import,418,Lao People's Democratic Republic,88608.0,Pre-COVID
2018,LNG (271111),Import,426,Lesotho,1958823.479,Pre-COVID
2018,LNG (271111),Import,428,Latvia,281080.267,Pre-COVID
2018,LNG (271111),Import,440,Lithuania,268459085.0,Pre-COVID
2018,LNG (271111),Import,442,Luxembourg,375835.586,Pre-COVID
2018,LNG (271111),Import,450,Madagascar,69.488,Pre-COVID
2018,LNG (271111),Import,454,Malawi,129503.842,Pre-COVID
2018,LNG (271111),Import,458,Malaysia,672265107.363,Pre-COVID
2018,LNG (271111),Import,480,Mauritius,213.03,Pre-COVID
2018,LNG (271111),Import,484,Mexico,503023124.0,Pre-COVID
2018,LNG (271111),Import,496,Mongolia,591384.5700000001,Pre-COVID
2018,LNG (271111),Import,508,Mozambique,1217.295,Pre-COVID
2018,LNG (271111),Import,512,Oman,12379086.012,Pre-COVID
2018,LNG (271111),Import,528,Netherlands,995764370.3,Pre-COVID
2018,LNG (271111),Import,554,New Zealand,55701.91,Pre-COVID
2018,LNG (271111),Import,566,Nigeria,220.496,Pre-COVID
2018,LNG (271111),Import,586,Pakistan,3276691278.795,Pre-COVID
2018,LNG (271111),Import,591,Panama,24887000.0,Pre-COVID
2018,LNG (271111),Import,620,Portugal,875961743.762,Pre-COVID
2018,LNG (271111),Import,643,Russian Federation,49061315.089999996,Pre-COVID
2018,LNG (271111),Import,646,Rwanda,5218140.639,Pre-COVID
2018,LNG (271111),Import,682,Saudi Arabia,69204.808,Pre-COVID
2018,LNG (271111),Import,688,Serbia,2334.0,Pre-COVID
2018,LNG (271111),Import,690,Seychelles,18242.356,Pre-COVID
2018,LNG (271111),Import,699,India,10868708694.858,Pre-COVID
2018,LNG (271111),Import,702,Singapore,1724242359.927,Pre-COVID
2018,LNG (271111),Import,703,Slovakia,535647.904,Pre-COVID
2018,LNG (271111),Import,705,Slovenia,93446.8,Pre-COVID
2018,LNG (271111),Import,710,South Africa,308663834.588,Pre-COVID
2018,LNG (271111),Import,716,Zimbabwe,173713.1,Pre-COVID
2018,LNG (271111),Import,724,Spain,4167012713.024,Pre-COVID
2018,LNG (271111),Import,729,Sudan,800.0,Pre-COVID
2018,LNG (271111),Import,748,Eswatini,559238.369,Pre-COVID
2018,LNG (271111),Import,752,Sweden,122462163.403,Pre-COVID
2018,LNG (271111),Import,757,Switzerland,573036.103,Pre-COVID
2018,LNG (271111),Import,764,Thailand,2296846564.9900002,Pre-COVID
2018,LNG (271111),Import,780,Trinidad and Tobago,1042.685,Pre-COVID
2018,LNG (271111),Import,784,United Arab Emirates,15859999.315,Pre-COVID
2018,LNG (271111),Import,800,Uganda,384869.77,Pre-COVID
2018,LNG (271111),Import,818,Egypt,1125260468.573,Pre-COVID
2018,LNG (271111),Import,826,United Kingdom,1467412667.064,Pre-COVID
2018,LNG (271111),Import,834,Tanzania,3713.51,Pre-COVID
2018,LNG (271111),Import,842,United States of America,918228115.0,Pre-COVID
2018,LNG (271111),Import,854,Burkina Faso,44221.585999999996,Pre-COVID
2018,LNG (271111),Import,882,Samoa,129445.69499999999,Pre-COVID
2018,LNG (271111),Import,894,Zambia,8047.115,Pre-COVID
2019,Gaseous NG (271121),Export,31,Azerbaijan,2366833702.74,Pre-COVID
2019,Gaseous NG (271121),Export,32,Argentina,326416836.63,Pre-COVID
2019,Gaseous NG (271121),Export,36,Australia,2515.811,Pre-COVID
2019,Gaseous NG (271121),Export,56,Belgium,3602957720.166,Pre-COVID
2019,Gaseous NG (271121),Export,68,Bolivia,2719936375.99,Pre-COVID
2019,Gaseous NG (271121),Export,70,Bosnia and Herzegovina,1530367.5,Pre-COVID
2019,Gaseous NG (271121),Export,72,Botswana,3551.55,Pre-COVID
2019,Gaseous NG (271121),Export,76,Brazil,482.0,Pre-COVID
2019,Gaseous NG (271121),Export,100,Bulgaria,21485050.895,Pre-COVID
2019,Gaseous NG (271121),Export,104,Myanmar,2120675888.587,Pre-COVID
2019,Gaseous NG (271121),Export,116,Cambodia,77020.0,Pre-COVID
2019,Gaseous NG (271121),Export,124,Canada,6773782535.909,Pre-COVID
2019,Gaseous NG (271121),Export,156,China,969348924.0,Pre-COVID
2019,Gaseous NG (271121),Export,191,Croatia,10406457.0,Pre-COVID
2019,Gaseous NG (271121),Export,203,Czechia,173482733.0,Pre-COVID
2019,Gaseous NG (271121),Export,233,Estonia,148346.491,Pre-COVID
2019,Gaseous NG (271121),Export,242,Fiji,9092.567,Pre-COVID
2019,Gaseous NG (271121),Export,251,France and Monaco,2400865332.6219997,Pre-COVID
2019,Gaseous NG (271121),Export,276,Germany,13278962932.441,Pre-COVID
2019,Gaseous NG (271121),Export,300,Greece,97789492.151,Pre-COVID
2019,Gaseous NG (271121),Export,320,Guatemala,13.0,Pre-COVID
2019,Gaseous NG (271121),Export,344,China Hong Kong,49526.228,Pre-COVID
2019,Gaseous NG (271121),Export,348,Hungary,539926013.0,Pre-COVID
2019,Gaseous NG (271121),Export,360,Indonesia,3040519308.59,Pre-COVID
2019,Gaseous NG (271121),Export,372,Ireland,1079037.226,Pre-COVID
2019,Gaseous NG (271121),Export,376,Israel,49252000.0,Pre-COVID
2019,Gaseous NG (271121),Export,380,Italy,38904394.748,Pre-COVID
2019,Gaseous NG (271121),Export,384,Côte d'Ivoire,12.775,Pre-COVID
2019,Gaseous NG (271121),Export,392,Japan,85625.113,Pre-COVID
2019,Gaseous NG (271121),Export,398,Kazakhstan,2790779761.4900002,Pre-COVID
2019,Gaseous NG (271121),Export,410,Republic of Korea,2802.0,Pre-COVID
2019,Gaseous NG (271121),Export,418,Lao People's Democratic Republic,77020.0,Pre-COVID
2019,Gaseous NG (271121),Export,428,Latvia,28803895.369,Pre-COVID
2019,Gaseous NG (271121),Export,440,Lithuania,49712617.0,Pre-COVID
2019,Gaseous NG (271121),Export,442,Luxembourg,50123.063,Pre-COVID
2019,Gaseous NG (271121),Export,484,Mexico,7173750.0,Pre-COVID
2019,Gaseous NG (271121),Export,516,Namibia,488.61199999999997,Pre-COVID
2019,Gaseous NG (271121),Export,579,Norway,19392511411.092,Pre-COVID
2019,Gaseous NG (271121),Export,620,Portugal,40828944.574,Pre-COVID
2019,Gaseous NG (271121),Export,642,Romania,3457174.67,Pre-COVID
2019,Gaseous NG (271121),Export,682,Saudi Arabia,520.0,Pre-COVID
2019,Gaseous NG (271121),Export,688,Serbia,969073.0,Pre-COVID
2019,Gaseous NG (271121),Export,699,India,2620.451,Pre-COVID
2019,Gaseous NG (271121),Export,702,Singapore,28472.252,Pre-COVID
2019,Gaseous NG (271121),Export,703,Slovakia,88710588.892,Pre-COVID
2019,Gaseous NG (271121),Export,704,Vietnam,977.215,Pre-COVID
2019,Gaseous NG (271121),Export,705,Slovenia,81479301.602,Pre-COVID
2019,Gaseous NG (271121),Export,710,South Africa,290252.64,Pre-COVID
2019,Gaseous NG (271121),Export,752,Sweden,6024208.329,Pre-COVID
2019,Gaseous NG (271121),Export,757,Switzerland,2105.023,Pre-COVID
2019,Gaseous NG (271121),Export,764,Thailand,49761.320999999996,Pre-COVID
2019,Gaseous NG (271121),Export,780,Trinidad and Tobago,83882528.626,Pre-COVID
2019,Gaseous NG (271121),Export,784,United Arab Emirates,29663.897999999997,Pre-COVID
2019,Gaseous NG (271121),Export,807,North Macedonia,382070.25,Pre-COVID
2019,Gaseous NG (271121),Export,826,United Kingdom,1242936956.956,Pre-COVID
2019,Gaseous NG (271121),Export,842,United States of America,5909888992.0,Pre-COVID
2019,Gaseous NG (271121),Export,860,Uzbekistan,2263157049.29,Pre-COVID
2019,Gaseous NG (271121),Import,24,Angola,647.451,Pre-COVID
2019,Gaseous NG (271121),Import,31,Azerbaijan,225392531.64,Pre-COVID
2019,Gaseous NG (271121),Import,32,Argentina,1266024437.0,Pre-COVID
2019,Gaseous NG (271121),Import,51,Armenia,419048892.76,Pre-COVID
2019,Gaseous NG (271121),Import,56,Belgium,5219875547.792,Pre-COVID
2019,Gaseous NG (271121),Import,70,Bosnia and Herzegovina,78488499.44,Pre-COVID
2019,Gaseous NG (271121),Import,72,Botswana,24944.615,Pre-COVID
2019,Gaseous NG (271121),Import,76,Brazil,1429399982.0,Pre-COVID
2019,Gaseous NG (271121),Import,100,Bulgaria,690615655.816,Pre-COVID
2019,Gaseous NG (271121),Import,108,Burundi,294.378,Pre-COVID
2019,Gaseous NG (271121),Import,112,Belarus,2637547300.0,Pre-COVID
2019,Gaseous NG (271121),Import,116,Cambodia,260954.0,Pre-COVID
2019,Gaseous NG (271121),Import,124,Canada,2263429217.7669997,Pre-COVID
2019,Gaseous NG (271121),Import,152,Chile,453444276.16,Pre-COVID
2019,Gaseous NG (271121),Import,156,China,13933175580.0,Pre-COVID
2019,Gaseous NG (271121),Import,170,Colombia,48176.3,Pre-COVID
2019,Gaseous NG (271121),Import,178,Congo,25600.332,Pre-COVID
2019,Gaseous NG (271121),Import,180,Democratic Republic of the Congo,3887.67,Pre-COVID
2019,Gaseous NG (271121),Import,191,Croatia,309962160.0,Pre-COVID
2019,Gaseous NG (271121),Import,203,Czechia,1837917678.0,Pre-COVID
2019,Gaseous NG (271121),Import,208,Denmark,206563371.627,Pre-COVID
2019,Gaseous NG (271121),Import,218,Ecuador,446.405,Pre-COVID
2019,Gaseous NG (271121),Import,233,Estonia,78996943.832,Pre-COVID
2019,Gaseous NG (271121),Import,242,Fiji,4191.756,Pre-COVID
2019,Gaseous NG (271121),Import,251,France and Monaco,7736202773.911,Pre-COVID
2019,Gaseous NG (271121),Import,268,Georgia,315108441.0,Pre-COVID
2019,Gaseous NG (271121),Import,270,Gambia,3989.562,Pre-COVID
2019,Gaseous NG (271121),Import,275,State of Palestine,32254.66,Pre-COVID
2019,Gaseous NG (271121),Import,276,Germany,30331684496.165,Pre-COVID
2019,Gaseous NG (271121),Import,300,Greece,1060772831.444,Pre-COVID
2019,Gaseous NG (271121),Import,344,China Hong Kong,1336943862.425,Pre-COVID
2019,Gaseous NG (271121),Import,348,Hungary,2310326068.0,Pre-COVID
2019,Gaseous NG (271121),Import,372,Ireland,996641155.863,Pre-COVID
2019,Gaseous NG (271121),Import,376,Israel,232719000.0,Pre-COVID
2019,Gaseous NG (271121),Import,380,Italy,12688611188.481,Pre-COVID
2019,Gaseous NG (271121),Import,392,Japan,5674.073,Pre-COVID
2019,Gaseous NG (271121),Import,398,Kazakhstan,613546351.24,Pre-COVID
2019,Gaseous NG (271121),Import,410,Republic of Korea,124972.0,Pre-COVID
2019,Gaseous NG (271121),Import,417,Kyrgyzstan,39016390.0,Pre-COVID
2019,Gaseous NG (271121),Import,418,Lao People's Democratic Republic,260954.0,Pre-COVID
2019,Gaseous NG (271121),Import,426,Lesotho,4733.058,Pre-COVID
2019,Gaseous NG (271121),Import,428,Latvia,241504869.512,Pre-COVID
2019,Gaseous NG (271121),Import,440,Lithuania,279994877.0,Pre-COVID
2019,Gaseous NG (271121),Import,454,Malawi,2441.525,Pre-COVID
2019,Gaseous NG (271121),Import,458,Malaysia,168902946.21400002,Pre-COVID
2019,Gaseous NG (271121),Import,470,Malta,4127.03,Pre-COVID
2019,Gaseous NG (271121),Import,480,Mauritius,9555.856,Pre-COVID
2019,Gaseous NG (271121),Import,484,Mexico,5293629182.0,Pre-COVID
2019,Gaseous NG (271121),Import,499,Montenegro,2417522.101,Pre-COVID
2019,Gaseous NG (271121),Import,504,Morocco,255109009.934,Pre-COVID
2019,Gaseous NG (271121),Import,508,Mozambique,1638.396,Pre-COVID
2019,Gaseous NG (271121),Import,516,Namibia,7031.327,Pre-COVID
2019,Gaseous NG (271121),Import,558,Nicaragua,147.08,Pre-COVID
2019,Gaseous NG (271121),Import,586,Pakistan,7884.728,Pre-COVID
2019,Gaseous NG (271121),Import,608,Philippines,219358.0,Pre-COVID
2019,Gaseous NG (271121),Import,620,Portugal,186720559.087,Pre-COVID
2019,Gaseous NG (271121),Import,634,Qatar,34095.278,Pre-COVID
2019,Gaseous NG (271121),Import,642,Romania,673857595.71,Pre-COVID
2019,Gaseous NG (271121),Import,678,Sao Tome and Principe,18.826,Pre-COVID
2019,Gaseous NG (271121),Import,682,Saudi Arabia,67187.464,Pre-COVID
2019,Gaseous NG (271121),Import,688,Serbia,631309708.0,Pre-COVID
2019,Gaseous NG (271121),Import,702,Singapore,2945605128.992,Pre-COVID
2019,Gaseous NG (271121),Import,703,Slovakia,1948075996.589,Pre-COVID
2019,Gaseous NG (271121),Import,704,Vietnam,23282.059999999998,Pre-COVID
2019,Gaseous NG (271121),Import,705,Slovenia,292960332.412,Pre-COVID
2019,Gaseous NG (271121),Import,710,South Africa,27.707,Pre-COVID
2019,Gaseous NG (271121),Import,724,Spain,2866068545.601,Pre-COVID
2019,Gaseous NG (271121),Import,748,Eswatini,115287.0,Pre-COVID
2019,Gaseous NG (271121),Import,752,Sweden,169783131.326,Pre-COVID
2019,Gaseous NG (271121),Import,757,Switzerland,1196724030.497,Pre-COVID
2019,Gaseous NG (271121),Import,764,Thailand,2456351397.106,Pre-COVID
2019,Gaseous NG (271121),Import,780,Trinidad and Tobago,36516.409999999996,Pre-COVID
2019,Gaseous NG (271121),Import,784,United Arab Emirates,54863.302,Pre-COVID
2019,Gaseous NG (271121),Import,804,Ukraine,2314083600.0,Pre-COVID
2019,Gaseous NG (271121),Import,807,North Macedonia,80453683.41,Pre-COVID
2019,Gaseous NG (271121),Import,826,United Kingdom,5354967463.664,Pre-COVID
2019,Gaseous NG (271121),Import,842,United States of America,6955495762.0,Pre-COVID
2019,Gaseous NG (271121),Import,858,Uruguay,38330121.68,Pre-COVID
2019,Gaseous NG (271121),Import,894,Zambia,3822.4359999999997,Pre-COVID
2019,LNG (271111),Export,24,Angola,1298747214.4160001,Pre-COVID
2019,LNG (271111),Export,56,Belgium,22468723.269,Pre-COVID
2019,LNG (271111),Export,72,Botswana,22346.253,Pre-COVID
2019,LNG (271111),Export,76,Brazil,4283.0,Pre-COVID
2019,LNG (271111),Export,96,Brunei Darussalam,2957293546.323,Pre-COVID
2019,LNG (271111),Export,104,Myanmar,2135883189.003,Pre-COVID
2019,LNG (271111),Export,124,Canada,1543530.317,Pre-COVID
2019,LNG (271111),Export,156,China,21335251.0,Pre-COVID
2019,LNG (271111),Export,170,Colombia,100.0,Pre-COVID
2019,LNG (271111),Export,203,Czechia,93.0,Pre-COVID
2019,LNG (271111),Export,214,Dominican Republic,7850844.25,Pre-COVID
2019,LNG (271111),Export,233,Estonia,1789074.404,Pre-COVID
2019,LNG (271111),Export,246,Finland,16242845.206,Pre-COVID
2019,LNG (271111),Export,251,France and Monaco,123251166.845,Pre-COVID
2019,LNG (271111),Export,268,Georgia,153.99,Pre-COVID
2019,LNG (271111),Export,276,Germany,880250.906,Pre-COVID
2019,LNG (271111),Export,288,Ghana,24.922,Pre-COVID
2019,LNG (271111),Export,300,Greece,30769360.115,Pre-COVID
2019,LNG (271111),Export,328,Guyana,680.0,Pre-COVID
2019,LNG (271111),Export,360,Indonesia,5211229380.4869995,Pre-COVID
2019,LNG (271111),Export,380,Italy,34927090.642000005,Pre-COVID
2019,LNG (271111),Export,384,Côte d'Ivoire,1746.356,Pre-COVID
2019,LNG (271111),Export,404,Kenya,264953.741,Pre-COVID
2019,LNG (271111),Export,410,Republic of Korea,54602.0,Pre-COVID
2019,LNG (271111),Export,426,Lesotho,26.414,Pre-COVID
2019,LNG (271111),Export,428,Latvia,10897137.269,Pre-COVID
2019,LNG (271111),Export,440,Lithuania,16984177.0,Pre-COVID
2019,LNG (271111),Export,442,Luxembourg,4294.067,Pre-COVID
2019,LNG (271111),Export,458,Malaysia,10264019560.495,Pre-COVID
2019,LNG (271111),Export,504,Morocco,16.057,Pre-COVID
2019,LNG (271111),Export,508,Mozambique,230807471.607,Pre-COVID
2019,LNG (271111),Export,516,Namibia,292505.132,Pre-COVID
2019,LNG (271111),Export,528,Netherlands,5533759.006,Pre-COVID
2019,LNG (271111),Export,554,New Zealand,29702558.483000003,Pre-COVID
2019,LNG (271111),Export,579,Norway,766256215.702,Pre-COVID
2019,LNG (271111),Export,604,Peru,623080500.69,Pre-COVID
2019,LNG (271111),Export,634,Qatar,45110913664.069,Pre-COVID
2019,LNG (271111),Export,643,Russian Federation,7920048406.16,Pre-COVID
2019,LNG (271111),Export,646,Rwanda,10563.93,Pre-COVID
2019,LNG (271111),Export,682,Saudi Arabia,585166082.971,Pre-COVID
2019,LNG (271111),Export,699,India,52105399.955,Pre-COVID
2019,LNG (271111),Export,702,Singapore,141641113.229,Pre-COVID
2019,LNG (271111),Export,710,South Africa,5500752.461,Pre-COVID
2019,LNG (271111),Export,724,Spain,43676966.385,Pre-COVID
2019,LNG (271111),Export,752,Sweden,14555350.788,Pre-COVID
2019,LNG (271111),Export,757,Switzerland,45601.778,Pre-COVID
2019,LNG (271111),Export,764,Thailand,175.313,Pre-COVID
2019,LNG (271111),Export,780,Trinidad and Tobago,1146140720.185,Pre-COVID
2019,LNG (271111),Export,784,United Arab Emirates,111415.907,Pre-COVID
2019,LNG (271111),Export,818,Egypt,1235903102.286,Pre-COVID
2019,LNG (271111),Export,826,United Kingdom,190583861.262,Pre-COVID
2019,LNG (271111),Export,834,Tanzania,4147312.06,Pre-COVID
2019,LNG (271111),Export,842,United States of America,9248850344.0,Pre-COVID
2019,LNG (271111),Import,20,Andorra,977703.123,Pre-COVID
2019,LNG (271111),Import,24,Angola,66091.554,Pre-COVID
2019,LNG (271111),Import,31,Azerbaijan,353.32,Pre-COVID
2019,LNG (271111),Import,32,Argentina,431599983.36,Pre-COVID
2019,LNG (271111),Import,36,Australia,2874.806,Pre-COVID
2019,LNG (271111),Import,52,Barbados,2708680.5,Pre-COVID
2019,LNG (271111),Import,56,Belgium,994640559.605,Pre-COVID
2019,LNG (271111),Import,70,Bosnia and Herzegovina,683.97,Pre-COVID
2019,LNG (271111),Import,72,Botswana,1035362.826,Pre-COVID
2019,LNG (271111),Import,76,Brazil,669596941.0,Pre-COVID
2019,LNG (271111),Import,84,Belize,190.49,Pre-COVID
2019,LNG (271111),Import,96,Brunei Darussalam,3691744.151,Pre-COVID
2019,LNG (271111),Import,100,Bulgaria,883745.201,Pre-COVID
2019,LNG (271111),Import,108,Burundi,70294.902,Pre-COVID
2019,LNG (271111),Import,112,Belarus,6100.0,Pre-COVID
2019,LNG (271111),Import,116,Cambodia,73890.0,Pre-COVID
2019,LNG (271111),Import,124,Canada,167183165.241,Pre-COVID
2019,LNG (271111),Import,152,Chile,815200887.02,Pre-COVID
2019,LNG (271111),Import,156,China,28632979476.0,Pre-COVID
2019,LNG (271111),Import,170,Colombia,57044057.62,Pre-COVID
2019,LNG (271111),Import,174,Comoros,137.667,Pre-COVID
2019,LNG (271111),Import,178,Congo,38824.892,Pre-COVID
2019,LNG (271111),Import,180,Democratic Republic of the Congo,227.511,Pre-COVID
2019,LNG (271111),Import,191,Croatia,11226.0,Pre-COVID
2019,LNG (271111),Import,203,Czechia,116619.0,Pre-COVID
2019,LNG (271111),Import,204,Benin,144.906,Pre-COVID
2019,LNG (271111),Import,208,Denmark,19559537.213,Pre-COVID
2019,LNG (271111),Import,214,Dominican Republic,326777243.051,Pre-COVID
2019,LNG (271111),Import,218,Ecuador,663.68,Pre-COVID
2019,LNG (271111),Import,233,Estonia,2944411.05,Pre-COVID
2019,LNG (271111),Import,246,Finland,56928813.302999996,Pre-COVID
2019,LNG (271111),Import,251,France and Monaco,4426778301.76,Pre-COVID
2019,LNG (271111),Import,258,French Polynesia,193.006,Pre-COVID
2019,LNG (271111),Import,270,Gambia,13543.649,Pre-COVID
2019,LNG (271111),Import,275,State of Palestine,79335238.93,Pre-COVID
2019,LNG (271111),Import,276,Germany,7634408.165,Pre-COVID
2019,LNG (271111),Import,288,Ghana,1592.933,Pre-COVID
2019,LNG (271111),Import,300,Greece,475795132.385,Pre-COVID
2019,LNG (271111),Import,328,Guyana,500898.256,Pre-COVID
2019,LNG (271111),Import,348,Hungary,6127.0,Pre-COVID
2019,LNG (271111),Import,352,Iceland,9002.236,Pre-COVID
2019,LNG (271111),Import,372,Ireland,6979.621999999999,Pre-COVID
2019,LNG (271111),Import,380,Italy,2964461244.589,Pre-COVID
2019,LNG (271111),Import,384,Côte d'Ivoire,968.244,Pre-COVID
2019,LNG (271111),Import,392,Japan,39882219224.367,Pre-COVID
2019,LNG (271111),Import,398,Kazakhstan,2628373.0,Pre-COVID
2019,LNG (271111),Import,410,Republic of Korea,20566591669.0,Pre-COVID
2019,LNG (271111),Import,417,Kyrgyzstan,78456.0,Pre-COVID
2019,LNG (271111),Import,418,Lao People's Democratic Republic,73890.0,Pre-COVID
2019,LNG (271111),Import,426,Lesotho,3349595.735,Pre-COVID
2019,LNG (271111),Import,428,Latvia,12815895.160999998,Pre-COVID
2019,LNG (271111),Import,440,Lithuania,349844101.0,Pre-COVID
2019,LNG (271111),Import,442,Luxembourg,17648.619,Pre-COVID
2019,LNG (271111),Import,454,Malawi,39420.375,Pre-COVID
2019,LNG (271111),Import,458,Malaysia,1320017484.713,Pre-COVID
2019,LNG (271111),Import,470,Malta,125151854.634,Pre-COVID
2019,LNG (271111),Import,480,Mauritius,70.622,Pre-COVID
2019,LNG (271111),Import,484,Mexico,382647860.0,Pre-COVID
2019,LNG (271111),Import,496,Mongolia,356334.23,Pre-COVID
2019,LNG (271111),Import,508,Mozambique,8357.166000000001,Pre-COVID
2019,LNG (271111),Import,516,Namibia,4340639.251,Pre-COVID
2019,LNG (271111),Import,528,Netherlands,1977797458.0709999,Pre-COVID
2019,LNG (271111),Import,554,New Zealand,2539.218,Pre-COVID
2019,LNG (271111),Import,586,Pakistan,3249094008.564,Pre-COVID
2019,LNG (271111),Import,591,Panama,113757411.0,Pre-COVID
2019,LNG (271111),Import,600,Paraguay,49389.0,Pre-COVID
2019,LNG (271111),Import,620,Portugal,1364776566.399,Pre-COVID
2019,LNG (271111),Import,643,Russian Federation,319339.63,Pre-COVID
2019,LNG (271111),Import,646,Rwanda,6087722.64,Pre-COVID
2019,LNG (271111),Import,678,Sao Tome and Principe,195.524,Pre-COVID
2019,LNG (271111),Import,682,Saudi Arabia,27365.066,Pre-COVID
2019,LNG (271111),Import,699,India,9547866960.207,Pre-COVID
2019,LNG (271111),Import,702,Singapore,1593848277.28,Pre-COVID
2019,LNG (271111),Import,703,Slovakia,67135.329,Pre-COVID
2019,LNG (271111),Import,704,Vietnam,87891.3,Pre-COVID
2019,LNG (271111),Import,705,Slovenia,346558.384,Pre-COVID
2019,LNG (271111),Import,710,South Africa,317608884.588,Pre-COVID
2019,LNG (271111),Import,716,Zimbabwe,291125.561,Pre-COVID
2019,LNG (271111),Import,724,Spain,4734960115.375,Pre-COVID
2019,LNG (271111),Import,748,Eswatini,3757360.56,Pre-COVID
2019,LNG (271111),Import,752,Sweden,104736383.581,Pre-COVID
2019,LNG (271111),Import,757,Switzerland,597170.81,Pre-COVID
2019,LNG (271111),Import,764,Thailand,2622967411.421,Pre-COVID
2019,LNG (271111),Import,780,Trinidad and Tobago,4691.33,Pre-COVID
2019,LNG (271111),Import,784,United Arab Emirates,1526560.227,Pre-COVID
2019,LNG (271111),Import,800,Uganda,284742.87,Pre-COVID
2019,LNG (271111),Import,807,North Macedonia,32986.9,Pre-COVID
2019,LNG (271111),Import,826,United Kingdom,2913062092.78,Pre-COVID
2019,LNG (271111),Import,842,United States of America,967197686.0,Pre-COVID
2019,LNG (271111),Import,854,Burkina Faso,36640.422,Pre-COVID
2019,LNG (271111),Import,894,Zambia,1894.7889999999998,Pre-COVID
2020,Gaseous NG (271121),Export,31,Azerbaijan,2190522129.78,COVID
2020,Gaseous NG (271121),Export,32,Argentina,215202829.56,COVID
2020,Gaseous NG (271121),Export,36,Australia,1301.914,COVID
2020,Gaseous NG (271121),Export,51,Armenia,3178677.155,COVID
2020,Gaseous NG (271121),Export,56,Belgium,1897884234.507,COVID
2020,Gaseous NG (271121),Export,68,Bolivia,1989292577.84,COVID
2020,Gaseous NG (271121),Export,70,Bosnia and Herzegovina,1294106.31,COVID
2020,Gaseous NG (271121),Export,72,Botswana,15780.307999999999,COVID
2020,Gaseous NG (271121),Export,76,Brazil,1487.0,COVID
2020,Gaseous NG (271121),Export,100,Bulgaria,15303275.788999999,COVID
2020,Gaseous NG (271121),Export,104,Myanmar,3365871917.762,COVID
2020,Gaseous NG (271121),Export,124,Canada,5105939027.101,COVID
2020,Gaseous NG (271121),Export,156,China,766888296.0,COVID
2020,Gaseous NG (271121),Export,191,Croatia,11616224.0,COVID
2020,Gaseous NG (271121),Export,203,Czechia,153943067.0,COVID
2020,Gaseous NG (271121),Export,218,Ecuador,7486.04,COVID
2020,Gaseous NG (271121),Export,233,Estonia,19787380.4,COVID
2020,Gaseous NG (271121),Export,251,France and Monaco,1232286383.517,COVID
2020,Gaseous NG (271121),Export,276,Germany,9441980388.024,COVID
2020,Gaseous NG (271121),Export,288,Ghana,756.6099999999999,COVID
2020,Gaseous NG (271121),Export,300,Greece,109612334.414,COVID
2020,Gaseous NG (271121),Export,328,Guyana,14.408,COVID
2020,Gaseous NG (271121),Export,344,China Hong Kong,17687.653,COVID
2020,Gaseous NG (271121),Export,348,Hungary,545803786.0,COVID
2020,Gaseous NG (271121),Export,360,Indonesia,1787943544.8179998,COVID
2020,Gaseous NG (271121),Export,372,Ireland,8796240.852,COVID
2020,Gaseous NG (271121),Export,380,Italy,37239724.613,COVID
2020,Gaseous NG (271121),Export,392,Japan,130394.034,COVID
2020,Gaseous NG (271121),Export,398,Kazakhstan,1875560915.64,COVID
2020,Gaseous NG (271121),Export,410,Republic of Korea,9225.0,COVID
2020,Gaseous NG (271121),Export,418,Lao People's Democratic Republic,27195.0,COVID
2020,Gaseous NG (271121),Export,428,Latvia,54017265.677,COVID
2020,Gaseous NG (271121),Export,440,Lithuania,30457319.0,COVID
2020,Gaseous NG (271121),Export,484,Mexico,3234360.0,COVID
2020,Gaseous NG (271121),Export,508,Mozambique,228129613.296,COVID
2020,Gaseous NG (271121),Export,516,Namibia,203.859,COVID
2020,Gaseous NG (271121),Export,579,Norway,12286959073.816,COVID
2020,Gaseous NG (271121),Export,604,Peru,176515.02,COVID
2020,Gaseous NG (271121),Export,620,Portugal,29710063.869,COVID
2020,Gaseous NG (271121),Export,642,Romania,19000508.15,COVID
2020,Gaseous NG (271121),Export,688,Serbia,576319.0,COVID
2020,Gaseous NG (271121),Export,699,India,610.952,COVID
2020,Gaseous NG (271121),Export,702,Singapore,38489.858,COVID
2020,Gaseous NG (271121),Export,703,Slovakia,8194983.847999999,COVID
2020,Gaseous NG (271121),Export,704,Vietnam,11660.0,COVID
2020,Gaseous NG (271121),Export,705,Slovenia,24046111.092,COVID
2020,Gaseous NG (271121),Export,710,South Africa,18635.19,COVID
2020,Gaseous NG (271121),Export,724,Spain,185.189,COVID
2020,Gaseous NG (271121),Export,752,Sweden,18050775.123999998,COVID
2020,Gaseous NG (271121),Export,757,Switzerland,2077.082,COVID
2020,Gaseous NG (271121),Export,764,Thailand,38607.826,COVID
2020,Gaseous NG (271121),Export,800,Uganda,100.0,COVID
2020,Gaseous NG (271121),Export,807,North Macedonia,104073.27,COVID
2020,Gaseous NG (271121),Export,826,United Kingdom,883908019.422,COVID
2020,Gaseous NG (271121),Export,834,Tanzania,11692.59,COVID
2020,Gaseous NG (271121),Export,842,United States of America,5483079781.0,COVID
2020,Gaseous NG (271121),Export,860,Uzbekistan,564245936.21,COVID
2020,Gaseous NG (271121),Import,20,Andorra,764.332,COVID
2020,Gaseous NG (271121),Import,24,Angola,11615.273,COVID
2020,Gaseous NG (271121),Import,31,Azerbaijan,5102426.34,COVID
2020,Gaseous NG (271121),Import,32,Argentina,968823787.63,COVID
2020,Gaseous NG (271121),Import,36,Australia,6789.062,COVID
2020,Gaseous NG (271121),Import,51,Armenia,427286388.71,COVID
2020,Gaseous NG (271121),Import,56,Belgium,3131922528.812,COVID
2020,Gaseous NG (271121),Import,68,Bolivia,3158.62,COVID
2020,Gaseous NG (271121),Import,70,Bosnia and Herzegovina,59996133.78,COVID
2020,Gaseous NG (271121),Import,72,Botswana,121184.079,COVID
2020,Gaseous NG (271121),Import,76,Brazil,1072504572.0,COVID
2020,Gaseous NG (271121),Import,100,Bulgaria,421843742.45,COVID
2020,Gaseous NG (271121),Import,108,Burundi,472.459,COVID
2020,Gaseous NG (271121),Import,112,Belarus,2453261700.0,COVID
2020,Gaseous NG (271121),Import,124,Canada,1406802711.71,COVID
2020,Gaseous NG (271121),Import,152,Chile,289322634.72,COVID
2020,Gaseous NG (271121),Import,156,China,13687443348.0,COVID
2020,Gaseous NG (271121),Import,170,Colombia,51715.16,COVID
2020,Gaseous NG (271121),Import,180,Democratic Republic of the Congo,683.154,COVID
2020,Gaseous NG (271121),Import,191,Croatia,261310284.0,COVID
2020,Gaseous NG (271121),Import,203,Czechia,949954967.0,COVID
2020,Gaseous NG (271121),Import,204,Benin,14228.11,COVID
2020,Gaseous NG (271121),Import,208,Denmark,342830897.928,COVID
2020,Gaseous NG (271121),Import,214,Dominican Republic,244.074,COVID
2020,Gaseous NG (271121),Import,233,Estonia,71133977.47,COVID
2020,Gaseous NG (271121),Import,251,France and Monaco,4411114594.837,COVID
2020,Gaseous NG (271121),Import,268,Georgia,302404382.0,COVID
2020,Gaseous NG (271121),Import,270,Gambia,9.992,COVID
2020,Gaseous NG (271121),Import,275,State of Palestine,10610.779999999999,COVID
2020,Gaseous NG (271121),Import,276,Germany,22696168514.335,COVID
2020,Gaseous NG (271121),Import,288,Ghana,20615.764,COVID
2020,Gaseous NG (271121),Import,300,Greece,461285637.604,COVID
2020,Gaseous NG (271121),Import,344,China Hong Kong,1805785618.806,COVID
2020,Gaseous NG (271121),Import,348,Hungary,1485966567.0,COVID
2020,Gaseous NG (271121),Import,360,Indonesia,13630.0,COVID
2020,Gaseous NG (271121),Import,372,Ireland,742950787.503,COVID
2020,Gaseous NG (271121),Import,376,Israel,120550000.0,COVID
2020,Gaseous NG (271121),Import,380,Italy,8067429313.8,COVID
2020,Gaseous NG (271121),Import,392,Japan,6129.675,COVID
2020,Gaseous NG (271121),Import,398,Kazakhstan,498353402.2,COVID
2020,Gaseous NG (271121),Import,404,Kenya,1127.56,COVID
2020,Gaseous NG (271121),Import,410,Republic of Korea,111622.0,COVID
2020,Gaseous NG (271121),Import,417,Kyrgyzstan,47678569.0,COVID
2020,Gaseous NG (271121),Import,418,Lao People's Democratic Republic,152579.4,COVID
2020,Gaseous NG (271121),Import,426,Lesotho,488.36699999999996,COVID
2020,Gaseous NG (271121),Import,428,Latvia,146175256.381,COVID
2020,Gaseous NG (271121),Import,440,Lithuania,91796355.0,COVID
2020,Gaseous NG (271121),Import,454,Malawi,2024.6860000000001,COVID
2020,Gaseous NG (271121),Import,458,Malaysia,115843267.595,COVID
2020,Gaseous NG (271121),Import,480,Mauritius,9189.347,COVID
2020,Gaseous NG (271121),Import,484,Mexico,4447905123.0,COVID
2020,Gaseous NG (271121),Import,496,Mongolia,1084.13,COVID
2020,Gaseous NG (271121),Import,499,Montenegro,2270768.089,COVID
2020,Gaseous NG (271121),Import,504,Morocco,139544044.387,COVID
2020,Gaseous NG (271121),Import,508,Mozambique,158.408,COVID
2020,Gaseous NG (271121),Import,516,Namibia,5722.8,COVID
2020,Gaseous NG (271121),Import,566,Nigeria,1819.495,COVID
2020,Gaseous NG (271121),Import,586,Pakistan,56038.116,COVID
2020,Gaseous NG (271121),Import,620,Portugal,113901032.102,COVID
2020,Gaseous NG (271121),Import,642,Romania,353723988.4,COVID
2020,Gaseous NG (271121),Import,682,Saudi Arabia,45063.733,COVID
2020,Gaseous NG (271121),Import,688,Serbia,462524221.0,COVID
2020,Gaseous NG (271121),Import,702,Singapore,1964854952.725,COVID
2020,Gaseous NG (271121),Import,703,Slovakia,1518711716.826,COVID
2020,Gaseous NG (271121),Import,704,Vietnam,5808.42,COVID
2020,Gaseous NG (271121),Import,705,Slovenia,183821433.144,COVID
2020,Gaseous NG (271121),Import,716,Zimbabwe,620.965,COVID
2020,Gaseous NG (271121),Import,724,Spain,1664803634.5149999,COVID
2020,Gaseous NG (271121),Import,752,Sweden,135375060.511,COVID
2020,Gaseous NG (271121),Import,757,Switzerland,774999374.501,COVID
2020,Gaseous NG (271121),Import,764,Thailand,1829578133.642,COVID
2020,Gaseous NG (271121),Import,780,Trinidad and Tobago,62184.644,COVID
2020,Gaseous NG (271121),Import,800,Uganda,1664.0,COVID
2020,Gaseous NG (271121),Import,804,Ukraine,837038000.0,COVID
2020,Gaseous NG (271121),Import,807,North Macedonia,71251815.57,COVID
2020,Gaseous NG (271121),Import,826,United Kingdom,3670154691.643,COVID
2020,Gaseous NG (271121),Import,834,Tanzania,15249.720000000001,COVID
2020,Gaseous NG (271121),Import,842,United States of America,5023775276.0,COVID
2020,Gaseous NG (271121),Import,858,Uruguay,27293088.19,COVID
2020,Gaseous NG (271121),Import,860,Uzbekistan,47811426.0,COVID
2020,Gaseous NG (271121),Import,894,Zambia,26.269,COVID
2020,LNG (271111),Export,24,Angola,905519584.585,COVID
2020,LNG (271111),Export,56,Belgium,5908143.603,COVID
2020,LNG (271111),Export,72,Botswana,68107.866,COVID
2020,LNG (271111),Export,76,Brazil,25515038.0,COVID
2020,LNG (271111),Export,96,Brunei Darussalam,2160650382.207,COVID
2020,LNG (271111),Export,100,Bulgaria,179461.52000000002,COVID
2020,LNG (271111),Export,124,Canada,2595251.466,COVID
2020,LNG (271111),Export,156,China,22164662.0,COVID
2020,LNG (271111),Export,203,Czechia,28.0,COVID
2020,LNG (271111),Export,214,Dominican Republic,8670668.994,COVID
2020,LNG (271111),Export,233,Estonia,1825210.27,COVID
2020,LNG (271111),Export,246,Finland,39804601.412,COVID
2020,LNG (271111),Export,251,France and Monaco,81873938.033,COVID
2020,LNG (271111),Export,275,State of Palestine,6313.2,COVID
2020,LNG (271111),Export,276,Germany,729461.232,COVID
2020,LNG (271111),Export,288,Ghana,9.017,COVID
2020,LNG (271111),Export,300,Greece,565213.749,COVID
2020,LNG (271111),Export,328,Guyana,5199.996,COVID
2020,LNG (271111),Export,360,Indonesia,3609530721.199,COVID
2020,LNG (271111),Export,380,Italy,32276843.763,COVID
2020,LNG (271111),Export,398,Kazakhstan,2069558.7,COVID
2020,LNG (271111),Export,410,Republic of Korea,7910724.0,COVID
2020,LNG (271111),Export,428,Latvia,429055.894,COVID
2020,LNG (271111),Export,440,Lithuania,1345687.0,COVID
2020,LNG (271111),Export,442,Luxembourg,1846.537,COVID
2020,LNG (271111),Export,458,Malaysia,7115150622.689,COVID
2020,LNG (271111),Export,504,Morocco,79.391,COVID
2020,LNG (271111),Export,508,Mozambique,3757004.36,COVID
2020,LNG (271111),Export,516,Namibia,154028.77,COVID
2020,LNG (271111),Export,528,Netherlands,4337361.054,COVID
2020,LNG (271111),Export,554,New Zealand,1548850.236,COVID
2020,LNG (271111),Export,566,Nigeria,4007612127.508,COVID
2020,LNG (271111),Export,579,Norway,463653933.504,COVID
2020,LNG (271111),Export,604,Peru,133990885.92,COVID
2020,LNG (271111),Export,643,Russian Federation,6745828109.64,COVID
2020,LNG (271111),Export,646,Rwanda,38899.03,COVID
2020,LNG (271111),Export,682,Saudi Arabia,248831387.912,COVID
2020,LNG (271111),Export,699,India,12568140.234000001,COVID
2020,LNG (271111),Export,702,Singapore,241390214.681,COVID
2020,LNG (271111),Export,710,South Africa,5082598.258,COVID
2020,LNG (271111),Export,724,Spain,41747394.604,COVID
2020,LNG (271111),Export,752,Sweden,15105684.618,COVID
2020,LNG (271111),Export,757,Switzerland,96.68,COVID
2020,LNG (271111),Export,764,Thailand,12361.845,COVID
2020,LNG (271111),Export,780,Trinidad and Tobago,486769043.519,COVID
2020,LNG (271111),Export,818,Egypt,438787670.527,COVID
2020,LNG (271111),Export,826,United Kingdom,4411037.073,COVID
2020,LNG (271111),Export,834,Tanzania,2857751.9,COVID
2020,LNG (271111),Export,842,United States of America,13188562015.0,COVID
2020,LNG (271111),Import,20,Andorra,804040.155,COVID
2020,LNG (271111),Import,24,Angola,47325.188,COVID
2020,LNG (271111),Import,31,Azerbaijan,15625.0,COVID
2020,LNG (271111),Import,32,Argentina,226516103.46,COVID
2020,LNG (271111),Import,36,Australia,22567711.886,COVID
2020,LNG (271111),Import,52,Barbados,2946217.0,COVID
2020,LNG (271111),Import,56,Belgium,604936059.345,COVID
2020,LNG (271111),Import,60,Bermuda,141.3,COVID
2020,LNG (271111),Import,72,Botswana,1597392.763,COVID
2020,LNG (271111),Import,76,Brazil,202761498.0,COVID
2020,LNG (271111),Import,84,Belize,2157.335,COVID
2020,LNG (271111),Import,96,Brunei Darussalam,33707.802,COVID
2020,LNG (271111),Import,100,Bulgaria,1910100.101,COVID
2020,LNG (271111),Import,104,Myanmar,94239464.0,COVID
2020,LNG (271111),Import,108,Burundi,76655.91,COVID
2020,LNG (271111),Import,112,Belarus,2200.0,COVID
2020,LNG (271111),Import,116,Cambodia,128927051.03,COVID
2020,LNG (271111),Import,124,Canada,148979707.096,COVID
2020,LNG (271111),Import,152,Chile,693426784.3199999,COVID
2020,LNG (271111),Import,156,China,23241951422.0,COVID
2020,LNG (271111),Import,170,Colombia,59910328.1,COVID
2020,LNG (271111),Import,188,Costa Rica,26977092.92,COVID
2020,LNG (271111),Import,191,Croatia,359638.0,COVID
2020,LNG (271111),Import,203,Czechia,27238.0,COVID
2020,LNG (271111),Import,204,Benin,33913.956999999995,COVID
2020,LNG (271111),Import,208,Denmark,303225079.301,COVID
2020,LNG (271111),Import,214,Dominican Republic,296151200.843,COVID
2020,LNG (271111),Import,218,Ecuador,504.18,COVID
2020,LNG (271111),Import,233,Estonia,2488142.37,COVID
2020,LNG (271111),Import,246,Finland,54042203.978,COVID
2020,LNG (271111),Import,251,France and Monaco,2716482842.485,COVID
2020,LNG (271111),Import,270,Gambia,27976.87,COVID
2020,LNG (271111),Import,275,State of Palestine,75383484.17,COVID
2020,LNG (271111),Import,276,Germany,10550160.207,COVID
2020,LNG (271111),Import,288,Ghana,1522103.505,COVID
2020,LNG (271111),Import,300,Greece,274331962.45,COVID
2020,LNG (271111),Import,328,Guyana,1224421.964,COVID
2020,LNG (271111),Import,348,Hungary,6435.0,COVID
2020,LNG (271111),Import,352,Iceland,19974.77,COVID
2020,LNG (271111),Import,372,Ireland,18547.896,COVID
2020,LNG (271111),Import,380,Italy,2104877290.536,COVID
2020,LNG (271111),Import,392,Japan,29982113217.24,COVID
2020,LNG (271111),Import,398,Kazakhstan,1107477.9100000001,COVID
2020,LNG (271111),Import,404,Kenya,803.735,COVID
2020,LNG (271111),Import,410,Republic of Korea,15716276195.0,COVID
2020,LNG (271111),Import,417,Kyrgyzstan,52399.0,COVID
2020,LNG (271111),Import,418,Lao People's Democratic Republic,11204.51,COVID
2020,LNG (271111),Import,426,Lesotho,5109674.312,COVID
2020,LNG (271111),Import,428,Latvia,1865980.33,COVID
2020,LNG (271111),Import,440,Lithuania,249543767.0,COVID
2020,LNG (271111),Import,442,Luxembourg,30695.009,COVID
2020,LNG (271111),Import,454,Malawi,112282.473,COVID
2020,LNG (271111),Import,458,Malaysia,1159596699.417,COVID
2020,LNG (271111),Import,470,Malta,167653366.098,COVID
2020,LNG (271111),Import,480,Mauritius,69.894,COVID
2020,LNG (271111),Import,484,Mexico,170135628.0,COVID
2020,LNG (271111),Import,496,Mongolia,504631.2,COVID
2020,LNG (271111),Import,508,Mozambique,2808.368,COVID
2020,LNG (271111),Import,516,Namibia,3949347.41,COVID
2020,LNG (271111),Import,528,Netherlands,256752996.753,COVID
2020,LNG (271111),Import,554,New Zealand,1059.761,COVID
2020,LNG (271111),Import,579,Norway,8526556.344,COVID
2020,LNG (271111),Import,586,Pakistan,2084741477.534,COVID
2020,LNG (271111),Import,620,Portugal,1074904016.729,COVID
2020,LNG (271111),Import,643,Russian Federation,27183.75,COVID
2020,LNG (271111),Import,646,Rwanda,3534964.22,COVID
2020,LNG (271111),Import,682,Saudi Arabia,20896.267,COVID
2020,LNG (271111),Import,688,Serbia,50157.0,COVID
2020,LNG (271111),Import,690,Seychelles,2381.667,COVID
2020,LNG (271111),Import,699,India,7906273515.82,COVID
2020,LNG (271111),Import,702,Singapore,1142105173.811,COVID
2020,LNG (271111),Import,703,Slovakia,11555.097,COVID
2020,LNG (271111),Import,705,Slovenia,262922.24199999997,COVID
2020,LNG (271111),Import,710,South Africa,221154020.002,COVID
2020,LNG (271111),Import,716,Zimbabwe,138292.0,COVID
2020,LNG (271111),Import,724,Spain,3450122383.66,COVID
2020,LNG (271111),Import,752,Sweden,152013146.637,COVID
2020,LNG (271111),Import,757,Switzerland,681131.321,COVID
2020,LNG (271111),Import,764,Thailand,1985913792.423,COVID
2020,LNG (271111),Import,800,Uganda,239680.0,COVID
2020,LNG (271111),Import,807,North Macedonia,216744.84,COVID
2020,LNG (271111),Import,818,Egypt,388677982.633,COVID
2020,LNG (271111),Import,826,United Kingdom,2255013287.428,COVID
2020,LNG (271111),Import,842,United States of America,614369796.0,COVID
2020,LNG (271111),Import,894,Zambia,2402.838,COVID
2021,Gaseous NG (271121),Export,31,Azerbaijan,5534398337.06,COVID
2021,Gaseous NG (271121),Export,32,Argentina,123358869.07,COVID
2021,Gaseous NG (271121),Export,36,Australia,17421.895,COVID
2021,Gaseous NG (271121),Export,56,Belgium,10666950994.458,COVID
2021,Gaseous NG (271121),Export,68,Bolivia,2249077092.76,COVID
2021,Gaseous NG (271121),Export,70,Bosnia and Herzegovina,366759.52,COVID
2021,Gaseous NG (271121),Export,72,Botswana,129.485,COVID
2021,Gaseous NG (271121),Export,76,Brazil,304.0,COVID
2021,Gaseous NG (271121),Export,100,Bulgaria,286872775.449,COVID
2021,Gaseous NG (271121),Export,104,Myanmar,3150702807.493,COVID
2021,Gaseous NG (271121),Export,108,Burundi,129.029,COVID
2021,Gaseous NG (271121),Export,124,Canada,10597746168.492,COVID
2021,Gaseous NG (271121),Export,152,Chile,1361767.0,COVID
2021,Gaseous NG (271121),Export,156,China,1706157634.0,COVID
2021,Gaseous NG (271121),Export,191,Croatia,40679814.0,COVID
2021,Gaseous NG (271121),Export,203,Czechia,19493548.0,COVID
2021,Gaseous NG (271121),Export,233,Estonia,161328000.47,COVID
2021,Gaseous NG (271121),Export,251,France and Monaco,1858878555.823,COVID
2021,Gaseous NG (271121),Export,276,Germany,13863690517.96,COVID
2021,Gaseous NG (271121),Export,288,Ghana,2124.707,COVID
2021,Gaseous NG (271121),Export,300,Greece,218579940.715,COVID
2021,Gaseous NG (271121),Export,328,Guyana,72.0,COVID
2021,Gaseous NG (271121),Export,344,China Hong Kong,32481.843,COVID
2021,Gaseous NG (271121),Export,348,Hungary,1124741593.0,COVID
2021,Gaseous NG (271121),Export,360,Indonesia,2869386909.73,COVID
2021,Gaseous NG (271121),Export,372,Ireland,13341666.973,COVID
2021,Gaseous NG (271121),Export,380,Italy,214206835.268,COVID
2021,Gaseous NG (271121),Export,392,Japan,166986.126,COVID
2021,Gaseous NG (271121),Export,398,Kazakhstan,1287441306.6299999,COVID
2021,Gaseous NG (271121),Export,404,Kenya,1906.804,COVID
2021,Gaseous NG (271121),Export,410,Republic of Korea,29041.0,COVID
2021,Gaseous NG (271121),Export,428,Latvia,261513633.153,COVID
2021,Gaseous NG (271121),Export,440,Lithuania,18599456.0,COVID
2021,Gaseous NG (271121),Export,442,Luxembourg,21.688,COVID
2021,Gaseous NG (271121),Export,450,Madagascar,72.954,COVID
2021,Gaseous NG (271121),Export,484,Mexico,1313088.0,COVID
2021,Gaseous NG (271121),Export,508,Mozambique,258156567.468,COVID
2021,Gaseous NG (271121),Export,579,Norway,65802523173.728,COVID
2021,Gaseous NG (271121),Export,620,Portugal,164125733.122,COVID
2021,Gaseous NG (271121),Export,642,Romania,292057864.17,COVID
2021,Gaseous NG (271121),Export,688,Serbia,1175154.0,COVID
2021,Gaseous NG (271121),Export,699,India,303.879,COVID
2021,Gaseous NG (271121),Export,702,Singapore,150422.825,COVID
2021,Gaseous NG (271121),Export,703,Slovakia,4875147.5819999995,COVID
2021,Gaseous NG (271121),Export,704,Vietnam,17600.0,COVID
2021,Gaseous NG (271121),Export,705,Slovenia,4020089.4089999995,COVID
2021,Gaseous NG (271121),Export,710,South Africa,15473.013,COVID
2021,Gaseous NG (271121),Export,724,Spain,29226501.572,COVID
2021,Gaseous NG (271121),Export,752,Sweden,58433183.015,COVID
2021,Gaseous NG (271121),Export,757,Switzerland,496.751,COVID
2021,Gaseous NG (271121),Export,764,Thailand,574510.8740000001,COVID
2021,Gaseous NG (271121),Export,780,Trinidad and Tobago,25799.088,COVID
2021,Gaseous NG (271121),Export,804,Ukraine,38165022.72,COVID
2021,Gaseous NG (271121),Export,807,North Macedonia,20079.73,COVID
2021,Gaseous NG (271121),Export,826,United Kingdom,4762356735.9279995,COVID
2021,Gaseous NG (271121),Export,842,United States of America,12828101921.0,COVID
2021,Gaseous NG (271121),Export,860,Uzbekistan,692355139.22,COVID
2021,Gaseous NG (271121),Import,24,Angola,3526.4669999999996,COVID
2021,Gaseous NG (271121),Import,31,Azerbaijan,19385420.509999998,COVID
2021,Gaseous NG (271121),Import,32,Argentina,964805867.0,COVID
2021,Gaseous NG (271121),Import,48,Bahrain,478.963,COVID
2021,Gaseous NG (271121),Import,51,Armenia,460787447.355,COVID
2021,Gaseous NG (271121),Import,56,Belgium,16080371942.693,COVID
2021,Gaseous NG (271121),Import,68,Bolivia,8212.06,COVID
2021,Gaseous NG (271121),Import,70,Bosnia and Herzegovina,66927777.72,COVID
2021,Gaseous NG (271121),Import,72,Botswana,146089.394,COVID
2021,Gaseous NG (271121),Import,76,Brazil,1278230066.0,COVID
2021,Gaseous NG (271121),Import,100,Bulgaria,1555608127.427,COVID
2021,Gaseous NG (271121),Import,108,Burundi,2725.085,COVID
2021,Gaseous NG (271121),Import,112,Belarus,1004335300.0,COVID
2021,Gaseous NG (271121),Import,124,Canada,2328000920.7660003,COVID
2021,Gaseous NG (271121),Import,152,Chile,253813159.99,COVID
2021,Gaseous NG (271121),Import,156,China,11645997931.0,COVID
2021,Gaseous NG (271121),Import,170,Colombia,43158.26,COVID
2021,Gaseous NG (271121),Import,180,Democratic Republic of the Congo,2274.594,COVID
2021,Gaseous NG (271121),Import,191,Croatia,186187221.0,COVID
2021,Gaseous NG (271121),Import,203,Czechia,3479734706.0,COVID
2021,Gaseous NG (271121),Import,204,Benin,24469.458,COVID
2021,Gaseous NG (271121),Import,208,Denmark,1015454347.743,COVID
2021,Gaseous NG (271121),Import,218,Ecuador,423.165,COVID
2021,Gaseous NG (271121),Import,233,Estonia,152122854.6,COVID
2021,Gaseous NG (271121),Import,251,France and Monaco,11969523692.344,COVID
2021,Gaseous NG (271121),Import,268,Georgia,320845064.0,COVID
2021,Gaseous NG (271121),Import,275,State of Palestine,51144.79,COVID
2021,Gaseous NG (271121),Import,276,Germany,45709565285.951,COVID
2021,Gaseous NG (271121),Import,288,Ghana,3890.1009999999997,COVID
2021,Gaseous NG (271121),Import,300,Greece,2015419926.348,COVID
2021,Gaseous NG (271121),Import,344,China Hong Kong,1879923865.735,COVID
2021,Gaseous NG (271121),Import,348,Hungary,3241535710.0,COVID
2021,Gaseous NG (271121),Import,360,Indonesia,17427.0,COVID
2021,Gaseous NG (271121),Import,372,Ireland,1685999945.343,COVID
2021,Gaseous NG (271121),Import,376,Israel,85050000.0,COVID
2021,Gaseous NG (271121),Import,380,Italy,23529089158.496,COVID
2021,Gaseous NG (271121),Import,398,Kazakhstan,272649427.14,COVID
2021,Gaseous NG (271121),Import,404,Kenya,4230.148,COVID
2021,Gaseous NG (271121),Import,410,Republic of Korea,67048.0,COVID
2021,Gaseous NG (271121),Import,414,Kuwait,5855.0,COVID
2021,Gaseous NG (271121),Import,417,Kyrgyzstan,56752779.0,COVID
2021,Gaseous NG (271121),Import,426,Lesotho,163.162,COVID
2021,Gaseous NG (271121),Import,428,Latvia,510352717.965,COVID
2021,Gaseous NG (271121),Import,440,Lithuania,265654953.0,COVID
2021,Gaseous NG (271121),Import,454,Malawi,299.491,COVID
2021,Gaseous NG (271121),Import,458,Malaysia,106879384.31400001,COVID
2021,Gaseous NG (271121),Import,480,Mauritius,10531.074,COVID
2021,Gaseous NG (271121),Import,484,Mexico,11917398193.0,COVID
2021,Gaseous NG (271121),Import,498,Republic of Moldova,376585759.0,COVID
2021,Gaseous NG (271121),Import,499,Montenegro,2850398.938,COVID
2021,Gaseous NG (271121),Import,504,Morocco,159087161.571,COVID
2021,Gaseous NG (271121),Import,508,Mozambique,128.626,COVID
2021,Gaseous NG (271121),Import,516,Namibia,21556.857,COVID
2021,Gaseous NG (271121),Import,566,Nigeria,57246.486000000004,COVID
2021,Gaseous NG (271121),Import,586,Pakistan,1556.946,COVID
2021,Gaseous NG (271121),Import,608,Philippines,89247.0,COVID
2021,Gaseous NG (271121),Import,620,Portugal,165698368.249,COVID
2021,Gaseous NG (271121),Import,634,Qatar,94274.763,COVID
2021,Gaseous NG (271121),Import,642,Romania,971949367.79,COVID
2021,Gaseous NG (271121),Import,688,Serbia,505042514.0,COVID
2021,Gaseous NG (271121),Import,702,Singapore,3333029103.483,COVID
2021,Gaseous NG (271121),Import,703,Slovakia,3026609498.808,COVID
2021,Gaseous NG (271121),Import,704,Vietnam,969.23,COVID
2021,Gaseous NG (271121),Import,705,Slovenia,271071701.753,COVID
2021,Gaseous NG (271121),Import,724,Spain,2290885044.175,COVID
2021,Gaseous NG (271121),Import,752,Sweden,457362282.207,COVID
2021,Gaseous NG (271121),Import,757,Switzerland,1409543161.889,COVID
2021,Gaseous NG (271121),Import,764,Thailand,1715683180.9129999,COVID
2021,Gaseous NG (271121),Import,768,Togo,97.29,COVID
2021,Gaseous NG (271121),Import,780,Trinidad and Tobago,78436.712,COVID
2021,Gaseous NG (271121),Import,804,Ukraine,2028458731.02,COVID
2021,Gaseous NG (271121),Import,807,North Macedonia,115183123.19,COVID
2021,Gaseous NG (271121),Import,826,United Kingdom,20941596171.078,COVID
2021,Gaseous NG (271121),Import,834,Tanzania,1309.0,COVID
2021,Gaseous NG (271121),Import,842,United States of America,10064738270.0,COVID
2021,Gaseous NG (271121),Import,858,Uruguay,43001612.25,COVID
2021,Gaseous NG (271121),Import,860,Uzbekistan,154153276.0,COVID
2021,Gaseous NG (271121),Import,882,Samoa,81829.989,COVID
2021,LNG (271111),Export,24,Angola,3121265740.542,COVID
2021,LNG (271111),Export,36,Australia,37108596564.056,COVID
2021,LNG (271111),Export,56,Belgium,27419984.076,COVID
2021,LNG (271111),Export,70,Bosnia and Herzegovina,27160.620000000003,COVID
2021,LNG (271111),Export,72,Botswana,65878.462,COVID
2021,LNG (271111),Export,76,Brazil,35648962.0,COVID
2021,LNG (271111),Export,100,Bulgaria,157923.184,COVID
2021,LNG (271111),Export,124,Canada,595588.585,COVID
2021,LNG (271111),Export,156,China,7338435.0,COVID
2021,LNG (271111),Export,191,Croatia,1684282.0,COVID
2021,LNG (271111),Export,214,Dominican Republic,22122357.316999998,COVID
2021,LNG (271111),Export,233,Estonia,14129901.540000001,COVID
2021,LNG (271111),Export,246,Finland,97687755.488,COVID
2021,LNG (271111),Export,251,France and Monaco,496752938.162,COVID
2021,LNG (271111),Export,275,State of Palestine,10670.48,COVID
2021,LNG (271111),Export,276,Germany,3769248.705,COVID
2021,LNG (271111),Export,360,Indonesia,4609725391.29,COVID
2021,LNG (271111),Export,380,Italy,148338521.63300002,COVID
2021,LNG (271111),Export,398,Kazakhstan,394545.62,COVID
2021,LNG (271111),Export,410,Republic of Korea,143792947.0,COVID
2021,LNG (271111),Export,428,Latvia,9543490.609,COVID
2021,LNG (271111),Export,440,Lithuania,7963186.0,COVID
2021,LNG (271111),Export,442,Luxembourg,210.86,COVID
2021,LNG (271111),Export,458,Malaysia,8816254065.853,COVID
2021,LNG (271111),Export,508,Mozambique,13278692.29,COVID
2021,LNG (271111),Export,516,Namibia,121992.446,COVID
2021,LNG (271111),Export,528,Netherlands,459932907.304,COVID
2021,LNG (271111),Export,554,New Zealand,382386.945,COVID
2021,LNG (271111),Export,566,Nigeria,4925595895.393,COVID
2021,LNG (271111),Export,579,Norway,75918436.788,COVID
2021,LNG (271111),Export,608,Philippines,227.0,COVID
2021,LNG (271111),Export,642,Romania,203.39,COVID
2021,LNG (271111),Export,643,Russian Federation,7320220574.85,COVID
2021,LNG (271111),Export,646,Rwanda,44969.39,COVID
2021,LNG (271111),Export,682,Saudi Arabia,456747554.715,COVID
2021,LNG (271111),Export,688,Serbia,188289.0,COVID
2021,LNG (271111),Export,699,India,553449.094,COVID
2021,LNG (271111),Export,702,Singapore,677341902.089,COVID
2021,LNG (271111),Export,704,Vietnam,3481.977,COVID
2021,LNG (271111),Export,710,South Africa,6101611.751,COVID
2021,LNG (271111),Export,724,Spain,693256571.314,COVID
2021,LNG (271111),Export,752,Sweden,28043378.976,COVID
2021,LNG (271111),Export,757,Switzerland,19664.75,COVID
2021,LNG (271111),Export,764,Thailand,47432556.742000006,COVID
2021,LNG (271111),Export,780,Trinidad and Tobago,492224350.199,COVID
2021,LNG (271111),Export,818,Egypt,3903182259.946,COVID
2021,LNG (271111),Export,826,United Kingdom,35075.568,COVID
2021,LNG (271111),Export,834,Tanzania,1631236.06,COVID
2021,LNG (271111),Export,842,United States of America,26937758201.0,COVID
2021,LNG (271111),Import,20,Andorra,1174197.223,COVID
2021,LNG (271111),Import,24,Angola,71590.079,COVID
2021,LNG (271111),Import,28,Antigua and Barbuda,84478.451,COVID
2021,LNG (271111),Import,31,Azerbaijan,11001.96,COVID
2021,LNG (271111),Import,32,Argentina,1178102237.91,COVID
2021,LNG (271111),Import,36,Australia,80925.922,COVID
2021,LNG (271111),Import,48,Bahrain,161.809,COVID
2021,LNG (271111),Import,51,Armenia,164.89,COVID
2021,LNG (271111),Import,52,Barbados,4347294.5,COVID
2021,LNG (271111),Import,56,Belgium,1560016782.13,COVID
2021,LNG (271111),Import,70,Bosnia and Herzegovina,107.89,COVID
2021,LNG (271111),Import,72,Botswana,1056214.56,COVID
2021,LNG (271111),Import,76,Brazil,3682105841.0,COVID
2021,LNG (271111),Import,100,Bulgaria,284076.395,COVID
2021,LNG (271111),Import,104,Myanmar,112970293.0,COVID
2021,LNG (271111),Import,108,Burundi,208108.845,COVID
2021,LNG (271111),Import,116,Cambodia,168222667.92,COVID
2021,LNG (271111),Import,124,Canada,162071506.072,COVID
2021,LNG (271111),Import,152,Chile,1490386505.3600001,COVID
2021,LNG (271111),Import,156,China,44075336854.0,COVID
2021,LNG (271111),Import,170,Colombia,27941492.37,COVID
2021,LNG (271111),Import,180,Democratic Republic of the Congo,146773.094,COVID
2021,LNG (271111),Import,191,Croatia,892055754.0,COVID
2021,LNG (271111),Import,203,Czechia,2354600.0,COVID
2021,LNG (271111),Import,208,Denmark,8677398.568,COVID
2021,LNG (271111),Import,214,Dominican Republic,507978778.58100003,COVID
2021,LNG (271111),Import,218,Ecuador,5.17,COVID
2021,LNG (271111),Import,222,El Salvador,10983812.13,COVID
2021,LNG (271111),Import,233,Estonia,24047577.36,COVID
2021,LNG (271111),Import,246,Finland,103014440.507,COVID
2021,LNG (271111),Import,251,France and Monaco,6395497894.141,COVID
2021,LNG (271111),Import,258,French Polynesia,457.209,COVID
2021,LNG (271111),Import,268,Georgia,30056.23,COVID
2021,LNG (271111),Import,275,State of Palestine,97184614.82,COVID
2021,LNG (271111),Import,276,Germany,98328026.421,COVID
2021,LNG (271111),Import,288,Ghana,2620213.573,COVID
2021,LNG (271111),Import,300,Greece,1031710209.333,COVID
2021,LNG (271111),Import,328,Guyana,1172057.28,COVID
2021,LNG (271111),Import,348,Hungary,7249.0,COVID
2021,LNG (271111),Import,352,Iceland,187.35500000000002,COVID
2021,LNG (271111),Import,360,Indonesia,49.0,COVID
2021,LNG (271111),Import,372,Ireland,247662392.84600002,COVID
2021,LNG (271111),Import,380,Italy,3184012361.389,COVID
2021,LNG (271111),Import,392,Japan,38903437658.028,COVID
2021,LNG (271111),Import,398,Kazakhstan,3042864.93,COVID
2021,LNG (271111),Import,410,Republic of Korea,25452783227.0,COVID
2021,LNG (271111),Import,417,Kyrgyzstan,1011023.0,COVID
2021,LNG (271111),Import,426,Lesotho,9451642.336,COVID
2021,LNG (271111),Import,428,Latvia,12878860.622,COVID
2021,LNG (271111),Import,440,Lithuania,643898411.0,COVID
2021,LNG (271111),Import,442,Luxembourg,25164.517,COVID
2021,LNG (271111),Import,454,Malawi,396655.322,COVID
2021,LNG (271111),Import,458,Malaysia,354562047.224,COVID
2021,LNG (271111),Import,470,Malta,161275679.022,COVID
2021,LNG (271111),Import,480,Mauritius,1652.405,COVID
2021,LNG (271111),Import,484,Mexico,116833977.0,COVID
2021,LNG (271111),Import,496,Mongolia,642901.06,COVID
2021,LNG (271111),Import,499,Montenegro,240099.10400000002,COVID
2021,LNG (271111),Import,504,Morocco,191.954,COVID
2021,LNG (271111),Import,508,Mozambique,1472299.266,COVID
2021,LNG (271111),Import,516,Namibia,4421575.427,COVID
2021,LNG (271111),Import,528,Netherlands,4146239218.447,COVID
2021,LNG (271111),Import,554,New Zealand,64562.96599999999,COVID
2021,LNG (271111),Import,558,Nicaragua,14715.01,COVID
2021,LNG (271111),Import,579,Norway,57895061.264,COVID
2021,LNG (271111),Import,586,Pakistan,3956543820.425,COVID
2021,LNG (271111),Import,620,Portugal,1675485125.427,COVID
2021,LNG (271111),Import,642,Romania,195666.64,COVID
2021,LNG (271111),Import,643,Russian Federation,24909238.25,COVID
2021,LNG (271111),Import,646,Rwanda,2886984.77,COVID
2021,LNG (271111),Import,682,Saudi Arabia,88072.264,COVID
2021,LNG (271111),Import,688,Serbia,1183307.0,COVID
2021,LNG (271111),Import,699,India,12057317946.647,COVID
2021,LNG (271111),Import,702,Singapore,2239218683.652,COVID
2021,LNG (271111),Import,703,Slovakia,252762.08599999998,COVID
2021,LNG (271111),Import,705,Slovenia,389628.681,COVID
2021,LNG (271111),Import,710,South Africa,259952780.135,COVID
2021,LNG (271111),Import,716,Zimbabwe,155592.16,COVID
2021,LNG (271111),Import,724,Spain,8175758777.281,COVID
2021,LNG (271111),Import,752,Sweden,306789703.171,COVID
2021,LNG (271111),Import,757,Switzerland,1875945.343,COVID
2021,LNG (271111),Import,764,Thailand,3768561648.192,COVID
2021,LNG (271111),Import,780,Trinidad and Tobago,18333.352,COVID
2021,LNG (271111),Import,788,Tunisia,37494.827,COVID
2021,LNG (271111),Import,807,North Macedonia,1621821.25,COVID
2021,LNG (271111),Import,818,Egypt,994143004.5699999,COVID
2021,LNG (271111),Import,826,United Kingdom,5474500073.488,COVID
2021,LNG (271111),Import,842,United States of America,949462314.0,COVID
2021,LNG (271111),Import,854,Burkina Faso,692.882,COVID
2021,LNG (271111),Import,882,Samoa,278409.962,COVID
2021,LNG (271111),Import,894,Zambia,1845.02,COVID
2022,Gaseous NG (271121),Export,31,Azerbaijan,14989675865.359999,Crisis
2022,Gaseous NG (271121),Export,32,Argentina,688819871.56,Crisis
2022,Gaseous NG (271121),Export,36,Australia,2515.8089999999997,Crisis
2022,Gaseous NG (271121),Export,56,Belgium,48709727559.118004,Crisis
2022,Gaseous NG (271121),Export,68,Bolivia,2972550763.97,Crisis
2022,Gaseous NG (271121),Export,70,Bosnia and Herzegovina,181816.82,Crisis
2022,Gaseous NG (271121),Export,72,Botswana,3407.998,Crisis
2022,Gaseous NG (271121),Export,100,Bulgaria,803761051.125,Crisis
2022,Gaseous NG (271121),Export,104,Myanmar,3932005424.46,Crisis
2022,Gaseous NG (271121),Export,124,Canada,18904668455.311,Crisis
2022,Gaseous NG (271121),Export,156,China,2090900144.0,Crisis
2022,Gaseous NG (271121),Export,191,Croatia,1328821425.0,Crisis
2022,Gaseous NG (271121),Export,203,Czechia,564521968.0,Crisis
2022,Gaseous NG (271121),Export,214,Dominican Republic,427.24,Crisis
2022,Gaseous NG (271121),Export,222,El Salvador,60.0,Crisis
2022,Gaseous NG (271121),Export,233,Estonia,367850134.63,Crisis
2022,Gaseous NG (271121),Export,246,Finland,99403228.629,Crisis
2022,Gaseous NG (271121),Export,251,France and Monaco,10376608381.989,Crisis
2022,Gaseous NG (271121),Export,258,French Polynesia,303.849,Crisis
2022,Gaseous NG (271121),Export,276,Germany,9466891904.65,Crisis
2022,Gaseous NG (271121),Export,300,Greece,2484742503.869,Crisis
2022,Gaseous NG (271121),Export,344,China Hong Kong,17919.446,Crisis
2022,Gaseous NG (271121),Export,348,Hungary,988573677.0,Crisis
2022,Gaseous NG (271121),Export,360,Indonesia,3043691378.314,Crisis
2022,Gaseous NG (271121),Export,372,Ireland,888970.206,Crisis
2022,Gaseous NG (271121),Export,380,Italy,892597769.288,Crisis
2022,Gaseous NG (271121),Export,392,Japan,209162.507,Crisis
2022,Gaseous NG (271121),Export,398,Kazakhstan,1404857462.05,Crisis
2022,Gaseous NG (271121),Export,410,Republic of Korea,67.0,Crisis
2022,Gaseous NG (271121),Export,428,Latvia,1159080793.822,Crisis
2022,Gaseous NG (271121),Export,440,Lithuania,1307080857.0,Crisis
2022,Gaseous NG (271121),Export,458,Malaysia,11946.594,Crisis
2022,Gaseous NG (271121),Export,484,Mexico,561648.0,Crisis
2022,Gaseous NG (271121),Export,508,Mozambique,295345848.51100004,Crisis
2022,Gaseous NG (271121),Export,516,Namibia,9199.056999999999,Crisis
2022,Gaseous NG (271121),Export,528,Netherlands,2089414.302,Crisis
2022,Gaseous NG (271121),Export,566,Nigeria,122554.214,Crisis
2022,Gaseous NG (271121),Export,579,Norway,143261709155.839,Crisis
2022,Gaseous NG (271121),Export,620,Portugal,449699570.056,Crisis
2022,Gaseous NG (271121),Export,642,Romania,1430206702.65,Crisis
2022,Gaseous NG (271121),Export,688,Serbia,8243559.0,Crisis
2022,Gaseous NG (271121),Export,702,Singapore,40754.034999999996,Crisis
2022,Gaseous NG (271121),Export,704,Vietnam,16600.0,Crisis
2022,Gaseous NG (271121),Export,705,Slovenia,158924288.45000002,Crisis
2022,Gaseous NG (271121),Export,710,South Africa,27285.031,Crisis
2022,Gaseous NG (271121),Export,724,Spain,42037966.357999995,Crisis
2022,Gaseous NG (271121),Export,752,Sweden,3235.849,Crisis
2022,Gaseous NG (271121),Export,757,Switzerland,977.415,Crisis
2022,Gaseous NG (271121),Export,764,Thailand,5541509.522,Crisis
2022,Gaseous NG (271121),Export,804,Ukraine,44726787.94,Crisis
2022,Gaseous NG (271121),Export,826,United Kingdom,22003093875.675,Crisis
2022,Gaseous NG (271121),Export,842,United States of America,15656728245.0,Crisis
2022,Gaseous NG (271121),Export,860,Uzbekistan,892345721.02,Crisis
2022,Gaseous NG (271121),Import,24,Angola,14999.69,Crisis
2022,Gaseous NG (271121),Import,31,Azerbaijan,130634118.12,Crisis
2022,Gaseous NG (271121),Import,32,Argentina,1692138781.0,Crisis
2022,Gaseous NG (271121),Import,48,Bahrain,5230.38,Crisis
2022,Gaseous NG (271121),Import,51,Armenia,504095224.839,Crisis
2022,Gaseous NG (271121),Import,56,Belgium,50816085196.822,Crisis
2022,Gaseous NG (271121),Import,70,Bosnia and Herzegovina,93225054.31,Crisis
2022,Gaseous NG (271121),Import,72,Botswana,180167.503,Crisis
2022,Gaseous NG (271121),Import,76,Brazil,1723941582.0,Crisis
2022,Gaseous NG (271121),Import,96,Brunei Darussalam,1472.198,Crisis
2022,Gaseous NG (271121),Import,100,Bulgaria,3142529348.561,Crisis
2022,Gaseous NG (271121),Import,104,Myanmar,28512.86,Crisis
2022,Gaseous NG (271121),Import,108,Burundi,1791.908,Crisis
2022,Gaseous NG (271121),Import,124,Canada,4231583135.7469997,Crisis
2022,Gaseous NG (271121),Import,152,Chile,997727865.33,Crisis
2022,Gaseous NG (271121),Import,156,China,17852782414.0,Crisis
2022,Gaseous NG (271121),Import,170,Colombia,84119.65,Crisis
2022,Gaseous NG (271121),Import,180,Democratic Republic of the Congo,11544.546,Crisis
2022,Gaseous NG (271121),Import,191,Croatia,318037461.0,Crisis
2022,Gaseous NG (271121),Import,203,Czechia,9711376906.0,Crisis
2022,Gaseous NG (271121),Import,204,Benin,27099.0,Crisis
2022,Gaseous NG (271121),Import,208,Denmark,1845019592.864,Crisis
2022,Gaseous NG (271121),Import,233,Estonia,581691416.76,Crisis
2022,Gaseous NG (271121),Import,242,Fiji,583.863,Crisis
2022,Gaseous NG (271121),Import,251,France and Monaco,24842465483.789,Crisis
2022,Gaseous NG (271121),Import,268,Georgia,438344672.0,Crisis
2022,Gaseous NG (271121),Import,275,State of Palestine,2094.818,Crisis
2022,Gaseous NG (271121),Import,276,Germany,71275554645.905,Crisis
2022,Gaseous NG (271121),Import,300,Greece,6488070627.489,Crisis
2022,Gaseous NG (271121),Import,344,China Hong Kong,2229428632.134,Crisis
2022,Gaseous NG (271121),Import,348,Hungary,9567683562.0,Crisis
2022,Gaseous NG (271121),Import,352,Iceland,963.506,Crisis
2022,Gaseous NG (271121),Import,372,Ireland,3890350856.749,Crisis
2022,Gaseous NG (271121),Import,376,Israel,52228000.0,Crisis
2022,Gaseous NG (271121),Import,380,Italy,52551485306.514,Crisis
2022,Gaseous NG (271121),Import,398,Kazakhstan,233437749.14,Crisis
2022,Gaseous NG (271121),Import,404,Kenya,8512.629,Crisis
2022,Gaseous NG (271121),Import,410,Republic of Korea,72175.0,Crisis
2022,Gaseous NG (271121),Import,414,Kuwait,59384.43,Crisis
2022,Gaseous NG (271121),Import,417,Kyrgyzstan,70193467.0,Crisis
2022,Gaseous NG (271121),Import,418,Lao People's Democratic Republic,5896657.6,Crisis
2022,Gaseous NG (271121),Import,428,Latvia,2488898704.58,Crisis
2022,Gaseous NG (271121),Import,440,Lithuania,722161054.0,Crisis
2022,Gaseous NG (271121),Import,442,Luxembourg,824848531.4350001,Crisis
2022,Gaseous NG (271121),Import,450,Madagascar,1582.404,Crisis
2022,Gaseous NG (271121),Import,458,Malaysia,73843842.448,Crisis
2022,Gaseous NG (271121),Import,480,Mauritius,10753.84,Crisis
2022,Gaseous NG (271121),Import,484,Mexico,13559492332.0,Crisis
2022,Gaseous NG (271121),Import,498,Republic of Moldova,798013990.0,Crisis
2022,Gaseous NG (271121),Import,499,Montenegro,3301015.593,Crisis
2022,Gaseous NG (271121),Import,504,Morocco,237423502.79299998,Crisis
2022,Gaseous NG (271121),Import,508,Mozambique,451.213,Crisis
2022,Gaseous NG (271121),Import,516,Namibia,30341.212,Crisis
2022,Gaseous NG (271121),Import,528,Netherlands,6675908361.595,Crisis
2022,Gaseous NG (271121),Import,586,Pakistan,85802.451,Crisis
2022,Gaseous NG (271121),Import,608,Philippines,850.0,Crisis
2022,Gaseous NG (271121),Import,620,Portugal,541114067.526,Crisis
2022,Gaseous NG (271121),Import,634,Qatar,20645.885,Crisis
2022,Gaseous NG (271121),Import,642,Romania,3501466886.12,Crisis
2022,Gaseous NG (271121),Import,678,Sao Tome and Principe,334.745,Crisis
2022,Gaseous NG (271121),Import,682,Saudi Arabia,2525.6,Crisis
2022,Gaseous NG (271121),Import,688,Serbia,1772395006.0,Crisis
2022,Gaseous NG (271121),Import,702,Singapore,4028646719.083,Crisis
2022,Gaseous NG (271121),Import,703,Slovakia,6482159188.741,Crisis
2022,Gaseous NG (271121),Import,705,Slovenia,906883576.718,Crisis
2022,Gaseous NG (271121),Import,710,South Africa,712138.149,Crisis
2022,Gaseous NG (271121),Import,724,Spain,3606596450.751,Crisis
2022,Gaseous NG (271121),Import,752,Sweden,709136261.839,Crisis
2022,Gaseous NG (271121),Import,757,Switzerland,5681477004.7560005,Crisis
2022,Gaseous NG (271121),Import,764,Thailand,2412186511.587,Crisis
2022,Gaseous NG (271121),Import,804,Ukraine,1314465516.3,Crisis
2022,Gaseous NG (271121),Import,807,North Macedonia,342360917.85,Crisis
2022,Gaseous NG (271121),Import,826,United Kingdom,30446478696.937,Crisis
2022,Gaseous NG (271121),Import,842,United States of America,19121244295.0,Crisis
2022,Gaseous NG (271121),Import,858,Uruguay,70369394.36,Crisis
2022,Gaseous NG (271121),Import,860,Uzbekistan,281092856.0,Crisis
2022,LNG (271111),Export,24,Angola,6060348483.991,Crisis
2022,LNG (271111),Export,36,Australia,62309993168.101,Crisis
2022,LNG (271111),Export,56,Belgium,84752470.958,Crisis
2022,LNG (271111),Export,70,Bosnia and Herzegovina,702386.54,Crisis
2022,LNG (271111),Export,72,Botswana,41174.111,Crisis
2022,LNG (271111),Export,76,Brazil,3584398.0,Crisis
2022,LNG (271111),Export,96,Brunei Darussalam,3487418840.781,Crisis
2022,LNG (271111),Export,100,Bulgaria,20055814.005,Crisis
2022,LNG (271111),Export,120,Cameroon,1008480131.191,Crisis
2022,LNG (271111),Export,124,Canada,115012.774,Crisis
2022,LNG (271111),Export,152,Chile,194232818.26,Crisis
2022,LNG (271111),Export,156,China,1114669661.0,Crisis
2022,LNG (271111),Export,191,Croatia,5204040.0,Crisis
2022,LNG (271111),Export,203,Czechia,65.0,Crisis
2022,LNG (271111),Export,214,Dominican Republic,78768642.899,Crisis
2022,LNG (271111),Export,233,Estonia,15698041.75,Crisis
2022,LNG (271111),Export,242,Fiji,1484.927,Crisis
2022,LNG (271111),Export,246,Finland,38650334.199,Crisis
2022,LNG (271111),Export,251,France and Monaco,47552958.782,Crisis
2022,LNG (271111),Export,276,Germany,6858514.653,Crisis
2022,LNG (271111),Export,360,Indonesia,6668199254.941,Crisis
2022,LNG (271111),Export,372,Ireland,811886.903,Crisis
2022,LNG (271111),Export,380,Italy,779512360.624,Crisis
2022,LNG (271111),Export,404,Kenya,11484.600999999999,Crisis
2022,LNG (271111),Export,410,Republic of Korea,13227663.0,Crisis
2022,LNG (271111),Export,428,Latvia,4224019.39,Crisis
2022,LNG (271111),Export,440,Lithuania,25223761.0,Crisis
2022,LNG (271111),Export,458,Malaysia,15376956056.161001,Crisis
2022,LNG (271111),Export,504,Morocco,19.808,Crisis
2022,LNG (271111),Export,508,Mozambique,246231194.977,Crisis
2022,LNG (271111),Export,516,Namibia,57670.017,Crisis
2022,LNG (271111),Export,528,Netherlands,216675474.104,Crisis
2022,LNG (271111),Export,554,New Zealand,24691.35,Crisis
2022,LNG (271111),Export,566,Nigeria,3348704255.802,Crisis
2022,LNG (271111),Export,579,Norway,3213783531.12,Crisis
2022,LNG (271111),Export,646,Rwanda,49988.41,Crisis
2022,LNG (271111),Export,682,Saudi Arabia,1071496362.8130001,Crisis
2022,LNG (271111),Export,688,Serbia,55407.0,Crisis
2022,LNG (271111),Export,699,India,1651255.0189999999,Crisis
2022,LNG (271111),Export,702,Singapore,227021314.034,Crisis
2022,LNG (271111),Export,710,South Africa,7299274.977,Crisis
2022,LNG (271111),Export,724,Spain,1301580043.533,Crisis
2022,LNG (271111),Export,752,Sweden,43110388.736999996,Crisis
2022,LNG (271111),Export,764,Thailand,998138.817,Crisis
2022,LNG (271111),Export,818,Egypt,9861231000.0,Crisis
2022,LNG (271111),Export,826,United Kingdom,21218.029,Crisis
2022,LNG (271111),Export,834,Tanzania,1113867.09,Crisis
2022,LNG (271111),Export,842,United States of America,47331668727.0,Crisis
2022,LNG (271111),Import,20,Andorra,4079295.889,Crisis
2022,LNG (271111),Import,24,Angola,50114.012,Crisis
2022,LNG (271111),Import,28,Antigua and Barbuda,290132.006,Crisis
2022,LNG (271111),Import,32,Argentina,2566884644.99,Crisis
2022,LNG (271111),Import,36,Australia,40170.248,Crisis
2022,LNG (271111),Import,48,Bahrain,188.098,Crisis
2022,LNG (271111),Import,52,Barbados,7957358.0,Crisis
2022,LNG (271111),Import,56,Belgium,10960565317.67,Crisis
2022,LNG (271111),Import,70,Bosnia and Herzegovina,307.15,Crisis
2022,LNG (271111),Import,72,Botswana,2421277.989,Crisis
2022,LNG (271111),Import,76,Brazil,3572716205.0,Crisis
2022,LNG (271111),Import,96,Brunei Darussalam,1680.0749999999998,Crisis
2022,LNG (271111),Import,100,Bulgaria,797817.196,Crisis
2022,LNG (271111),Import,108,Burundi,500067.261,Crisis
2022,LNG (271111),Import,116,Cambodia,232586945.32,Crisis
2022,LNG (271111),Import,124,Canada,211693752.194,Crisis
2022,LNG (271111),Import,152,Chile,1340564350.35,Crisis
2022,LNG (271111),Import,156,China,52182776220.0,Crisis
2022,LNG (271111),Import,170,Colombia,87550636.74,Crisis
2022,LNG (271111),Import,180,Democratic Republic of the Congo,172909.215,Crisis
2022,LNG (271111),Import,191,Croatia,3719886259.0,Crisis
2022,LNG (271111),Import,203,Czechia,5298599.0,Crisis
2022,LNG (271111),Import,204,Benin,306.218,Crisis
2022,LNG (271111),Import,208,Denmark,857500.167,Crisis
2022,LNG (271111),Import,214,Dominican Republic,834483359.813,Crisis
2022,LNG (271111),Import,218,Ecuador,24683.26,Crisis
2022,LNG (271111),Import,222,El Salvador,93403109.2,Crisis
2022,LNG (271111),Import,233,Estonia,27528540.75,Crisis
2022,LNG (271111),Import,246,Finland,187374944.823,Crisis
2022,LNG (271111),Import,251,France and Monaco,33598467468.331,Crisis
2022,LNG (271111),Import,268,Georgia,9874.177,Crisis
2022,LNG (271111),Import,275,State of Palestine,180175756.603,Crisis
2022,LNG (271111),Import,276,Germany,231318076.585,Crisis
2022,LNG (271111),Import,288,Ghana,258.13,Crisis
2022,LNG (271111),Import,300,Greece,3682182814.296,Crisis
2022,LNG (271111),Import,328,Guyana,2005569.899,Crisis
2022,LNG (271111),Import,348,Hungary,192.0,Crisis
2022,LNG (271111),Import,352,Iceland,325.66999999999996,Crisis
2022,LNG (271111),Import,372,Ireland,1145987250.636,Crisis
2022,LNG (271111),Import,380,Italy,14081870410.525,Crisis
2022,LNG (271111),Import,392,Japan,64028795564.03,Crisis
2022,LNG (271111),Import,398,Kazakhstan,3127196.36,Crisis
2022,LNG (271111),Import,400,Jordan,345765067.975,Crisis
2022,LNG (271111),Import,404,Kenya,141.482,Crisis
2022,LNG (271111),Import,410,Republic of Korea,50022187600.0,Crisis
2022,LNG (271111),Import,414,Kuwait,46673.695999999996,Crisis
2022,LNG (271111),Import,417,Kyrgyzstan,4079.0,Crisis
2022,LNG (271111),Import,418,Lao People's Democratic Republic,80.64,Crisis
2022,LNG (271111),Import,428,Latvia,1947682.6339999998,Crisis
2022,LNG (271111),Import,440,Lithuania,4441532071.0,Crisis
2022,LNG (271111),Import,442,Luxembourg,2722.506,Crisis
2022,LNG (271111),Import,458,Malaysia,2159628019.051,Crisis
2022,LNG (271111),Import,470,Malta,162453673.693,Crisis
2022,LNG (271111),Import,484,Mexico,100725669.0,Crisis
2022,LNG (271111),Import,499,Montenegro,1040185.5449999999,Crisis
2022,LNG (271111),Import,504,Morocco,194.966,Crisis
2022,LNG (271111),Import,512,Oman,43602764.561000004,Crisis
2022,LNG (271111),Import,516,Namibia,4566718.197,Crisis
2022,LNG (271111),Import,528,Netherlands,18649743414.016,Crisis
2022,LNG (271111),Import,554,New Zealand,83244.55900000001,Crisis
2022,LNG (271111),Import,566,Nigeria,562090.162,Crisis
2022,LNG (271111),Import,579,Norway,52257067.442999996,Crisis
2022,LNG (271111),Import,586,Pakistan,4532778216.509,Crisis
2022,LNG (271111),Import,591,Panama,136819892.0,Crisis
2022,LNG (271111),Import,620,Portugal,3949366829.15,Crisis
2022,LNG (271111),Import,646,Rwanda,530.62,Crisis
2022,LNG (271111),Import,678,Sao Tome and Principe,2924.5020000000004,Crisis
2022,LNG (271111),Import,682,Saudi Arabia,62399.998,Crisis
2022,LNG (271111),Import,688,Serbia,263751.0,Crisis
2022,LNG (271111),Import,690,Seychelles,179.558,Crisis
2022,LNG (271111),Import,699,India,17752370850.29,Crisis
2022,LNG (271111),Import,702,Singapore,3541853365.864,Crisis
2022,LNG (271111),Import,703,Slovakia,1961149.667,Crisis
2022,LNG (271111),Import,704,Vietnam,13800.085,Crisis
2022,LNG (271111),Import,705,Slovenia,554484.326,Crisis
2022,LNG (271111),Import,710,South Africa,404861852.554,Crisis
2022,LNG (271111),Import,716,Zimbabwe,772656.8,Crisis
2022,LNG (271111),Import,724,Spain,22537409015.002,Crisis
2022,LNG (271111),Import,752,Sweden,317624209.967,Crisis
2022,LNG (271111),Import,757,Switzerland,6799837.8549999995,Crisis
2022,LNG (271111),Import,764,Thailand,9070960745.654,Crisis
2022,LNG (271111),Import,768,Togo,43890158.181,Crisis
2022,LNG (271111),Import,788,Tunisia,9561.504,Crisis
2022,LNG (271111),Import,807,North Macedonia,180615.41999999998,Crisis
2022,LNG (271111),Import,818,Egypt,1886660000.0,Crisis
2022,LNG (271111),Import,826,United Kingdom,29047059956.082,Crisis
2022,LNG (271111),Import,842,United States of America,1210796376.0,Crisis
2022,LNG (271111),Import,882,Samoa,52457.413,Crisis
2022,LNG (271111),Import,894,Zambia,67237.077,Crisis
2023,Gaseous NG (271121),Export,31,Azerbaijan,13678344144.41,Crisis
2023,Gaseous NG (271121),Export,32,Argentina,790045649.54,Crisis
2023,Gaseous NG (271121),Export,36,Australia,42524.027,Crisis
2023,Gaseous NG (271121),Export,48,Bahrain,50.011,Crisis
2023,Gaseous NG (271121),Export,56,Belgium,15664761463.445,Crisis
2023,Gaseous NG (271121),Export,68,Bolivia,2049682698.73,Crisis
2023,Gaseous NG (271121),Export,70,Bosnia and Herzegovina,1297478.916,Crisis
2023,Gaseous NG (271121),Export,72,Botswana,8198.87,Crisis
2023,Gaseous NG (271121),Export,100,Bulgaria,233499112.227,Crisis
2023,Gaseous NG (271121),Export,104,Myanmar,3437929666.481,Crisis
2023,Gaseous NG (271121),Export,124,Canada,9658115526.798,Crisis
2023,Gaseous NG (271121),Export,156,China,2042482526.0,Crisis
2023,Gaseous NG (271121),Export,191,Croatia,518373394.0,Crisis
2023,Gaseous NG (271121),Export,203,Czechia,9025119.0,Crisis
2023,Gaseous NG (271121),Export,233,Estonia,231454223.33,Crisis
2023,Gaseous NG (271121),Export,246,Finland,240426115.41,Crisis
2023,Gaseous NG (271121),Export,251,France and Monaco,10873282465.869,Crisis
2023,Gaseous NG (271121),Export,276,Germany,3133298000.326,Crisis
2023,Gaseous NG (271121),Export,288,Ghana,5.002,Crisis
2023,Gaseous NG (271121),Export,300,Greece,1506762380.257,Crisis
2023,Gaseous NG (271121),Export,344,China Hong Kong,52308.689,Crisis
2023,Gaseous NG (271121),Export,348,Hungary,765147612.0,Crisis
2023,Gaseous NG (271121),Export,360,Indonesia,2167706604.45,Crisis
2023,Gaseous NG (271121),Export,372,Ireland,1099334.237,Crisis
2023,Gaseous NG (271121),Export,380,Italy,1029416058.972,Crisis
2023,Gaseous NG (271121),Export,392,Japan,203444.683,Crisis
2023,Gaseous NG (271121),Export,398,Kazakhstan,1625262983.35,Crisis
2023,Gaseous NG (271121),Export,410,Republic of Korea,65.0,Crisis
2023,Gaseous NG (271121),Export,428,Latvia,451142974.092,Crisis
2023,Gaseous NG (271121),Export,440,Lithuania,249930940.0,Crisis
2023,Gaseous NG (271121),Export,442,Luxembourg,613556.481,Crisis
2023,Gaseous NG (271121),Export,458,Malaysia,83426751.234,Crisis
2023,Gaseous NG (271121),Export,508,Mozambique,68178000.0,Crisis
2023,Gaseous NG (271121),Export,512,Oman,80.624,Crisis
2023,Gaseous NG (271121),Export,516,Namibia,92.053,Crisis
2023,Gaseous NG (271121),Export,528,Netherlands,44692799.46,Crisis
2023,Gaseous NG (271121),Export,579,Norway,56996600618.528,Crisis
2023,Gaseous NG (271121),Export,620,Portugal,402282432.52,Crisis
2023,Gaseous NG (271121),Export,642,Romania,1064205082.55,Crisis
2023,Gaseous NG (271121),Export,688,Serbia,1823083.0,Crisis
2023,Gaseous NG (271121),Export,699,India,1002.305,Crisis
2023,Gaseous NG (271121),Export,702,Singapore,137722.728,Crisis
2023,Gaseous NG (271121),Export,703,Slovakia,239654.86700000003,Crisis
2023,Gaseous NG (271121),Export,704,Vietnam,12000.0,Crisis
2023,Gaseous NG (271121),Export,705,Slovenia,68511246.326,Crisis
2023,Gaseous NG (271121),Export,710,South Africa,47424.627,Crisis
2023,Gaseous NG (271121),Export,716,Zimbabwe,49.22,Crisis
2023,Gaseous NG (271121),Export,724,Spain,81925689.43800001,Crisis
2023,Gaseous NG (271121),Export,752,Sweden,288.291,Crisis
2023,Gaseous NG (271121),Export,757,Switzerland,23877.513000000003,Crisis
2023,Gaseous NG (271121),Export,764,Thailand,3708164.378,Crisis
2023,Gaseous NG (271121),Export,768,Togo,6755.128,Crisis
2023,Gaseous NG (271121),Export,826,United Kingdom,7529948315.074,Crisis
2023,Gaseous NG (271121),Export,834,Tanzania,15044.4,Crisis
2023,Gaseous NG (271121),Export,842,United States of America,7701647248.0,Crisis
2023,Gaseous NG (271121),Export,860,Uzbekistan,525416939.942,Crisis
2023,Gaseous NG (271121),Import,24,Angola,10691.953,Crisis
2023,Gaseous NG (271121),Import,31,Azerbaijan,361997488.32,Crisis
2023,Gaseous NG (271121),Import,32,Argentina,876415707.3,Crisis
2023,Gaseous NG (271121),Import,36,Australia,4207.476,Crisis
2023,Gaseous NG (271121),Import,48,Bahrain,80.41,Crisis
2023,Gaseous NG (271121),Import,51,Armenia,470131214.577,Crisis
2023,Gaseous NG (271121),Import,56,Belgium,18306856125.697998,Crisis
2023,Gaseous NG (271121),Import,68,Bolivia,1350.0,Crisis
2023,Gaseous NG (271121),Import,70,Bosnia and Herzegovina,91977779.272,Crisis
2023,Gaseous NG (271121),Import,72,Botswana,252873.162,Crisis
2023,Gaseous NG (271121),Import,76,Brazil,1376287639.0,Crisis
2023,Gaseous NG (271121),Import,84,Belize,724.76,Crisis
2023,Gaseous NG (271121),Import,96,Brunei Darussalam,24775.984000000004,Crisis
2023,Gaseous NG (271121),Import,100,Bulgaria,787859775.596,Crisis
2023,Gaseous NG (271121),Import,104,Myanmar,9475.88,Crisis
2023,Gaseous NG (271121),Import,116,Cambodia,202.73,Crisis
2023,Gaseous NG (271121),Import,120,Cameroon,4223793.643999999,Crisis
2023,Gaseous NG (271121),Import,124,Canada,2197557682.343,Crisis
2023,Gaseous NG (271121),Import,152,Chile,978294645.96,Crisis
2023,Gaseous NG (271121),Import,156,China,19401850087.0,Crisis
2023,Gaseous NG (271121),Import,170,Colombia,4927.969999999999,Crisis
2023,Gaseous NG (271121),Import,191,Croatia,132472220.0,Crisis
2023,Gaseous NG (271121),Import,203,Czechia,3866773207.0,Crisis
2023,Gaseous NG (271121),Import,204,Benin,41207.619,Crisis
2023,Gaseous NG (271121),Import,208,Denmark,8141777862.787,Crisis
2023,Gaseous NG (271121),Import,233,Estonia,451361686.39,Crisis
2023,Gaseous NG (271121),Import,251,France and Monaco,22882341607.77,Crisis
2023,Gaseous NG (271121),Import,268,Georgia,423717848.0,Crisis
2023,Gaseous NG (271121),Import,275,State of Palestine,141017.959,Crisis
2023,Gaseous NG (271121),Import,276,Germany,26363357295.245,Crisis
2023,Gaseous NG (271121),Import,288,Ghana,18827.376,Crisis
2023,Gaseous NG (271121),Import,300,Greece,3129605176.755,Crisis
2023,Gaseous NG (271121),Import,344,China Hong Kong,2104042485.843,Crisis
2023,Gaseous NG (271121),Import,348,Hungary,4486323218.0,Crisis
2023,Gaseous NG (271121),Import,352,Iceland,71.928,Crisis
2023,Gaseous NG (271121),Import,372,Ireland,2665189981.822,Crisis
2023,Gaseous NG (271121),Import,376,Israel,45419000.0,Crisis
2023,Gaseous NG (271121),Import,380,Italy,23773438873.545002,Crisis
2023,Gaseous NG (271121),Import,392,Japan,13263.796999999999,Crisis
2023,Gaseous NG (271121),Import,398,Kazakhstan,255477135.25,Crisis
2023,Gaseous NG (271121),Import,404,Kenya,1459.415,Crisis
2023,Gaseous NG (271121),Import,410,Republic of Korea,77934.0,Crisis
2023,Gaseous NG (271121),Import,414,Kuwait,34133.693,Crisis
2023,Gaseous NG (271121),Import,417,Kyrgyzstan,65812182.0,Crisis
2023,Gaseous NG (271121),Import,418,Lao People's Democratic Republic,3865379.0,Crisis
2023,Gaseous NG (271121),Import,428,Latvia,954500950.531,Crisis
2023,Gaseous NG (271121),Import,440,Lithuania,193144482.0,Crisis
2023,Gaseous NG (271121),Import,454,Malawi,11118.39,Crisis
2023,Gaseous NG (271121),Import,458,Malaysia,724013.76,Crisis
2023,Gaseous NG (271121),Import,480,Mauritius,11380.270999999999,Crisis
2023,Gaseous NG (271121),Import,484,Mexico,6609973358.0,Crisis
2023,Gaseous NG (271121),Import,498,Republic of Moldova,532063503.0,Crisis
2023,Gaseous NG (271121),Import,499,Montenegro,1550656.173,Crisis
2023,Gaseous NG (271121),Import,504,Morocco,591916043.832,Crisis
2023,Gaseous NG (271121),Import,508,Mozambique,3000.0,Crisis
2023,Gaseous NG (271121),Import,512,Oman,163.849,Crisis
2023,Gaseous NG (271121),Import,516,Namibia,26002.960000000003,Crisis
2023,Gaseous NG (271121),Import,528,Netherlands,4769699863.776,Crisis
2023,Gaseous NG (271121),Import,566,Nigeria,28757.139,Crisis
2023,Gaseous NG (271121),Import,586,Pakistan,17060.18,Crisis
2023,Gaseous NG (271121),Import,620,Portugal,445141070.268,Crisis
2023,Gaseous NG (271121),Import,642,Romania,1212165871.49,Crisis
2023,Gaseous NG (271121),Import,682,Saudi Arabia,72570.665,Crisis
2023,Gaseous NG (271121),Import,688,Serbia,1361597057.0,Crisis
2023,Gaseous NG (271121),Import,699,India,9248.2,Crisis
2023,Gaseous NG (271121),Import,702,Singapore,2710735815.802,Crisis
2023,Gaseous NG (271121),Import,703,Slovakia,3253743985.38,Crisis
2023,Gaseous NG (271121),Import,705,Slovenia,660331833.282,Crisis
2023,Gaseous NG (271121),Import,710,South Africa,1892253.323,Crisis
2023,Gaseous NG (271121),Import,724,Spain,3225734644.55,Crisis
2023,Gaseous NG (271121),Import,752,Sweden,263853913.231,Crisis
2023,Gaseous NG (271121),Import,757,Switzerland,2141118529.063,Crisis
2023,Gaseous NG (271121),Import,764,Thailand,2041610746.83,Crisis
2023,Gaseous NG (271121),Import,780,Trinidad and Tobago,94461.255,Crisis
2023,Gaseous NG (271121),Import,804,Ukraine,1221459657.5,Crisis
2023,Gaseous NG (271121),Import,807,North Macedonia,267286126.03,Crisis
2023,Gaseous NG (271121),Import,826,United Kingdom,12904019405.639,Crisis
2023,Gaseous NG (271121),Import,834,Tanzania,4022.04,Crisis
2023,Gaseous NG (271121),Import,842,United States of America,12202989577.0,Crisis
2023,Gaseous NG (271121),Import,854,Burkina Faso,1683.5240000000001,Crisis
2023,Gaseous NG (271121),Import,858,Uruguay,79854241.62,Crisis
2023,Gaseous NG (271121),Import,860,Uzbekistan,683246407.0,Crisis
2023,Gaseous NG (271121),Import,894,Zambia,996.985,Crisis
2023,LNG (271111),Export,24,Angola,2587010895.52,Crisis
2023,LNG (271111),Export,36,Australia,49580491409.468,Crisis
2023,LNG (271111),Export,56,Belgium,45091802.987,Crisis
2023,LNG (271111),Export,70,Bosnia and Herzegovina,907622.165,Crisis
2023,LNG (271111),Export,72,Botswana,42982.817,Crisis
2023,LNG (271111),Export,76,Brazil,45697221.0,Crisis
2023,LNG (271111),Export,96,Brunei Darussalam,2618728801.334,Crisis
2023,LNG (271111),Export,120,Cameroon,693692884.839,Crisis
2023,LNG (271111),Export,124,Canada,848206.6460000001,Crisis
2023,LNG (271111),Export,152,Chile,13314860.4,Crisis
2023,LNG (271111),Export,156,China,1014406284.0,Crisis
2023,LNG (271111),Export,191,Croatia,2464117.0,Crisis
2023,LNG (271111),Export,203,Czechia,62.0,Crisis
2023,LNG (271111),Export,214,Dominican Republic,786148.3400000001,Crisis
2023,LNG (271111),Export,233,Estonia,5695067.7,Crisis
2023,LNG (271111),Export,242,Fiji,193.479,Crisis
2023,LNG (271111),Export,246,Finland,9687298.07,Crisis
2023,LNG (271111),Export,251,France and Monaco,21911756.562,Crisis
2023,LNG (271111),Export,276,Germany,3866807.505,Crisis
2023,LNG (271111),Export,300,Greece,514517.80700000003,Crisis
2023,LNG (271111),Export,360,Indonesia,6605445374.207,Crisis
2023,LNG (271111),Export,372,Ireland,4731968.249,Crisis
2023,LNG (271111),Export,380,Italy,137827591.019,Crisis
2023,LNG (271111),Export,404,Kenya,59.897,Crisis
2023,LNG (271111),Export,410,Republic of Korea,8971203.0,Crisis
2023,LNG (271111),Export,428,Latvia,81756.54,Crisis
2023,LNG (271111),Export,440,Lithuania,32342050.0,Crisis
2023,LNG (271111),Export,450,Madagascar,108.776,Crisis
2023,LNG (271111),Export,458,Malaysia,13103763551.92,Crisis
2023,LNG (271111),Export,504,Morocco,39.238,Crisis
2023,LNG (271111),Export,508,Mozambique,1657942000.0,Crisis
2023,LNG (271111),Export,512,Oman,6701524595.495999,Crisis
2023,LNG (271111),Export,516,Namibia,127053.794,Crisis
2023,LNG (271111),Export,528,Netherlands,502056611.733,Crisis
2023,LNG (271111),Export,554,New Zealand,5422.793,Crisis
2023,LNG (271111),Export,566,Nigeria,5670690418.59,Crisis
2023,LNG (271111),Export,579,Norway,2766645110.086,Crisis
2023,LNG (271111),Export,682,Saudi Arabia,1031046838.49,Crisis
2023,LNG (271111),Export,688,Serbia,92086.0,Crisis
2023,LNG (271111),Export,699,India,2206151.421,Crisis
2023,LNG (271111),Export,702,Singapore,148107558.907,Crisis
2023,LNG (271111),Export,705,Slovenia,4.425,Crisis
2023,LNG (271111),Export,710,South Africa,5556994.312,Crisis
2023,LNG (271111),Export,724,Spain,1123529019.335,Crisis
2023,LNG (271111),Export,752,Sweden,49279789.497,Crisis
2023,LNG (271111),Export,757,Switzerland,7571.331,Crisis
2023,LNG (271111),Export,764,Thailand,1015908.132,Crisis
2023,LNG (271111),Export,780,Trinidad and Tobago,608621563.447,Crisis
2023,LNG (271111),Export,818,Egypt,2573878000.0,Crisis
2023,LNG (271111),Export,826,United Kingdom,3737.1189999999997,Crisis
2023,LNG (271111),Export,834,Tanzania,1155420.28,Crisis
2023,LNG (271111),Export,842,United States of America,34267727567.0,Crisis
2023,LNG (271111),Export,894,Zambia,33243.995,Crisis
2023,LNG (271111),Import,20,Andorra,2760494.601,Crisis
2023,LNG (271111),Import,24,Angola,44143.97,Crisis
2023,LNG (271111),Import,28,Antigua and Barbuda,551124.027,Crisis
2023,LNG (271111),Import,31,Azerbaijan,1757.47,Crisis
2023,LNG (271111),Import,32,Argentina,1799875976.05,Crisis
2023,LNG (271111),Import,36,Australia,14165.475,Crisis
2023,LNG (271111),Import,51,Armenia,126.0,Crisis
2023,LNG (271111),Import,52,Barbados,10322334.0,Crisis
2023,LNG (271111),Import,56,Belgium,6001397632.362,Crisis
2023,LNG (271111),Import,70,Bosnia and Herzegovina,19590.497,Crisis
2023,LNG (271111),Import,72,Botswana,2590972.325,Crisis
2023,LNG (271111),Import,76,Brazil,375181335.0,Crisis
2023,LNG (271111),Import,96,Brunei Darussalam,22694.36,Crisis
2023,LNG (271111),Import,100,Bulgaria,124019.111,Crisis
2023,LNG (271111),Import,116,Cambodia,235709114.35,Crisis
2023,LNG (271111),Import,120,Cameroon,4994307.857000001,Crisis
2023,LNG (271111),Import,124,Canada,49073281.947000004,Crisis
2023,LNG (271111),Import,152,Chile,1041471624.9,Crisis
2023,LNG (271111),Import,156,China,44866988952.0,Crisis
2023,LNG (271111),Import,170,Colombia,441455965.74,Crisis
2023,LNG (271111),Import,191,Croatia,1981645496.0,Crisis
2023,LNG (271111),Import,203,Czechia,4107152.0,Crisis
2023,LNG (271111),Import,208,Denmark,754753.54,Crisis
2023,LNG (271111),Import,214,Dominican Republic,734878394.505,Crisis
2023,LNG (271111),Import,222,El Salvador,190789337.45,Crisis
2023,LNG (271111),Import,233,Estonia,18401033.25,Crisis
2023,LNG (271111),Import,246,Finland,755412415.242,Crisis
2023,LNG (271111),Import,251,France and Monaco,16380004391.368,Crisis
2023,LNG (271111),Import,268,Georgia,3157.961,Crisis
2023,LNG (271111),Import,275,State of Palestine,111317756.237,Crisis
2023,LNG (271111),Import,276,Germany,3377305641.546,Crisis
2023,LNG (271111),Import,300,Greece,1574165217.339,Crisis
2023,LNG (271111),Import,328,Guyana,1195097.307,Crisis
2023,LNG (271111),Import,344,China Hong Kong,186755154.076,Crisis
2023,LNG (271111),Import,348,Hungary,1647229.0,Crisis
2023,LNG (271111),Import,352,Iceland,965.237,Crisis
2023,LNG (271111),Import,372,Ireland,1117303673.1060002,Crisis
2023,LNG (271111),Import,380,Italy,7929133686.148,Crisis
2023,LNG (271111),Import,392,Japan,46983030882.242,Crisis
2023,LNG (271111),Import,398,Kazakhstan,2498450.53,Crisis
2023,LNG (271111),Import,404,Kenya,1140.355,Crisis
2023,LNG (271111),Import,410,Republic of Korea,36048868662.0,Crisis
2023,LNG (271111),Import,414,Kuwait,19340.711,Crisis
2023,LNG (271111),Import,418,Lao People's Democratic Republic,27444.5,Crisis
2023,LNG (271111),Import,428,Latvia,1707880.158,Crisis
2023,LNG (271111),Import,440,Lithuania,1708277322.0,Crisis
2023,LNG (271111),Import,442,Luxembourg,155638.081,Crisis
2023,LNG (271111),Import,454,Malawi,940849.96,Crisis
2023,LNG (271111),Import,458,Malaysia,1534471225.6,Crisis
2023,LNG (271111),Import,470,Malta,162234505.65399998,Crisis
2023,LNG (271111),Import,484,Mexico,116170736.0,Crisis
2023,LNG (271111),Import,499,Montenegro,1081790.452,Crisis
2023,LNG (271111),Import,508,Mozambique,3000.0,Crisis
2023,LNG (271111),Import,512,Oman,7045.514,Crisis
2023,LNG (271111),Import,516,Namibia,2940450.739,Crisis
2023,LNG (271111),Import,528,Netherlands,18467914265.074,Crisis
2023,LNG (271111),Import,554,New Zealand,17359.964,Crisis
2023,LNG (271111),Import,579,Norway,43040606.149000004,Crisis
2023,LNG (271111),Import,586,Pakistan,3661873228.1940002,Crisis
2023,LNG (271111),Import,608,Philippines,439614806.0,Crisis
2023,LNG (271111),Import,620,Portugal,1660074098.156,Crisis
2023,LNG (271111),Import,682,Saudi Arabia,96257.864,Crisis
2023,LNG (271111),Import,688,Serbia,224326.0,Crisis
2023,LNG (271111),Import,699,India,13260506520.007,Crisis
2023,LNG (271111),Import,702,Singapore,2961010529.454,Crisis
2023,LNG (271111),Import,703,Slovakia,1442899.865,Crisis
2023,LNG (271111),Import,704,Vietnam,30767234.8,Crisis
2023,LNG (271111),Import,705,Slovenia,456107.497,Crisis
2023,LNG (271111),Import,710,South Africa,410339615.523,Crisis
2023,LNG (271111),Import,724,Spain,10761161045.049,Crisis
2023,LNG (271111),Import,752,Sweden,233464903.099,Crisis
2023,LNG (271111),Import,757,Switzerland,3628863.8619999997,Crisis
2023,LNG (271111),Import,764,Thailand,8396171042.191,Crisis
2023,LNG (271111),Import,768,Togo,48028894.778,Crisis
2023,LNG (271111),Import,780,Trinidad and Tobago,36185.863,Crisis
2023,LNG (271111),Import,807,North Macedonia,549184.075,Crisis
2023,LNG (271111),Import,818,Egypt,2341370000.0,Crisis
2023,LNG (271111),Import,826,United Kingdom,12117902633.856,Crisis
2023,LNG (271111),Import,842,United States of America,1004379476.0,Crisis
2023,LNG (271111),Import,860,Uzbekistan,2545.0,Crisis
2023,LNG (271111),Import,894,Zambia,1011.856,Crisis
2024,Gaseous NG (271121),Export,28,Antigua and Barbuda,1148.148,Crisis
2024,Gaseous NG (271121),Export,31,Azerbaijan,8406728723.48,Crisis
2024,Gaseous NG (271121),Export,32,Argentina,667061988.51,Crisis
2024,Gaseous NG (271121),Export,36,Australia,8903.032,Crisis
2024,Gaseous NG (271121),Export,56,Belgium,9443338659.21,Crisis
2024,Gaseous NG (271121),Export,68,Bolivia,1600099096.1399999,Crisis
2024,Gaseous NG (271121),Export,70,Bosnia and Herzegovina,3920099.455,Crisis
2024,Gaseous NG (271121),Export,76,Brazil,2588.0,Crisis
2024,Gaseous NG (271121),Export,100,Bulgaria,123208050.22,Crisis
2024,Gaseous NG (271121),Export,104,Myanmar,3205842160.637,Crisis
2024,Gaseous NG (271121),Export,124,Canada,6064392307.440001,Crisis
2024,Gaseous NG (271121),Export,152,Chile,36353392.77,Crisis
2024,Gaseous NG (271121),Export,156,China,2023630043.0,Crisis
2024,Gaseous NG (271121),Export,191,Croatia,397171812.0,Crisis
2024,Gaseous NG (271121),Export,203,Czechia,38516424.0,Crisis
2024,Gaseous NG (271121),Export,233,Estonia,258416441.2,Crisis
2024,Gaseous NG (271121),Export,246,Finland,291935930.902,Crisis
2024,Gaseous NG (271121),Export,251,France and Monaco,6690021975.769,Crisis
2024,Gaseous NG (271121),Export,276,Germany,2713288705.542,Crisis
2024,Gaseous NG (271121),Export,300,Greece,371988774.462,Crisis
2024,Gaseous NG (271121),Export,348,Hungary,788846641.0,Crisis
2024,Gaseous NG (271121),Export,360,Indonesia,2166542460.3,Crisis
2024,Gaseous NG (271121),Export,372,Ireland,845758.046,Crisis
2024,Gaseous NG (271121),Export,376,Israel,463214000.0,Crisis
2024,Gaseous NG (271121),Export,380,Italy,156502761.33,Crisis
2024,Gaseous NG (271121),Export,392,Japan,244905.595,Crisis
2024,Gaseous NG (271121),Export,410,Republic of Korea,648.0,Crisis
2024,Gaseous NG (271121),Export,428,Latvia,200008028.996,Crisis
2024,Gaseous NG (271121),Export,440,Lithuania,312409536.0,Crisis
2024,Gaseous NG (271121),Export,442,Luxembourg,50989.391,Crisis
2024,Gaseous NG (271121),Export,458,Malaysia,72487.838,Crisis
2024,Gaseous NG (271121),Export,528,Netherlands,24228646.887000002,Crisis
2024,Gaseous NG (271121),Export,579,Norway,49294453823.464,Crisis
2024,Gaseous NG (271121),Export,604,Peru,1166432.087,Crisis
2024,Gaseous NG (271121),Export,620,Portugal,456104289.394,Crisis
2024,Gaseous NG (271121),Export,642,Romania,885104697.48,Crisis
2024,Gaseous NG (271121),Export,682,Saudi Arabia,311825320.471,Crisis
2024,Gaseous NG (271121),Export,688,Serbia,45308.0,Crisis
2024,Gaseous NG (271121),Export,702,Singapore,46894.879,Crisis
2024,Gaseous NG (271121),Export,705,Slovenia,17843172.955,Crisis
2024,Gaseous NG (271121),Export,710,South Africa,32237.559,Crisis
2024,Gaseous NG (271121),Export,724,Spain,76937503.679,Crisis
2024,Gaseous NG (271121),Export,752,Sweden,3826562.302,Crisis
2024,Gaseous NG (271121),Export,757,Switzerland,4063.241,Crisis
2024,Gaseous NG (271121),Export,764,Thailand,6784980.337,Crisis
2024,Gaseous NG (271121),Export,826,United Kingdom,4159135913.64,Crisis
2024,Gaseous NG (271121),Export,842,United States of America,5314549641.0,Crisis
2024,Gaseous NG (271121),Export,860,Uzbekistan,630928053.0,Crisis
2024,Gaseous NG (271121),Import,24,Angola,192.838,Crisis
2024,Gaseous NG (271121),Import,31,Azerbaijan,86988382.27,Crisis
2024,Gaseous NG (271121),Import,32,Argentina,586038871.79,Crisis
2024,Gaseous NG (271121),Import,36,Australia,17667.708,Crisis
2024,Gaseous NG (271121),Import,51,Armenia,472292328.0,Crisis
2024,Gaseous NG (271121),Import,56,Belgium,11705283571.174,Crisis
2024,Gaseous NG (271121),Import,68,Bolivia,4604.0,Crisis
2024,Gaseous NG (271121),Import,70,Bosnia and Herzegovina,84453040.69,Crisis
2024,Gaseous NG (271121),Import,76,Brazil,1286962034.0,Crisis
2024,Gaseous NG (271121),Import,100,Bulgaria,750781074.725,Crisis
2024,Gaseous NG (271121),Import,124,Canada,1424885865.238,Crisis
2024,Gaseous NG (271121),Import,152,Chile,846252213.35,Crisis
2024,Gaseous NG (271121),Import,156,China,21160543901.0,Crisis
2024,Gaseous NG (271121),Import,170,Colombia,3607.11,Crisis
2024,Gaseous NG (271121),Import,191,Croatia,30533818.0,Crisis
2024,Gaseous NG (271121),Import,203,Czechia,2793014523.0,Crisis
2024,Gaseous NG (271121),Import,208,Denmark,508306113.897,Crisis
2024,Gaseous NG (271121),Import,233,Estonia,393722617.96999997,Crisis
2024,Gaseous NG (271121),Import,251,France and Monaco,14581836958.75,Crisis
2024,Gaseous NG (271121),Import,268,Georgia,399803675.0,Crisis
2024,Gaseous NG (271121),Import,276,Germany,18824370019.724,Crisis
2024,Gaseous NG (271121),Import,300,Greece,2519597980.065,Crisis
2024,Gaseous NG (271121),Import,328,Guyana,11831.117,Crisis
2024,Gaseous NG (271121),Import,344,China Hong Kong,2031309222.613,Crisis
2024,Gaseous NG (271121),Import,348,Hungary,3382970331.0,Crisis
2024,Gaseous NG (271121),Import,352,Iceland,196.987,Crisis
2024,Gaseous NG (271121),Import,372,Ireland,1582006719.417,Crisis
2024,Gaseous NG (271121),Import,376,Israel,8000.0,Crisis
2024,Gaseous NG (271121),Import,380,Italy,18536243853.278,Crisis
2024,Gaseous NG (271121),Import,392,Japan,3220.436,Crisis
2024,Gaseous NG (271121),Import,398,Kazakhstan,93582340.73,Crisis
2024,Gaseous NG (271121),Import,410,Republic of Korea,427.0,Crisis
2024,Gaseous NG (271121),Import,414,Kuwait,47018.0,Crisis
2024,Gaseous NG (271121),Import,417,Kyrgyzstan,88324247.0,Crisis
2024,Gaseous NG (271121),Import,428,Latvia,443410237.175,Crisis
2024,Gaseous NG (271121),Import,440,Lithuania,114149976.0,Crisis
2024,Gaseous NG (271121),Import,458,Malaysia,87360.131,Crisis
2024,Gaseous NG (271121),Import,470,Malta,22193.334,Crisis
2024,Gaseous NG (271121),Import,480,Mauritius,7459.97,Crisis
2024,Gaseous NG (271121),Import,484,Mexico,4705397166.0,Crisis
2024,Gaseous NG (271121),Import,498,Republic of Moldova,418926220.0,Crisis
2024,Gaseous NG (271121),Import,499,Montenegro,774431.446,Crisis
2024,Gaseous NG (271121),Import,504,Morocco,71448409.09,Crisis
2024,Gaseous NG (271121),Import,516,Namibia,25637.843000000004,Crisis
2024,Gaseous NG (271121),Import,528,Netherlands,1664514131.939,Crisis
2024,Gaseous NG (271121),Import,566,Nigeria,6381.672,Crisis
2024,Gaseous NG (271121),Import,586,Pakistan,1109.737,Crisis
2024,Gaseous NG (271121),Import,604,Peru,2212.77,Crisis
2024,Gaseous NG (271121),Import,608,Philippines,1041.0,Crisis
2024,Gaseous NG (271121),Import,620,Portugal,136938038.255,Crisis
2024,Gaseous NG (271121),Import,642,Romania,840179901.44,Crisis
2024,Gaseous NG (271121),Import,682,Saudi Arabia,72144.532,Crisis
2024,Gaseous NG (271121),Import,688,Serbia,1089108725.0,Crisis
2024,Gaseous NG (271121),Import,702,Singapore,2470424941.356,Crisis
2024,Gaseous NG (271121),Import,703,Slovakia,2716634413.804,Crisis
2024,Gaseous NG (271121),Import,705,Slovenia,301256990.299,Crisis
2024,Gaseous NG (271121),Import,710,South Africa,1708437.077,Crisis
2024,Gaseous NG (271121),Import,724,Spain,2866276105.361,Crisis
2024,Gaseous NG (271121),Import,752,Sweden,176025268.443,Crisis
2024,Gaseous NG (271121),Import,757,Switzerland,1489753868.164,Crisis
2024,Gaseous NG (271121),Import,764,Thailand,1835509867.774,Crisis
2024,Gaseous NG (271121),Import,768,Togo,342.295,Crisis
2024,Gaseous NG (271121),Import,780,Trinidad and Tobago,80744.223,Crisis
2024,Gaseous NG (271121),Import,804,Ukraine,36893604.48,Crisis
2024,Gaseous NG (271121),Import,807,North Macedonia,151189077.723,Crisis
2024,Gaseous NG (271121),Import,826,United Kingdom,12473731107.388,Crisis
2024,Gaseous NG (271121),Import,842,United States of America,6199296140.0,Crisis
2024,Gaseous NG (271121),Import,854,Burkina Faso,13382.538,Crisis
2024,Gaseous NG (271121),Import,860,Uzbekistan,1604028336.96,Crisis
2024,LNG (271111),Export,24,Angola,870080193.627,Crisis
2024,LNG (271111),Export,36,Australia,44485060540.376,Crisis
2024,LNG (271111),Export,56,Belgium,17490786.408,Crisis
2024,LNG (271111),Export,70,Bosnia and Herzegovina,667087.395,Crisis
2024,LNG (271111),Export,76,Brazil,5139.0,Crisis
2024,LNG (271111),Export,152,Chile,20717832.48,Crisis
2024,LNG (271111),Export,156,China,482123906.0,Crisis
2024,LNG (271111),Export,191,Croatia,2338217.0,Crisis
2024,LNG (271111),Export,203,Czechia,19.0,Crisis
2024,LNG (271111),Export,214,Dominican Republic,204781.054,Crisis
2024,LNG (271111),Export,233,Estonia,7353360.4799999995,Crisis
2024,LNG (271111),Export,242,Fiji,529.614,Crisis
2024,LNG (271111),Export,246,Finland,36221190.147,Crisis
2024,LNG (271111),Export,251,France and Monaco,38151156.42,Crisis
2024,LNG (271111),Export,276,Germany,12013683.101,Crisis
2024,LNG (271111),Export,300,Greece,2921730.665,Crisis
2024,LNG (271111),Export,328,Guyana,163963.717,Crisis
2024,LNG (271111),Export,360,Indonesia,6741188252.91,Crisis
2024,LNG (271111),Export,372,Ireland,181211.549,Crisis
2024,LNG (271111),Export,380,Italy,33145951.394,Crisis
2024,LNG (271111),Export,410,Republic of Korea,10478352.0,Crisis
2024,LNG (271111),Export,440,Lithuania,98857477.0,Crisis
2024,LNG (271111),Export,442,Luxembourg,161.651,Crisis
2024,LNG (271111),Export,458,Malaysia,13300935928.21,Crisis
2024,LNG (271111),Export,516,Namibia,84668.022,Crisis
2024,LNG (271111),Export,528,Netherlands,250626917.012,Crisis
2024,LNG (271111),Export,554,New Zealand,3164.044,Crisis
2024,LNG (271111),Export,566,Nigeria,4870646722.6779995,Crisis
2024,LNG (271111),Export,579,Norway,2220054524.216,Crisis
2024,LNG (271111),Export,604,Peru,1324813259.15,Crisis
2024,LNG (271111),Export,682,Saudi Arabia,1711038550.5570002,Crisis
2024,LNG (271111),Export,699,India,4451823.871,Crisis
2024,LNG (271111),Export,702,Singapore,180290024.901,Crisis
2024,LNG (271111),Export,703,Slovakia,3205000.28,Crisis
2024,LNG (271111),Export,710,South Africa,13836652.621,Crisis
2024,LNG (271111),Export,724,Spain,499101500.277,Crisis
2024,LNG (271111),Export,752,Sweden,31064667.415,Crisis
2024,LNG (271111),Export,757,Switzerland,14245.877,Crisis
2024,LNG (271111),Export,764,Thailand,1373981.884,Crisis
2024,LNG (271111),Export,780,Trinidad and Tobago,368390693.82,Crisis
2024,LNG (271111),Export,818,Egypt,313820000.0,Crisis
2024,LNG (271111),Export,826,United Kingdom,108533.314,Crisis
2024,LNG (271111),Export,842,United States of America,28900889054.0,Crisis
2024,LNG (271111),Import,20,Andorra,345367.717,Crisis
2024,LNG (271111),Import,24,Angola,14380.644,Crisis
2024,LNG (271111),Import,28,Antigua and Barbuda,619191.636,Crisis
2024,LNG (271111),Import,32,Argentina,675501161.77,Crisis
2024,LNG (271111),Import,36,Australia,18406.811999999998,Crisis
2024,LNG (271111),Import,52,Barbados,11148062.5,Crisis
2024,LNG (271111),Import,56,Belgium,2851422324.83,Crisis
2024,LNG (271111),Import,70,Bosnia and Herzegovina,134026.764,Crisis
2024,LNG (271111),Import,76,Brazil,2213190106.0,Crisis
2024,LNG (271111),Import,100,Bulgaria,179715.95799999998,Crisis
2024,LNG (271111),Import,124,Canada,243524377.39699998,Crisis
2024,LNG (271111),Import,152,Chile,733080540.11,Crisis
2024,LNG (271111),Import,156,China,44057222716.0,Crisis
2024,LNG (271111),Import,170,Colombia,121338776.64,Crisis
2024,LNG (271111),Import,191,Croatia,974224425.0,Crisis
2024,LNG (271111),Import,203,Czechia,15079259.0,Crisis
2024,LNG (271111),Import,208,Denmark,721717.331,Crisis
2024,LNG (271111),Import,214,Dominican Republic,790127278.6800001,Crisis
2024,LNG (271111),Import,218,Ecuador,48478.420000000006,Crisis
2024,LNG (271111),Import,222,El Salvador,181482442.9,Crisis
2024,LNG (271111),Import,233,Estonia,15129478.73,Crisis
2024,LNG (271111),Import,246,Finland,895733656.117,Crisis
2024,LNG (271111),Import,251,France and Monaco,10895224345.623,Crisis
2024,LNG (271111),Import,268,Georgia,86446.895,Crisis
2024,LNG (271111),Import,276,Germany,2936565951.548,Crisis
2024,LNG (271111),Import,300,Greece,1243986467.8,Crisis
2024,LNG (271111),Import,308,Grenada,340.833,Crisis
2024,LNG (271111),Import,328,Guyana,674549.895,Crisis
2024,LNG (271111),Import,344,China Hong Kong,344641810.399,Crisis
2024,LNG (271111),Import,348,Hungary,266701.0,Crisis
2024,LNG (271111),Import,352,Iceland,855.4,Crisis
2024,LNG (271111),Import,372,Ireland,205380959.48099998,Crisis
2024,LNG (271111),Import,380,Italy,5454503368.905,Crisis
2024,LNG (271111),Import,392,Japan,41276614138.137,Crisis
2024,LNG (271111),Import,398,Kazakhstan,66724.84,Crisis
2024,LNG (271111),Import,410,Republic of Korea,29272042859.0,Crisis
2024,LNG (271111),Import,428,Latvia,1832647.3,Crisis
2024,LNG (271111),Import,440,Lithuania,1015736718.0,Crisis
2024,LNG (271111),Import,442,Luxembourg,561849.084,Crisis
2024,LNG (271111),Import,454,Malawi,147179.95,Crisis
2024,LNG (271111),Import,458,Malaysia,2190672504.426,Crisis
2024,LNG (271111),Import,470,Malta,133776658.846,Crisis
2024,LNG (271111),Import,484,Mexico,929549.0,Crisis
2024,LNG (271111),Import,499,Montenegro,1141146.534,Crisis
2024,LNG (271111),Import,516,Namibia,3356166.637,Crisis
2024,LNG (271111),Import,528,Netherlands,8818516671.835,Crisis
2024,LNG (271111),Import,554,New Zealand,22877.129999999997,Crisis
2024,LNG (271111),Import,566,Nigeria,12950.306,Crisis
2024,LNG (271111),Import,579,Norway,33384478.482,Crisis
2024,LNG (271111),Import,586,Pakistan,3980411809.755,Crisis
2024,LNG (271111),Import,591,Panama,23420.0,Crisis
2024,LNG (271111),Import,600,Paraguay,25.302,Crisis
2024,LNG (271111),Import,604,Peru,4077.85,Crisis
2024,LNG (271111),Import,608,Philippines,767725715.0,Crisis
2024,LNG (271111),Import,620,Portugal,1334787724.418,Crisis
2024,LNG (271111),Import,682,Saudi Arabia,207270.128,Crisis
2024,LNG (271111),Import,688,Serbia,486850.0,Crisis
2024,LNG (271111),Import,699,India,15219213493.629,Crisis
2024,LNG (271111),Import,702,Singapore,3483098811.814,Crisis
2024,LNG (271111),Import,703,Slovakia,20181565.564,Crisis
2024,LNG (271111),Import,705,Slovenia,308074.618,Crisis
2024,LNG (271111),Import,710,South Africa,413642261.075,Crisis
2024,LNG (271111),Import,716,Zimbabwe,43215.799999999996,Crisis
2024,LNG (271111),Import,724,Spain,6154948006.018,Crisis
2024,LNG (271111),Import,752,Sweden,217940282.076,Crisis
2024,LNG (271111),Import,757,Switzerland,3382375.985,Crisis
2024,LNG (271111),Import,764,Thailand,6682339507.743,Crisis
2024,LNG (271111),Import,768,Togo,53128196.025,Crisis
2024,LNG (271111),Import,780,Trinidad and Tobago,36156.407,Crisis
2024,LNG (271111),Import,807,North Macedonia,3486463.068,Crisis
2024,LNG (271111),Import,818,Egypt,4900650000.0,Crisis
2024,LNG (271111),Import,826,United Kingdom,4366109307.924,Crisis
2024,LNG (271111),Import,842,United States of America,988426376.0,Crisis
2024,LNG (271111),Import,854,Burkina Faso,164.8,Crisis
